:10000000C0640020793F0100F11202004D3F010061
:100010004D3F01004D3F01004D3F01000000000039
:10002000000000000000000000000000ED370100AB
:100030004D3F010000000000893701004D3F0100E5
:10004000A93801005F2F0200A9380100A93801007A
:10005000A9380100A9380100A9380100A938010018
:10006000152F0200A9380100A9380100492F02000C
:10007000A9380100A9380100A9380100A9380100F8
:10008000A9380100A9380100A9380100A9380100E8
:10009000A9380100A9380100A9380100A9380100D8
:1000A000A9380100A9380100A9380100A9380100C8
:1000B000A9380100A9380100A9380100A9380100B8
:1000C000A9380100A9380100A9380100A9380100A8
:0C00D000A9380100A9380100A93801007E
:0400DC00FFFFFFFF24
:1000E0004FF0FF0C1CEAD0521EBF1CEAD15392EA1B
:1000F0000C0F93EA0C0F6FD01A4480EA010C4002F7
:1001000018BF5FEA41211ED04FF0006343EA501050
:1001100043EA5111A0FB01310CF00040B1F5000F92
:100120003EBF490041EAD3715B0040EA010062F141
:100130007F02FD2A1DD8B3F1004F40EBC25008BF2B
:1001400020F00100704790F0000F0CF0004C08BF49
:1001500049024CEA502040EA51207F3AC2BFD2F116
:10016000FF0340EAC250704740F400004FF0000324
:10017000013A5DDC12F1190FDCBF00F0004070475E
:10018000C2F10002410021FA02F1C2F1200200FA9C
:1001900002FC5FEA310040F1000053EA4C0308BF63
:1001A00020EADC70704792F0000F00F0004C02BFB4
:1001B000400010F4000F013AF9D040EA0C0093F02F
:1001C000000F01F0004C02BF490011F4000F013B89
:1001D000F9D041EA0C018FE70CEAD15392EA0C0FF7
:1001E00018BF93EA0C0F0AD030F0004C18BF31F062
:1001F000004CD8D180EA010000F00040704790F038
:10020000000F17BF90F0004F084691F0000F91F0DB
:10021000004F14D092EA0C0F01D142020FD193EAA1
:100220000C0F03D14B0218BF084608D180EA010029
:1002300000F0004040F0FE4040F40000704740F005
:10024000FE4040F44000704781F0004102E000BFF2
:1002500083F0004330B54FEA41044FEA430594EA86
:10026000050F08BF90EA020F1FBF54EA000C55EAC1
:10027000020C7FEA645C7FEA655C00F0E2804FEA92
:100280005454D4EB5555B8BF6D420CDD2C4480EA74
:10029000020281EA030382EA000083EA010180EAA4
:1002A000020281EA0303362D88BF30BD11F0004FF2
:1002B0004FEA01314FF4801C4CEA113102D0404228
:1002C00061EB410113F0004F4FEA03334CEA133363
:1002D00002D0524263EB430394EA050F00F0A7807B
:1002E000A4F10104D5F1200E0DDB02FA0EFC22FA76
:1002F00005F2801841F1000103FA0EF2801843FA6A
:1003000005F359410EE0A5F120050EF1200E012A5A
:1003100003FA0EFC28BF4CF0020C43FA05F3C01898
:1003200051EBE37101F0004507D54FF0000EDCF111
:10033000000C7EEB00006EEB0101B1F5801F1BD3BA
:10034000B1F5001F0CD349085FEA30004FEA3C0CBE
:1003500004F101044FEA445212F5800F80F09A80B4
:10036000BCF1004F08BF5FEA500C50F1000041EBB8
:10037000045141EA050130BD5FEA4C0C404141EBBC
:100380000101013C28BFB1F5801FE9D291F0000FB7
:1003900004BF01460020B1FA81F308BF2033A3F166
:1003A0000B03B3F120020CDA0C3208DD02F1140C5D
:1003B000C2F10C0201FA0CF021FA02F10CE002F198
:1003C0001402D8BFC2F1200C01FA02F120FA0CFC91
:1003D000DCBF41EA0C019040E41AA2BF01EB0451DA
:1003E000294330BD6FEA04041F3C1CDA0C340EDCD8
:1003F00004F11404C4F1200220FA04F001FA02F31B
:1004000040EA030021FA04F345EA030130BDC4F1D8
:100410000C04C4F1200220FA02F001FA04F340EACD
:100420000300294630BD21FA04F0294630BD94F07E
:10043000000F83F4801306BF81F480110134013D65
:100440004EE77FEA645C18BF7FEA655C29D094EAD6
:10045000050F08BF90EA020F05D054EA000C04BF54
:100460001946104630BD91EA030F1EBF002100203F
:1004700030BD5FEA545C05D14000494128BF41F0DE
:10048000004130BD14F580043CBF01F5801130BD42
:1004900001F0004545F0FE4141F470014FF00000CD
:1004A00030BD7FEA645C1ABF194610467FEA655C7E
:1004B0001CBF0B46024650EA013406BF52EA033520
:1004C00091EA030F41F4002130BD00BF90F0000F0E
:1004D00004BF0021704730B54FF4806404F132044A
:1004E0004FF000054FF0000150E700BF90F0000F03
:1004F00004BF0021704730B54FF4806404F132042A
:1005000010F0004548BF40424FF000013EE700BFF9
:1005100042004FEAE2014FEA31014FEA02701FBF89
:1005200012F07F4393F07F4F81F06051704732F0BB
:100530007F4208BF704793F07F4F04BF41F4002112
:10054000704730B54FF4607401F0004521F0004170
:100550001CE700BF50EA010208BF704730B54FF0FA
:1005600000050AE050EA010208BF704730B511F0FB
:10057000004502D5404261EB41014FF4806404F133
:1005800032045FEA915C3FF4D8AE4FF003025FEAB9
:10059000DC0C18BF03325FEADC0C18BF033202EB3D
:1005A000DC02C2F1200300FA03FC20FA02F001FA97
:1005B00003FE40EA0E0021FA02F11444BDE600BF3A
:1005C00070B54FF0FF0C4CF4E06C1CEA11541DBFE9
:1005D0001CEA135594EA0C0F95EA0C0F00F0DEF8B4
:1005E0002C4481EA030621EA4C5123EA4C5350EA99
:1005F000013518BF52EA033541F4801143F48013EA
:1006000038D0A0FB02CE4FF00005E1FB02E506F07A
:100610000042E0FB03E54FF00006E1FB03569CF0CF
:10062000000F18BF4EF0010EA4F1FF04B6F5007FD5
:1006300064F5407404D25FEA4E0E6D4146EB060647
:1006400042EAC62141EA55514FEAC52040EA5E50D0
:100650004FEACE2EB4F1FD0C88BFBCF5E06F1ED87A
:10066000BEF1004F08BF5FEA500E50F1000041EBB1
:10067000045170BD06F0004646EA010140EA02005E
:1006800081EA0301B4EB5C04C2BFD4EB0C0541EA80
:10069000045170BD41F480114FF0000E013C00F395
:1006A000AB8014F1360FDEBF002001F0004170BDB9
:1006B000C4F10004203C35DA0C341BDC04F11404D2
:1006C000C4F1200500FA05F320FA04F001FA05F25E
:1006D00040EA020001F0004221F0004110EBD3702B
:1006E00021FA04F642EB06015EEA430E08BF20EA57
:1006F000D37070BDC4F10C04C4F1200500FA04F3FA
:1007000020FA05F001FA04F240EA020001F000418B
:1007100010EBD37041F100015EEA430E08BF20EAFE
:10072000D37070BDC4F1200500FA05F24EEA020E46
:1007300020FA04F301FA05F243EA020321FA04F075
:1007400001F0004121FA04F220EA020000EBD3702C
:100750005EEA430E08BF20EAD37070BD94F0000F2C
:100760000FD101F00046400041EB010111F4801F60
:1007700008BF013CF7D041EA060195F0000F18BF11
:10078000704703F00046520043EB030313F4801F4D
:1007900008BF013DF7D043EA0603704794EA0C0F07
:1007A0000CEA135518BF95EA0C0F0CD050EA41061D
:1007B00018BF52EA4306D1D181EA030101F000419A
:1007C0004FF0000070BD50EA410606BF10461946C2
:1007D00052EA430619D094EA0C0F02D150EA0136CE
:1007E00013D195EA0C0F05D152EA03361CBF10460F
:1007F00019460AD181EA030101F0004141F0FE41AE
:1008000041F470014FF0000070BD41F0FE4141F431
:10081000780170BD70B54FF0FF0C4CF4E06C1CEA31
:1008200011541DBF1CEA135594EA0C0F95EA0C0FE6
:1008300000F0A7F8A4EB050481EA030E52EA0335A1
:100840004FEA013100F088804FEA03334FF08055C2
:1008500045EA131343EA12634FEA022245EA1115EF
:1008600045EA10654FEA00260EF000419D4208BFA0
:10087000964244F1FD0404F5407402D25B084FEA4D
:100880003202B61A65EB03055B084FEA32024FF4F9
:1008900080104FF4002CB6EB020E75EB030E22BF56
:1008A000B61A754640EA0C005B084FEA3202B6EB16
:1008B000020E75EB030E22BFB61A754640EA5C00C5
:1008C0005B084FEA3202B6EB020E75EB030E22BF55
:1008D000B61A754640EA9C005B084FEA3202B6EB56
:1008E000020E75EB030E22BFB61A754640EADC0015
:1008F00055EA060E18D04FEA051545EA16754FEA77
:1009000006164FEAC30343EA52734FEAC2025FEA94
:100910001C1CC0D111F4801F0BD141EA00014FF023
:1009200000004FF0004CB6E711F4801F04BF0143F4
:100930000020B4F1FD0C88BFBCF5E06F3FF6AFAE10
:10094000B5EB030C04BFB6EB020C5FEA500C50F1A0
:10095000000041EB045170BD0EF0004E4EEA113123
:1009600014EB5C04C2BFD4EB0C0541EA045170BD2A
:1009700041F480114FF0000E013C90E645EA060E6E
:100980008DE60CEA135594EA0C0F08BF95EA0C0F9C
:100990003FF43BAF94EA0C0F0AD150EA01347FF4E4
:1009A00034AF95EA0C0F7FF425AF104619462CE7BB
:1009B00095EA0C0F06D152EA03353FF4FDAE10461E
:1009C000194622E750EA410618BF52EA43067FF46F
:1009D000C5AE50EA41047FF40DAF52EA43057FF4FF
:1009E000EBAE12E74FEA410212F5001215D211D513
:1009F0006FF47873B3EB625212D94FEAC12343F01C
:100A0000004343EA505311F0004F23FA02F018BF9D
:100A1000404270474FF00000704750EA013005D166
:100A200011F0004008BF6FF0004070474FF0000029
:100A3000704700BF80F0004002E000BF81F000413D
:100A400042001FBF5FEA410392EA030F7FEA226C74
:100A50007FEA236C6AD04FEA1262D2EB1363C1BF04
:100A6000D218414048404140B8BF5B42192B88BF73
:100A7000704710F0004F40F4000020F07F4018BF96
:100A8000404211F0004F41F4000121F07F4118BFB6
:100A9000494292EA030F3FD0A2F1010241FA03FC5E
:100AA00010EB0C00C3F1200301FA03F100F0004346
:100AB00002D5494260EB4000B0F5000F13D3B0F10E
:100AC000807F06D340084FEA310102F10102FE2A7D
:100AD00051D2B1F1004F40EBC25008BF20F00100ED
:100AE00040EA03007047490040EB0000013A28BF8C
:100AF000B0F5000FEDD2B0FA80FCACF1080CB2EB0F
:100B00000C0200FA0CF0AABF00EBC250524218438C
:100B1000BCBFD0401843704792F0000F81F4000131
:100B200006BF80F400000132013BB5E74FEA410304
:100B30007FEA226C18BF7FEA236C21D092EA030F70
:100B400004D092F0000F08BF0846704790EA010FEA
:100B50001CBF0020704712F07F4F04D1400028BF17
:100B600040F00040704712F100723CBF00F50000F9
:100B7000704700F0004343F0FE4040F4000070472F
:100B80007FEA226216BF08467FEA236301464202DB
:100B900006BF5FEA412390EA010F40F480007047EE
:100BA0004FF0000304E000BF10F0004348BF404294
:100BB0005FEA000C08BF704743F0964301464FF0D0
:100BC00000001CE050EA010208BF70474FF000032C
:100BD0000AE000BF50EA010208BF704711F000436D
:100BE00002D5404261EB41015FEA010C02BF84463D
:100BF0000146002043F0B64308BFA3F18053A3F59C
:100C00000003BCFA8CF2083AA3EBC25310DB01FAE2
:100C100002FC634400FA02FCC2F12002BCF1004F66
:100C200020FA02F243EB020008BF20F001007047F7
:100C300002F1200201FA02FCC2F1200250EA4C004B
:100C400021FA02F243EB020008BF20EADC70704791
:100C500053B94AB9002908BF00281CBF4FF0FF3123
:100C60004FF0FF3000F00CB8ADF1080C6DE904CE88
:100C70000BF0DAFEDDF804E0DDE9022304B0704792
:100C8000704700BF2DE9F00791E8F807B2E80210BD
:100C90005B1854EB0C04B2E802104D4156EB0C0605
:100CA000B2E802104F4158EB0C08B2E8021059EBC1
:100CB00001095AEB0C0A80E8F80780410130BDE8D1
:100CC000F00770472DE9F00791E8F807B2E8021045
:100CD0005B1A74EB0C04B2E802108D4176EB0C0643
:100CE000B2E802108F4178EB0C08B2E8021079EB01
:100CF00001097AEB0C0A80E8F80780414042BDE820
:100D0000F00770472DE9F007524290E87800B1E80B
:100D100080071740DB1918EA020854EB080419EAA7
:100D2000020955EB09051AEA020A56EB0A0678C0D1
:100D300090E87800B1E8800717407B4118EA020884
:100D400054EB080419EA020955EB09051AEA020AEC
:100D500056EB0A0678C080410130BDE8F0077047C5
:100D60002DE9F007524290E87800B1E8800717407B
:100D7000DB1B18EA020874EB080419EA020975EB98
:100D800009051AEA020A76EB0A0678C090E87800AC
:100D9000B1E880071740BB4118EA020874EB080469
:100DA00019EA020975EB09051AEA020A76EB0A0646
:100DB00078C080414042BDE8F00770472DE9F0015E
:100DC00052424FF0040890E8300091E8C000A31BA5
:100DD0001340E41AF618EB1B1340ED1AFF1830C04D
:100DE000C0C1B8F10108EED1BDE8F001704700BF05
:100DF00000B592E8DC072DE9DC07B1E8805702B4C2
:100E0000A7FB02510A95A8FB020BE7FB6310E9FB65
:100E100062B00B91A8FB0351EAFB6201E7FB64B5EA
:100E2000E7FB6605E8FB6615CDF830B0A9FB03B615
:100E3000EAFB6316ECFB6356E8FB640BE9FB641BFF
:100E4000EAFB645BECFB646B0D90ACFB0230059C31
:100E5000EEFB6250E9FB6460EAFB64B0E7FB6431DF
:100E6000E8FB6451069CE8FB6461E9FB64B1EAFBC2
:100E700064010E93A7FB0432079CE7FB6462E8FB66
:100E800064B2E9FB6402EAFB6412049CE9FB64536C
:100E9000EAFB6463089CE7FB64B3E8FB6403E9FBDB
:100EA0006413EAFB64230F955DF8049B99E8000640
:100EB000DDF80080A9FB0854EAFB68B4DDF8108077
:100EC000ECFB6804EEFB6814E9FB6824EAFB683479
:100ED000DDF80480EEFB6865E9FB68B5EAFB6805B0
:100EE000DDF81480ECFB6815EEFB6825E9FB68353E
:100EF000EAFB68450F96DDF80880AEFB0876E9FB53
:100F00006806EAFB6816DDF81880ECFB6826EEFB45
:100F10006836E9FB6846EAFB6856DDF80C80ECFBB6
:100F200068B7EEFB6807E9FB6817EAFB6827DDF89E
:100F30001C80ECFB6837EEFB6847E9FB6857EAFB6F
:100F4000686708B000BD00BF2DE9F14F87B0FFF71B
:100F50004FFFDDF81C8008F1200888E8FF00FFBC87
:100F600087E87F08BDE8F08F00B591E89857A3FBAC
:100F700003520195A3FB0401E3FB6420E3FB67102C
:100F80000292A3FB0752E3FB6802E4FB6415E3FB58
:100F90006805E3FB69250391A4FB07B6E3FB69261B
:100FA000E3FB6A56E4FB670BE4FB682BE3FB6A5B3D
:100FB000E3FB6C6B0490A4FB0810E4FB6950E3FBBB
:100FC0006C60E3FB6EB0E7FB6721E4FB6951E4FB77
:100FD0006A61E3FB6EB1E4FB6E010592A7FB083288
:100FE000E4FB6A62E4FB6CB2E4FB6E02E7FB6E12A8
:100FF000E7FB6853E7FB6963E4FB6CB3E7FB6C0357
:10100000E7FB6E13E8FB6E230695A7FB0954E7FB8D
:101010006AB4E7FB6C04E8FB6C14E8FB6E24E9FBA4
:101020006E34E8FB6865E7FB6AB5E8FB6A05E8FB38
:101030006C15E9FB6C25E9FB6E35EAFB6E450796FE
:10104000A8FB0976E8FB6A06E9FB6A16E9FB6C2651
:10105000EAFB6C36EAFB6E46ECFB6E56E8FB69B7C2
:10106000E9FB6907E9FB6A17EAFB6A27EAFB6C37C9
:10107000ECFB6C47ECFB6E57EEFB6E6700BD00BFF0
:101080002DE9F14F87B0FFF76FFFDDF81C8008F105
:10109000200888E8FF00FFBC87E87F08BDE8F08FE4
:1010A00030B44FF0000310F8014B11F8015B013A26
:1010B00084EA050443EA0403F5D1A3F101034FEAEE
:1010C000D37030BC704700BF4FF0000310F8012B05
:1010D000013943EA0203F9D1A3F101034FEAD370C6
:1010E000704700BF30B411F8014B12F8015B6C403F
:1010F00000F8014B013BF6D130BC70472DE9F007F9
:1011000091E8F807B2E802105B1854EB0C04B2E85F
:1011100002104D4156EB0C06B2E802104F4158EB5D
:101120000C08B2E8021059EB01095AEB0C0A89418C
:10113000B3F1FF3374F1FF3475F1FF3576F100063A
:1011400077F1000778F1000879F101097AF1FF3AA7
:1011500051F100015B184C414D4156F1000657F129
:10116000000758F1000859EBD1795AEB010A80E8E1
:10117000F807BDE8F00770472DE9F00791E8F80798
:10118000B2E802105B1A74EB0C04B2E802108D4155
:1011900076EB0C06B2E802108F4178EB0C08B2E84F
:1011A000021079EB01097AEB0C0A89415B184C417A
:1011B0004D4156F1000657F1000758F1000859EB70
:1011C000D1795AEB010A80E8F807BDE8F0077047CB
:1011D00018EB040859EB05095AEB060A5BEB070B01
:1011E0005FF0000C4CF1000C18EB050859EB0609F8
:1011F0005AEB070A5BEB070B50EB0C005FF0000C9F
:1012000051EB0C0152EB0C0263414CF1000CB8EBBA
:10121000070879F100097AF1000A7BEB040BA84179
:10122000B141A241B3416CF1000CBBEB050BB041E5
:10123000B941AA41BB416CF1000C4CF001068CF0A5
:10124000020718EB060859EB6C095AEB6C0A7BEBAA
:101250006C0B70EB6C0471EB6C0572EB670653EB77
:101260006C076CEB6C0C18EB0C0059EB0C015AEB97
:101270000C025BF1000354F1000455F1000556EB3C
:10128000DC7657EB0C0770472DE9F14F87B0FFF77D
:10129000AFFDDDF81080DDF81490DDF818A0FFF741
:1012A00097FFBDE8000FFFF793FF03B05DF8048BD5
:1012B00088E8FF00BDE8F08F2DE9F14F87B0FFF718
:1012C00053FEDDF81080DDF81490DDF818A0FFF76C
:1012D0007FFFBDE8000FFFF77BFF03B05DF8048BD5
:1012E00088E8FF00BDE8F08F0EB51048017A8DF850
:1012F0000110C1798DF800108179ADF804104079A2
:10130000ADF80200684605F059FF08B1B32108E0C6
:1013100007480068029002A80EF074FD002803D070
:10132000B721032000F0D4F80EBD0000B410002057
:10133000D815000010B528B1142204490FF0D6FCCE
:10134000002010BD6FF0150010BD0000F815000062
:1013500070B56FF02C05D0BB204C607808B1A81197
:1013600070BD09B36FF01500002AF9D01C4B891E1F
:1013700006292DD2DFE801F00306162C191C10787F
:10138000587019E091780029EAD0D1780029E7D087
:1013900011781B29E4D351781B29E1D31068C3F8D5
:1013A000050009E01078987006E01088588103E085
:1013B0001188FF29D4D819730122094900200BF0A4
:1013C00083FCB0F5803F05DB6FF00B0070BDFFE7DD
:1013D0002846FBE70121A170F8E70000200000206B
:1013E000B410002010B5064C607820B106F07EF9EC
:1013F00020780BF099FA00F04FFE0020607010BDCD
:101400002000002070B50C46050002D00CB160072A
:1014100002D06FF0150070BD00F004F9A8B12846A5
:101420000BF048FA0A4D00220A49287020460BF0BA
:101430004BFC0FF036FA0021287806F041F9FFF74F
:1014400053FF01206870002070BD4FF0FF3070BD69
:1014500020000020B410002030B589B004000CD06A
:101460000BF0D0F94FF0FF3520B10AF06FFBB0F56B
:10147000FA7F05D9284609B030BD6FF01500FAE7AC
:101480000F4D10486C6000F081F900206870A87062
:1014900001461E2268460FF0A3FC1E220A49684638
:1014A0000FF024FC1E22694608480FF01FFCEFF3E2
:1014B000108472B600F0FEFD04B962B60020DAE7CF
:1014C00020000020E9120000DA150000B41000200E
:1014D0000EB572B6154A5568DDB1002203466E4658
:1014E0000A2403E0B0FBF4F0521CD2B20028F9D178
:1014F000B0540AE0D8B2B0FBF4F7B3FBF4F304FB4A
:101500001700521ED2B23030B054002AF2D1304609
:10151000A847BFF34F8F06480168064A01F4E0610F
:1015200011430160BFF34F8F00BFFDE72000002093
:101530000CED00E00400FA05064810B5817840780B
:10154000014302D04FF0FF3010BD06F0DFF800205D
:1015500010BD000020000020064810B581784078BA
:10156000014302D04FF0FF3010BD05F063FF0020B3
:1015700010BD000020000020064810B5817840789A
:10158000014302D04FF0FF3010BD0EF0DDFD002012
:1015900010BD000020000020064810B5817840787A
:1015A000014302D04FF0FF3010BD06F0C1F800201B
:1015B00010BD000020000020064810B5817840785A
:1015C000014302D04FF0FF3010BD0EF0D3FD0020DC
:1015D00010BD000020000020010000010100001BE0
:1015E0001B0302001F0008000000000000000000B4
:1015F0000000000000000000C593BAA9144D8D053D
:10160000304E9B92D7711EE8AA02503C014A5268A4
:1016100010470000D00F0020014A926810470000D8
:10162000D00F00200448416819B1806808B101203A
:101630007047002070470000D00F002002490DC8FD
:1016400081E80D0000207047D00F00207CB5214EAE
:101650000546001D30601F4801F0A6FE0446022822
:1016600004D0042C07D0082C2DD030E0194928468E
:101670000BF0CEFB2BE03078072804D105213E206B
:101680000BF09CFB50B1134928460BF026FCB0F53B
:10169000817F0FD372210820FFF71AFFB6F80300ED
:1016A000ADF8000001A968460BF0D7FD0028D2D0A4
:1016B0005321F0E70028CED0A97828780BF07EFBE4
:1016C0000028C8D003E0034928460BF0CFFB204692
:1016D0007CBD0000DC0F0020402803D2401EC1B2B8
:1016E000054805E0FF2805D04038C1B2024808305F
:1016F0000BF04CBD0120704728000020401EC1B2F5
:1017000001480BF043BD0000380000200249026888
:101710000A61406848617047280000200549026856
:101720000A60406842F48C220A60034A1043486011
:101730007047000028000020F807400202490268B4
:101740008A604068C86070472800002007484FF052
:10175000FF3100220160C90C416000F108011F2027
:101760000A604A600831C1E9000270472800002081
:1017700010B5FFF7EBFF0EF05DFC04460248006871
:1017800000B18047204610BD40000020014908609C
:1017900070470000400000202DE9F04104464FF062
:1017A0008050D0F8A0701F4D1E4E103D1022002119
:1017B00020460FF015FB1022002104F110000FF05D
:1017C0000FFB2868401C08D16868401C05D1A86838
:1017D000401C02D1E868401C07D028686A68A968E4
:1017E000EB6820616261A161E361002000F0B4FD5B
:1017F0008743F80713D13068401C08D17068401C3B
:1018000005D1B068401C02D1F068401C07D0326896
:101810007068B168F36822606060A160E3600020D6
:10182000BDE8F0819000001038B54FF080510446BB
:101830002248D1F8A010214D0268143D521C04D159
:101840004268D2431204120C35D0C90733D0016864
:101850004068ADF80000C4F80110BDF80000A4F81D
:101860000500A07940F0C000A0712868401C0CD091
:101870006868401C09D0A868401C06D0E868401C75
:1018800003D0002000F068FD40B110220021E01DCF
:101890000FF0A6FA01202070002038BD2A68696880
:1018A000A868EB68C4F80720C4F80B10C4F80F0050
:1018B000C4F81330EEE70020EDE70000A4000010AC
:1018C00002210180418000210171C52141714BF647
:1018D0009321C1800149816000207047A9144D8D7A
:1018E0002DE9F041114D012055F82030D3B11E797A
:1018F000FF2E13D00022411E13D400BF55F8214003
:1019000024B12779B74201D1A4782244491EF5D5E4
:10191000FF2A06D9FA211720FFF7DAFD00211971F5
:1019200000E01A71401EDFD5BDE8F08150000020B4
:1019300030B503464FEA020003EB400464898C4251
:1019400009D09C78401CB0FBF4F504FB1500C0B234
:101950009042F1D1FF2030BD1CB504460022104654
:1019600064F31740CDE900200BE000BFBDF8040090
:10197000214600F001F920B140F2D7211720FFF7EE
:10198000A7FD684600F0A8F80028EFD01CBD0000B5
:1019900070B50546194850F8214064B3B5F5706F2D
:1019A00004D340F27E211720FFF792FD29462046FE
:1019B0000BF0F4FE0146FF2804D02046BDE870403D
:1019C0000BF000BFA078B5FBF0F100FB1150C6B2E0
:1019D00032464FF6F0712046FFF7AAFF0246FF2875
:1019E00009D0B24201D00020E07029462046BDE86F
:1019F00070400BF0CDBE002070BD000050000020F4
:101A0000084A10B552F82140014620460BF0C6FEA8
:101A10000146FF2804D02046BDE810400BF0D2BE9E
:101A2000002010BD500000202DE9FF410400184E99
:101A30000D4603942AD03078022802D00020FFF708
:101A4000F3FF03A800F0BCF8124F2B78D7E9001081
:101A5000BA6863F31F60CDE9001002926946002066
:101A600000F0D2F8D7E903106B787A6963F31F604E
:101A7000CDE9001002926946012000F0C5F800F09F
:101A80000BF8706804B0001BBDE8F0810020D9E7B6
:101A900044000020D81C000010B50E4C207801280E
:101AA00013D0032802D04FF4A37105E0D4E901015B
:101AB000814204D040F249111720FFF709FDFFF7DA
:101AC0000FFF04202070002010BD022020706068ED
:101AD00010BD00004400002010B5044680790E4976
:101AE00051F82000A8B14FF6F073E1798278914265
:101AF0000FD24A1CE27100EB410252899A42F4D0A3
:101B000000EB41025289A2800BF05CFE20600020B5
:101B100010BD022010BD0000500000202DE9F04152
:101B200007464FF6FF703880124850F82140ECB15C
:101B3000A5782079B0FBF5F105FB110632464FF68A
:101B4000F0712046FFF7F4FE0246FF280ED0A81BD6
:101B50001044B0FBF5F105FB11002179084481B276
:101B600039802046BDE8F0410BF012BE0020BDE8F0
:101B7000F0810000500000202DE9F04106460F489A
:101B800050F82150314628460BF008FE0446FF2845
:101B900012D0D5F8060021464FEA304728460BF010
:101BA00011FE01463046B84705EB44014FF6F07090
:101BB00048810020BDE8F0810320FBE750000020B1
:101BC00010B510490023B8B10A78022A02D04FF4A8
:101BD000837106E003220A700268540704D040F2C1
:101BE0000B111720FFF774FC4C684A6022448A608E
:101BF0000260CB600B6110BD012008708B604B60F0
:101C000010BD0000440000202DE9F041314D2E7838
:101C1000012E04D0032E02D04FF4907137E08A7960
:101C2000082A02D94FF4917131E0CB79002B4ED0C4
:101C30005F000A376B68022A3B4401D9144601E071
:101C40004FF002042344A3F1010301D9144601E03B
:101C50004FF00204A4F1010423EA04038C88144425
:101C6000A2F10102A4F1010424EA02044FF6FF727A
:101C7000944202D340F22D1109E0032E23D1154ED8
:101C8000DA1B0C3656F8207027B14FF499711720E3
:101C9000FFF71EFC46F820201480C87990700120C0
:101CA000D070087A107108684FF6F076000CD0807A
:101CB00008881081002003E002EB4007401C7E8171
:101CC000CF798742F8D8C87900FB04306860BDE856
:101CD000F081000044000020B1F40000E802080098
:101CE0000000000093EA000010010800FF0000005F
:101CF0002DE9FF4F244C064681B020689A46934652
:101D000050B1017AB14203D9406850F8260038B189
:101D1000032005B0BDE8F08FA5211820FFF7D8FB00
:101D2000194602980BF070FD804658460E990BF04C
:101D300061FD054608EB0500001D87B22068A1463D
:101D4000394600680BF0BFFC04001AD0678025807C
:101D50002946201D0E9D07465A46092300950BF083
:101D60002CFC2088414638440A23029ACDF800A072
:101D70000BF023FCD9F80000406840F82640002012
:101D8000C7E70120C5E700005800002070B5144CDB
:101D900023688BB1197A814212D95A6852F82010FF
:101DA00071B1002542F820504A8818680BF0E3FC16
:101DB000216800200A7A0BE0C6211820FFF788FB73
:101DC000032070BD4B6853F8203033B9401CC0B2BB
:101DD0008242F7D808680BF0C3FC002070BD0000F9
:101DE000580000202DE9F0410D46040090464FF0C8
:101DF000000606D00027A00705D086211820FFF78F
:101E000067FB0127F7E7CDB1114600200BF08CFCF2
:101E10000C3000EB85068FB90A4F04F10C00AA00C4
:101E20003C602572606000EB8500206000216068E6
:101E30000EF0D6FF414638680BF076FC3046BDE820
:101E4000F08100005800002070B5084D2868002877
:101E50000AD0002404E02046FFF798FF641CE4B297
:101E60002868007AA042F6D870BD00005800002013
:101E7000094910B502460968002049B10B7A93421E
:101E800005D9496851F82210002900D0081D10BD5D
:101E9000EC211820FFF71CFB580000200A4910B560
:101EA00002460968002059B10B7A934207D9496864
:101EB00051F82210002902D031F8040B084410BD5B
:101EC000FA211820FFF704FB5800002070B51E4BC4
:101ED000456804460022A1B101206070588881083D
:101EE0005FF0000004EB400304EB80061A831984C2
:101EF00000FB015373602318401C1A750428F1D3AA
:101F000070BD62705FF0000004EB40010A830A8438
:101F100004EB80014A602118401C0A750428F3D3A1
:101F20005888B0F5FF7F01D2460800E0FF260BF08D
:101F3000DFFC656020842918A1606684E560A084C8
:101F40002161E68470BD00005C0000202DE9F041B5
:101F500058B100251144244ECCB2002734708107BB
:101F600005D04E210920FFF7B3FA0125F2E71F2B18
:101F700004D84FF6FF7101EA830109E05900FF2BF5
:101F80000CD903F1FF02B2EB430F00D2114689B224
:101F90004FF6FC72C91C114035B107E07C22B2EB50
:101FA000430FF4D37C21F2E77060718004EB84026C
:101FB00007EBC203002276684FF0010C0DE04DB92B
:101FC00002EB820700EB030E06F837C006EBC707EB
:101FD000C7F804E0521C0B44D2B2A242EFD3DB1D7F
:101FE00023F00700BDE8F0815C00002070B5104AC6
:101FF00000205168127814E000EB800311F83330B0
:102000006BB100EB800011EBC0040CD00025A57073
:1020100001212046FFF75AFF2570204670BD401C65
:10202000C0B29042E8D3A9210920FFF751FA00007D
:102030005C000020044810B5408884080BF058FC70
:10204000844200D3204610BD5C00002030B50D490D
:1020500001204860821EC1F808230B4988600023D4
:10206000C1F80032C1F80823084C2360251D286000
:102070008860C1F808232360286006490448086086
:1020800030BD000000E0004000F0004000F50040DE
:102090000000F63F08F5014010B5FFF7D7FF0BF041
:1020A000FEFC03490148086010BD00000000F63F37
:1020B00008F5014010B5FFF7C9FF0BF0F0FC00F088
:1020C00081F803490148086010BD00000000F63F98
:1020D00008F501402DE9F84F824637480EF06BFDB8
:1020E000DFF8D4B028B101260BF10100FF21017007
:1020F00000E000264FF48075304C4FF000082F1D93
:1021000001216160C4F80081C4F80481C4F804A509
:102110002160DFF8AC901CE0D9F80000C00618D5AB
:102120000E200BF0CBFCEFF31080009072B6032171
:102130002046C4F8041329460BF0CDFC30B93946CB
:1021400020460BF0C8FC08B90EF0CCFD009800B991
:1021500062B6294620460BF0BEFC28B93946204617
:102160000BF0B9FC0028D7D0394620460BF0B3FC61
:102170000028C5D10025E6B99BF801008DF80000C4
:10218000009800909DF8000008B1012500E00025AE
:102190000BF1010181F800800321C4F80813C4F891
:1021A0000481C4F800810E200BF088FC02480EF078
:1021B00019FD2846BDE8F88F5403002000E00040D8
:1021C00010ED00E010B506480EF008FD18B1302102
:1021D0001D20FFF77DF902480021417010BD00006D
:1021E000540300200648074A818C5288914204D14A
:1021F00090F8220008B100207047012070470000CD
:10220000D210002048030020014948807047000098
:10221000480300200848094A818C5288914209D11C
:102220004FF6FF71818410F8221F19B1002101704F
:102230000120704700207047D21000204803002082
:10224000074810F8221F012907D001210170054815
:1022500003490088888401207047002070470000EF
:10226000D2100020480300200649074B8A8C5B8867
:102270009A4205D191F8222012B1016001207047E5
:1022800000207047D21000204803002009498A8CA2
:10229000A2F57F43FF3B02D00021016007E091F8E7
:1022A00022200449012A02D0016001207047002049
:1022B00070470000D21000200149088070470000DC
:1022C000480300200549002081F822004FF6FF70E6
:1022D000888403490880488070470000D21000209D
:1022E0004803002005498A8C824205D1002081F8EC
:1022F00022004FF6FF70888470470000D210002043
:102300000A4A10B1012807D00EE0507860B1D2F827
:1023100002000860D08804E0107828B19068086056
:102320009089888001207047002070475603002064
:10233000084A012338B1012804D11370086890605D
:1023400088889081704753700868C2F802008888B6
:10235000D080704756030020064910B1012802D0F2
:1023600005E0487800E0087808B1012070470020B7
:1023700070470000560300200149087670470000AE
:102380008A0A00200148807870470000640000201D
:102390000148C078704700006400002070B50C460A
:1023A0000A4905460848086000F034F918B1DE21F2
:1023B0002720FFF78DF8064801210BF0E6FE0548BF
:1023C000C0E90B5470BD0000E02D0000A800002003
:1023D000680A00206400002001490120487170470C
:1023E000640000202DE9F84F634D0A9C2E78002EE2
:1023F00078D1002A76D0002B74D0002C72D0B04651
:1024000005F11406C5E90F0186E81C0085F8058072
:1024100085F8048085F8028085F8018085F80380BE
:10242000A5F80C80A5F80E8000F06CF9064600F0C7
:1024300031F9044605F002FF05F056FC94F96E00F0
:1024400005F080FFE06906F065F8606906F058F86D
:1024500096F8330006F094F805F13C00406890F8D7
:102460000D0208B105F064FE94F86B10012005F030
:102470009FFD002879D04148006805F009FE2088BA
:10248000FFF70CFD68632088FFF7F2FCA86306F1F4
:10249000800088363A4F96E80E1087E80E10816962
:1024A000C7F81910C069C7F81D00883E00F030F960
:1024B0000146208FC2460BF020FCA18E814200D243
:1024C0000846A871A94694F86B1004F12C000BF093
:1024D00054FF94F86B1096F82380A58F082905D136
:1024E00003E0FFE740F2531143E004210BF005FC49
:1024F000B8F1000F01D1001D80B2854200D22846FC
:10250000C5B289F8075089F8085096F82300D046DC
:1025100098B14FF0010987F81890D6E92001C7E972
:10252000040194F86B000BF048FB03462A4614495B
:102530004846CDF8008005F043FB012000F04EFB3B
:1025400010480068032812D00B2810D047F84A8F93
:10255000C7F80480C7F808800948B18A4A3041802A
:102560002188018096F833100171BDE8F88F4FF48F
:1025700002712720FEF7ACFF64000020A8000020B5
:10258000400A0020501500402DE9FC4188460746CE
:1025900000F0B8F81A4C0546B807616A4E7816D5AF
:1025A000A06A30B36289D21C0EF0A0FBA06A606200
:1025B000694601AAA06B0AF07DFF00980AF030FF7F
:1025C000C8F8000031460122A06B0AF0E0FEF807CF
:1025D0000DD0D5E920011835401C41F10001C5E9B5
:1025E0001A0115F81809012808D001202876BDE83D
:1025F000FC8140F25F412720FEF76AFF0020F5E7EB
:10260000640000200248C089C0F3802070470000A9
:10261000640000200448007808B10C20704703498A
:102620000020087670470000640000208A0A00201D
:102630000C4810B5017849B100F13C01007802283E
:1026400008D04FF409712720FEF742FFBDE8104083
:1026500000F0D0B94868D0F82002BDE8104005F07D
:102660001FBD0000640000201A2001F8030B04487D
:1026700050F8562F0A6042684A6080688860704748
:10268000400A0020024A938903439381526910470C
:10269000640000200148406870470000A00000204E
:1026A000014A0021526910476400002070B50546B8
:1026B000012918D8124CA1698847A0B1207990B996
:1026C000E5B904F110000178C80605D4E06A007885
:1026D000C00601D4012000E00020A26A2AB9628964
:1026E0001AB1C90601D4012070BDA1898A0703D59A
:1026F000226AD278022A01D00843F4D1002070BDAA
:10270000640000200148406880307047A00000202D
:1027100010B5FFF7BFFF0446FFF7F4FF0246417F05
:102720001648252910D026290ED0927F252A0BD0B5
:1027300020290DD021290BD0232A0FD094F86A002C
:10274000042800D1082010BD406890F8BE120EE0A9
:10275000232A03D0406890F83E0105E0416891F8D3
:102760003E0191F8631008400BF01DFA014694F801
:102770006A00BDE810400BF02EBA0000A000002057
:102780002DE9FF5F8B468146FFF7BCFF0026684CB2
:1027900007468DF808600396019620783546022892
:1027A00004D040F2E2412720FEF792FEA07B4006D3
:1027B00006D44020FFF774FFE08940F04000E0813C
:1027C00097F82300B9F1000F3AD080B105F0C6FAAE
:1027D00005F0A0FA58B9606A417841B10078397EB5
:1027E000C0F3C000884202D1012060709CE0606AA2
:1027F0004178618121B1A06B0AF032FFA06200E054
:10280000A562E08940F48070E081606AF97D00781B
:10281000C0F38000884207D003A800F091F9E08956
:1028200040F48060E08100E00126606A397E007833
:10283000C0F3C00088420DD102A800F037F909E0CA
:1028400008B105F085FAA078401CA070E08940F43A
:102850000070E081DFF8D8A097F822000AF13C0A66
:1028600090B1FFF717FF33490D76D7E91E23C1E971
:10287000042390F86A000BF0A0F90346FB222D49CF
:102880002846009505F09CF94FF00008BBF1000FB9
:1028900004D1A1780120FFF709FF20B105F01CFE4B
:1028A0004FF0010802E0002000F0D6F99DF8080082
:1028B00018B101A90220FFF767FE1E48BA8A4946EF
:1028C0004A305EB12AB9B0F8052012B9B0F8072035
:1028D00022B1B0F80920521CA0F8092029B130F823
:1028E000051F491C0180A57003E030F8071F491C33
:1028F00001800F483C3001F0D5F9039840B10AF04F
:102900008FFDDAF80410401C057208220BF0C4FC9D
:10291000019830B1DAF804100572102201980BF01A
:10292000BBFCB8F1000F01D000F064F8BDE8FF9FD8
:1029300064000020400A00202DE9F84388468146C3
:10294000FFF7E0FE294D04462878012804D040F224
:102950006E412720FEF7BCFD207C0027012628B110
:10296000277400210420FFF78DFEA674296A0878D9
:10297000C043800709D1A07D88BB0220FFF782FEFB
:10298000286A0078C043800729D0286A407810B1AF
:102990000220A07500E0A67594F8230098B1FFF717
:1029A00079FE13492D7A0E76D4E92023C1E9042358
:1029B00090F86B000BF001F903462A460C493046AB
:1029C000009705F0FDF838EA090004D00021084618
:1029D000FFF76CFE28B1BDE8F84300F00BB8032008
:1029E000D7E7BDE8F843002000F0F8B86400002005
:1029F000400A002010B505F051FA05F075F90E4CAB
:102A0000E089FFF74DFE0D48007E70B10B484A3853
:102A100050F84A1FC16041680161816841610748FF
:102A20000222074919300BF04BFCE26921796078EA
:102A300090470020207010BD640000208A0A00200A
:102A400069260000084810B50078022804D040F23A
:102A50004E212720FEF73CFD04490120C872BDE845
:102A60001040FFF7C7BF0000640000208A0A002062
:102A700030B404460C48007A0BB1001DC0B23AB91C
:102A8000FF2805D194F86B2094F86A309A4209D057
:102A900021B194F86B1030BC05F042BDFF2094F8D2
:102AA0006A10F8E730BC7047640000202DE9F0415F
:102AB0000746FFF727FE214C05460126616A087884
:102AC00000F0030001280CD002280AD003281BD1F3
:102AD0002E74E08940F40060E0810120FFF7D2FD10
:102AE00012E0487880B1E18941F40061E181A16A96
:102AF000002918D0FB2818D8607920B1BDE8F04132
:102B00002020FFF7CDBD3E70287E012812D02E7602
:102B1000606A4078002806D0F5E92001401C41F1A8
:102B20000001C5E90001BDE8F081207940F0100006
:102B30002071F8E700202876EAE700006400002012
:102B400070B50546FFF7DEFD0446807D00282DD0D8
:102B500002280CD11B482946406B0AF0F0FB30B329
:102B6000D4E91E01401C41F10001C4E91E01002509
:102B7000A575A07C20B1A57400211020FFF782FD6F
:102B8000607C70B16574FFF745FB98B100210820A7
:102B9000FFF778FDD4E91E01401C41F10001C4E9B2
:102BA0001E01E07D01280AD00120E07570BD40F2D1
:102BB000DD3101E04FF47D712720FEF789FCE575DA
:102BC00070BD00006400002003480078002801D098
:102BD000FFF710BF70470000640000202DE9F041AE
:102BE0000646FFF757FD8046FFF78CFD184C05465B
:102BF0003246E06A606295F8233001214046FFF7D3
:102C000037FF95F82300002770B1206B05F0BCFB5F
:102C1000104801210176D5E92012C0E90412216B88
:102C2000606A05F01FF804E0606A05F0ADFB05F08E
:102C30005BF816B9384605F057FA002198F86A2073
:102C4000084605F02BFC02202070BDE8F081000052
:102C500064000020400A00202DE9FC470446FFF7ED
:102C600051FD0546FFF716FD00278DF8007006465A
:102C7000DFF8649195F8233022463946FFF7F8FED5
:102C8000A87D4FF00108A9F1200440B1012820D00F
:102C900002282FD003283BD040F2FF2157E0A07933
:102CA0005021ADF8040088534846FFF7DDFA30B1F3
:102CB0008020216AFFF7E6FC85F811802CE06A4647
:102CC00001A9606B0AF091FF206210B195F85B10CA
:102CD00011B1424820621FE09DF8001021B9078021
:102CE000877001210BF051FABDF80410206A0BF037
:102CF000D4F911E0B6F85000ADF804006A4601A915
:102D0000606B0AF072FF206230B940F2E9211EE0E8
:102D10004846FFF7A9FAC0B1206A0823017801F0FC
:102D2000F7010170EA7D03EAC202114301F0FB01E1
:102D300001702A7E042303EA8202114301F0EF01AD
:102D40000170C943890705D007E040F2F22127202E
:102D5000FEF7BEFBC07802280FD0606B0AF0EDFBD7
:102D600008B101210AE0206A0078C043800704D03E
:102D7000FFF738FA80F0010100E00021206A0278B4
:102D800042EA0111017095F8221081B1417871B1C8
:102D9000206B05F0F9FA114828380776D5E91E129C
:102DA000C0E90412216A206B04F05CFF03E005F027
:102DB000EBFA04F099FF96F86B200121002005F052
:102DC0006DFB84F80380216A0A8822828978A174C5
:102DD00084F80080BDE8FC8784000020680A002099
:102DE000452A00008127000039290000C92B000076
:102DF00004494A78824203D9084490F84201704756
:102E000000207047F810002004494A78824203D914
:102E1000084490F84A01704700207047F8100020DD
:102E200004494A78824203D901EB0010823070478E
:102E300000207047F8100020054A01EB410102EB29
:102E400041010268C1F80A218088A1F80E0170478B
:102E5000F810002004494A78824203D901EB00109F
:102E6000801C704700207047F810002010B54FF408
:102E7000C572002105480DF0B3FF0548002101701F
:102E800041704FF46171418010BD0000F8100020C6
:102E90004C0300200B4B10B55C78844210D91844C9
:102EA00090F80201C0EBC000184490F852310B704A
:102EB000D0F853111160B0F857019080012010BD77
:102EC000002010BDF8100020014840887047000025
:102ED0004C03002005494A78824203D9084490F8FF
:102EE0003A0108B10020704701207047F810002017
:102EF00001494870704700004C0300200246094811
:102F000010B500780B4658B10748417841B10BB174
:102F1000801C01E00448823004F0ACFD012010BDAB
:102F2000002010BD4C030020F8100020084910B507
:102F3000034600204A7806E00C1894F802419C42AF
:102F400004D0401CC0B28242F6D8082010BD000058
:102F5000F8100020F0B51A4C0346002025782BE02D
:102F6000C0EBC00222440F7892F853C192F852612C
:102F700087EA0C075E403E444F7892F854C187EAD6
:102F80000C073E448F7892F855C187EA0C073E44FF
:102F9000CF7892F856C187EA0C073E440F7992F831
:102FA00057C192F8582187EA0C073E444F795740A1
:102FB000F74204D0401CC0B28542D1D80820F0BDF1
:102FC000F81000202DE9F047044600F180054FF08D
:102FD000010971B104F1A6077E1E012929D0022939
:102FE0004ED0032923D139463046BDE8F0470AF0D8
:102FF00079BF4FF43A7200210DF0F2FE85F825906A
:103000002449E96620460721296710F8EC1F21F0C2
:1030100004010170FE2085F8A6007F2068761E4816
:10302000A8600020C5E90000202084F89402BDE8D3
:10303000F0874FF00008A4F8268284F81B822169EB
:1030400016480A460844B0FBF1F0C4F8C40040F644
:10305000B830A4F8C800638B284600F021F8394640
:1030600030460AF03FFF0DF019FE18B1606903F019
:1030700085FF10B184F80D82D9E784F80D92D6E768
:103080000169B4F8CA32D4F8C4222846BDE8F04732
:1030900000F006B82F4904C400E0FCFF7FC3C9015B
:1030A00010B50024A0F84C4030F8504F4C43B4FB0E
:1030B000F2F420F8104940F27124634302EB031349
:1030C0005B1EB3FBF2F3C381094BB3FBF2F35B1C52
:1030D00083820389634302EB03135B1EB3FBF2F3AA
:1030E000436003684B43B3FBF2F1016010BD000085
:1030F000005A6202024991F900100AF0A4BE0000D1
:103100006403002008B57F208DF80000684605F0B4
:10311000EBF940B105484078404241B29DF90000CA
:103120000AF091FE08BD9DF9000008BD640300206F
:10313000014A107051707047640300200CB504A15F
:10314000D1E90001CDE90001684600F005F80CBDA9
:10315000FFFFFFFF1F0000000549FF220A700A461B
:103160000368C2F801300079507100200870704780
:103170006603002070B590F8322090F831300124B9
:1031800003FB01212522B1FBF2F302FB131100EB3B
:10319000D10280F8321001F0070392F8262004FAD9
:1031A00003F31A4204D000BF80F83310002070BD32
:1031B00090F83020B1FBF2F302FB1311491CC9B2A5
:1031C0000023C51895F82B208A4212D395F8265073
:1031D000002200BF04FA02F6354201D0491EC9B2EE
:1031E00021B1521CD2B2082AF4D304E002EBC3018D
:1031F000DAE7891AC9B25B1CDBB2052BE1D31F20C9
:1032000070BD000070B5491C0023C9B20124C51867
:10321000AA798A4212D395F80150002204FA02F6E4
:10322000354201D0491EC9B221B1521CD2B2082A7E
:10323000F4D305E002EBC300C0B270BD891AC9B275
:103240005B1CDBB2052BE2D39D214620FEF740F943
:10325000417841B1C0782B2803D2044A105C8842DF
:1032600001D101207047002070470000C00E01000E
:1032700010B50122C1702B2902D2064A525C06E029
:10328000FF2904D040F274412A20FEF721F9427050
:1032900010BD0000C00E01000449897C490700D41C
:1032A00008B1002070470120704700002010002066
:1032B0000348807C800701D40120704700207047BC
:1032C000201000200348807CC00701D000207047F8
:1032D00001207047201000202DE9FE4388469946C2
:1032E0001546044669460AF099FCE0BB019E00279A
:1032F00080367DB12046FEF7D1FD04000ED0294670
:103300000AF0EDF818B11B494988A94208D20020FB
:10331000BDE8FE83012086F8240024E0672125E033
:10332000014602AA20460AF0D3F802980780877067
:1033300096F8241009B14FF0020841460AF025FF23
:1033400002982A464946C01C0DF0D0FC204629466A
:103350000AF07CF848B168460AF072FF0198A0F8BC
:10336000127286F824700120D2E77C212B20FEF710
:10337000AFF8000020100020094882B0007A8DF8D4
:103380000000009800909DF80000002805D102225E
:103390000449034802B00AF07FBF02B07047000042
:1033A00038100020DFE200002DE9F84FDFF87491BB
:1033B0005D4F83464FF0010A002678683546007A53
:1033C0008DF80000009800909DF80010102906D19B
:1033D00099F8131019B1B9F81400002873D08DF8BA
:1033E0000060684600F004F99DF800100029F8D14B
:1033F000002868D00446007A8DF8000000980090FC
:103400009DF8008004F108000521009001704046FD
:10341000B8F1080F42D007DC02280DD0032817D0DE
:10342000B8F1040F05D11DE00F2852D0B8F1100FEC
:1034300057D040F2472163E0626832B159462046D6
:103440009047042060F3070510E04FF4E07157E067
:10345000626822B1594620469047054606E040F290
:10346000C9114DE06168B1B120468847C5F3072016
:10347000012848D0EFF3108072B6217A8DF8001041
:10348000009900919DF80010052940D0A1B366F382
:10349000070590B33FE040F2D31131E060685D462C
:1034A00098B104882046FEF7F9FC80B10B21297001
:1034B000A5F80340A5F805A085F802A000210AF0B0
:1034C000A5F804203E61BDE8F88FE32118E0C5218E
:1034D00016E015218BF80010D4F80910CBF8031072
:1034E000AFE71248026822B1606838B100885946D7
:1034F000904702203E61E6E709E00BE040F23D2103
:103500001020FDF7E5FF00984146017003E02672A8
:103510003E61BEE762B615F0FF0F3FF44EAFE8B272
:10352000D1E70000201000204C100020AC0000204B
:103530000149087000F0BEB86C0300200249014840
:10354000086070474D350000AC00002038B50D0014
:1035500014D0A88000216972FEF78AFC044609F0A5
:1035600099FF70B101466A46204609F0B1FFE88034
:1035700050B1FB280BD94FF4907133E04FF48871B0
:1035800030E040F219112DE04FF48F712AE00098DD
:103590000AF0A7FD012804D0022802D04FF4987148
:1035A00020E028722868A8B10099EA88C91C0DF0AB
:1035B0009DFB204609F036FF78B1204600210AF035
:1035C00025F868B10948C17C002902D0818A491ECA
:1035D000818238BD40F2371104E04FF49E7101E062
:1035E00040F241111020FDF773FF00002010002071
:1035F00038B503461749002018700869012440B106
:10360000027A8DF80020009A00929DF80050002D5B
:1036100011D14868027A8DF80020009A00929DF836
:103620000050012D06D0EFF3108272B605684D6090
:1036300012B102E0002038BD62B6027A8DF8002097
:10364000009A00929DF800500DB1086138BD1C70C1
:1036500038BD00004C10002038B5D0B1416000F1F9
:1036600008010A70EFF3108372B6104C0460211F3A
:103670004A684AB1127A8DF80020009A00929DF8AB
:103680000050012D00D10C600A68106008602BB159
:1036900005E040F272211020FDF71AFF62B60448DF
:1036A0000078BDE8384009F023B900005010002030
:1036B0006C03002010B51422002108480DF090FB87
:1036C00006481222002114380DF08AFB034801211C
:1036D0000173011D4160016010BD00004C1000200D
:1036E000F0B4A2F809000C89A2F80B408B89A2F86B
:1036F0000D304889A2F80F00CD89A2F81150CE8D67
:10370000AE4208D14D8D854205D10D8E9D4202D12C
:103710008B8DA34201D0012300E00023D3744885A0
:10372000B2F81100C885B2F80B008885B2F80D0018
:103730000886F0BC014910460AF0A8BD69370000B0
:10374000A2F80900888AA2F80B00C88AA2F80D0026
:10375000088BA2F80F00488BA2F81100014910460F
:103760000AF091BDAD37000038B5A0F11605C07C58
:103770000C4600F00100FFF78FFD002108B1009119
:103780000FE01120207055F81F0FC4F80200686880
:10379000C4F8060028896081A87A2073024840682E
:1037A0000090BDF8000038BD3438000070B586B018
:1037B0000E460446FFF77CFD002558B3A4F5BA7009
:1037C0002572048803A920460CF0E8FA08B1FC2110
:1037D00017E0ADF80040BDF81200ADF80200BDF8EA
:1037E0001400ADF80400BDF80E00ADF80600BDF8F9
:1037F0001000ADF8080068460CF00CFB20B140F258
:1038000005112C20FDF764FECDF80050BDF8000036
:1038100006B070BD182006F8030B54F8090F30608D
:103820006068706020893081014800680090EDE791
:1038300034380000040000000400000070B50C4D96
:10384000A5F1080408210A48FDF7E6FE286810B92A
:1038500068680028F6D000F013F8206000F010F837
:1038600060602168002901D10028F4D070BD0000FB
:10387000B8000020014800F009B80000B0000020A6
:10388000014800F003B80000B800002010B5D0E9EE
:103890000021094B094C53435443514081EAB21271
:1038A00082EA41224FEAF141C0E9002143EAD463B0
:1038B00003EB8303184610BD6037EFC6BB79379E14
:1038C00070B5044640680D46012390F89E20002103
:1038D00080300AF0BAF9D0B128460AF0A8FB616836
:1038E000A1F8BC026168B1F89420801A00B247F6D2
:1038F000FE7290420DDC00280BDD284601F2BE214D
:103900000AF090FB61680A2081F89E000AE001201D
:1039100070BD282081F8BD00606802220249B430E1
:103920000AF0BAFC002070BDB3E5000070B5044693
:1039300040680D46012390F89E20002180300AF057
:1039400084F9E8B3002128460AF074FBC8B3616823
:10395000B5F80D00A1F8BC026168B1F89420801A96
:1039600000B247F6FE72904234DC002832DD284671
:103970000AF08AFB0AF05FF9064660683146C0F833
:10398000C46228790AF052FA6168A1F8BE02B5F85B
:10399000050031460AF046FA6168C1F8C0022846BF
:1039A0000AF075FB6168A1F8C80228460AF072FBAC
:1039B0006168A1F8CA0261680D2081F89E0012E0DA
:1039C00000E001E0012070BD29462046BDE87040BE
:1039D0000AF0AEBD282081F8BD00606802220349CC
:1039E000B4300AF059FC002070BD0000B3E50000BF
:1039F00070B5044640680D46012390F89E200021D2
:103A000080300AF022F970B9606890F89E20132A7D
:103A100009D00123052180300AF017F908B10820E8
:103A200070BD012070BD606890F8DC0010B92046C0
:103A30000AF068FD6168284601F50A710AF043FB47
:103A40006168284601F58C710AF034FB60680188D2
:103A5000A0F8D5126168284601F2D7210AF02EFBA2
:103A60006168284601F2DF210AF021FB606802222A
:103A7000054900F533700AF00FFC6168152081F8E4
:103A80009E00002070BD000053E7000070B5446840
:103A9000091D002594F88C008034C00701D0012056
:103AA00070BD486809680C4B41F607021940E16691
:103AB000104020671B2104F16C000AF09DFEA4F861
:103AC000585094F85A00401C84F85A00E06840F0BE
:103AD0000100E060002070BD2F4904F710B5041DFF
:103AE00003F078FE034B41F60702184011402060B6
:103AF000616010BD2F4904F72DE9F8430378406851
:103B00000F1D00F1800500F5A57406464FF0000872
:103B10006A7F072128460AF098F8E0B13968184B07
:103B20007868194041F60702E966104028671B21B2
:103B300005F16C000AF060FE85F8568085F81D805E
:103B400094F8601040468DF80010009900919DF89F
:103B5000001091B902E00120BDE8F8833188A4F893
:103B6000621084F86100396861667968A166022292
:103B7000044904F158000AF08FFB0020ECE7000034
:103B80002F4904F765E8000070B50D1D446803F087
:103B900021FE41F60702054B114094F8EC20184035
:103BA000024062F307002860696070BD2F4904F786
:103BB000416882B001F5A57091F8AA218DF8002026
:103BC000009A00929DF80020002A0BD10988A0F8E5
:103BD00062101A2180F8611002220349583002B0A5
:103BE0000AF05ABB02B0704765E8000070B544683F
:103BF0000D46037894F89D20803400260821204645
:103C00000AF023F820B9207B800701D5012070BD80
:103C100094F85D00800719D428460AF0D0FA84F899
:103C2000670035F8050FA4F868006888A4F86A00F2
:103C300094F85D0040F0020084F85D00C00709D0F0
:103C40000222114904F15E000AF03AFB94F85D008B
:103C5000C00710D1E068810703D550214020FDF74F
:103C600037FC40F00200E06094F85A00401C84F8F1
:103C70005A00A4F85860607F012802D1667784F862
:103C80005660002070BD00000DE90000044A9268F3
:103C9000C2F580534B43424303EB22307047000090
:103CA000C0000020F8B54468064604F1800500F025
:103CB0007BF894F8281001291BD1002819D07068CE
:103CC00090F852118DF80010009900919DF80010A5
:103CD00000F5A57000290CD12188A0F80910697E93
:103CE000C172A97E0173BDE8F840022201490AF0C1
:103CF000D3BAF8BD91E9000000F500610D4A10B596
:103D000000F50060091300134BB292F900404042E5
:103D1000002140B2A34202DA92F9021005E092F9C2
:103D20000140A34204DD92F90310084400F30701A7
:103D3000084610BDC00000202DE9FC41A0F5F57536
:103D4000A0F5B57495F86B000BF0F3FC0646A0687F
:103D5000FFF7D2FF070021D020460AF020FE0028FE
:103D60001CD02888694609F059FF18B185217A20AE
:103D7000FDF7AEFB761CF1B202233A4668460BF023
:103D8000F7FC00280AD1064806490079A0FB016526
:103D90000CF06EFE80196941C4E90001BDE8FC81A8
:103DA000C000002040420F002DE9F0410746FFF718
:103DB000A9F97C68054684F8990080347F2842D0B0
:103DC00094F833007E68A0762946A068FFF75EFF6E
:103DD000A0601E484079C0B1786800F18008D0F832
:103DE0008800FFF789FF80B140460AF0D8FD60B136
:103DF000786800F5A578074604F0E0F987F86B00CD
:103E0000134908F1A0000AF044FA94F91B000021BC
:103E1000281A00D5404296F82920824210DCFF2A59
:103E20000ED0207F401CC0B2207796F82A20904206
:103E300002D8E07E7F2803D10020E576207701219B
:103E40000846BDE8F0810020FBE70000C00000202C
:103E5000393D0000F8B50AF0BEFD04460D466A463D
:103E600000F062F808B10120F8BD0F4803784178EE
:103E70008B4201D10020F8BD1A46416808E000BF1E
:103E800001EBC206521E56E9027CC6E9007CD2B2A2
:103E90009DF80060B242F3D8F2B201EBC2015B1CA4
:103EA000C1E900450370DEE7CC00002010B54207F1
:103EB00003D063214820FDF70BFB20B1034A51706A
:103EC000506000201070C80010BD0000CC00002021
:103ED00038B50AF080FD6A4600F026F8002814D0B4
:103EE0000A4A1078401EC1B211709DF80000526855
:103EF00008E000BF02EBC003401CD3E90245C3E960
:103F00000045C0B28842F5D3012038BDCC00002066
:103F10000149002008707047CC000020014840781B
:103F200070470000CC000020F0B5204D0023137036
:103F30002B7823B300245B1EDBB2D5F804C00BE062
:103F4000E5186D080CEBC506D6E900763F1A8E41E0
:103F500001D22C4600E02B461D1B012DF0DC0CEBA2
:103F6000C406D6E9005680EA050781EA060E57EA3C
:103F70000E0705D0451B71EB060503D2147010E047
:103F8000147011E00CEBC305D5E9004580EA040686
:103F900081EA05073E4306D0001BA94100D35B1C04
:103FA00013700020F0BD13700120F0BDCC00002084
:103FB0002DE9F0410446007C02283AD0032838D08D
:103FC0000026A8B3022836D0012708254FF00008A4
:103FD0005EB194F8570004F1580109F015FE05464A
:103FE000082802D0FEF704FF60B137B357B1E07D77
:103FF00000281BD0D4F81100C4F85100B4F8150003
:10400000A4F85500267684F850706576FEF75CFFBC
:104010000E49A0FB012304F148000AF023FE84F8B6
:104020005E800021204600F0F3FB0120BDE8F08116
:1040300001E00126C5E70027C7E704F15101002090
:10404000FEF75EF90028DDD1F0E7000040420F00E6
:1040500030B50C468DB005460146242202A80CF06E
:1040600045FE0BA80AF05BFEA07A8DF818002078B8
:104070008DF80800B4F80100ADF800009DF80000CC
:1040800000F00101C0F3400241EA4201C0F38002A6
:1040900041EA8201C0F3C00241EAC201C0F300124A
:1040A00041EA0211C0F3401241EA4211C0F380100C
:1040B00041EA8010ADF80A00207D012806D00228D0
:1040C00004D040F2A6210620FDF702FA8DF80C007C
:1040D000617A0BA80AF00AFE207D0121022802D194
:1040E000607D401CC1B2A07E401CC2B20BA80AF089
:1040F000C4FDBDF80A00000701D5002020E00BA890
:104100000AF0CDFDBDF80A10282200F02BFE40F287
:10411000712100F2DD20B0FBF1F04843D4F8021029
:1041200040F271230A0A40F271214A43D4F8051083
:10413000090A5943904201D8049204E0884201D808
:10414000049000E00491A07C8DF81700207E0128E7
:1041500000D000208DF81400286B09F0D7FB286BE5
:1041600009F07CFC242202A928460CF0BFFD0B9824
:10417000A862BDF83000A885E07A68B102280BD0AB
:104180005FF0010085F85700E068A865208AA5F86F
:104190005C000DB0002030BD0020F3E70A4A10B5E6
:1041A00000211170094C606000F022F810B140F25B
:1041B0001D3104E0A068002804D14FF448712D207F
:1041C000FDF786F910BD000060100020D40000202B
:1041D00002490148886070474C4D0000D40000201F
:1041E000024908608968096808470000D400002077
:1041F000084810B5007810B10C24204610BD0024EA
:104200001822214603480CF0EBFD03F025FE03F0D5
:1042100049FCF2E760100020044910B50978012933
:1042200001D100F061FC002010BD000060100020F2
:1042300004490348086005490348086070470000C6
:10424000354B0000E000002059500000E400002041
:1042500010B504468078C0F3C00058B13C23FF225B
:104260002046E16900F040FA0222044904F16A00A4
:104270000AF012F8012084F8690010BDF1EB00008B
:104280002DE9F0410F00044623D004F12800054633
:104290000AF02EFDB0B9A078C0F3C00050B3284694
:1042A0000AF0FDFC064628460AF022FD301AC0B28C
:1042B0000AF073FD014635484268114441602846C2
:1042C0000AF034FD28460AF0F6FC014620460AF0C2
:1042D000BEFC2F4D94F85E600021686801800AF0F2
:1042E0006FFC6088132813D009DC102836D0122800
:1042F00009D131E02046BDE8F04100F0F5BB1528BA
:104300000FD01D280DD040F24A612D20FDF7E0F8B6
:104310000021686809F03EFE012168680AF050FC3F
:1043200020E00121686809F035FE012168680AF083
:1043300047FC36B104F15F01686809F046FE0121CF
:1043400006E004F15801686809F03FFE94F8571040
:10435000686809F040FE05E0062100E00221686877
:1043600009F018FE204600F0CFFC60881D2807D019
:10437000152805D094F83820616B686809F0FAFDBB
:1043800039462046BDE8F04100F084BA60100020B4
:10439000D40000202DE9F0412A4D2978022905D0CA
:1043A0002978032902D040F6EF4121E0264C00276E
:1043B000616891F800C00CF00F0638B3206809312D
:1043C00000F1510390F850204FEADC1009F094FB03
:1043D000E0B13946606809F0BDFDB8B12A782068BF
:1043E0003146022A07D02A78032A04D040F6C84171
:1043F0002D20FDF76DF8A2682B7852696FF0070643
:1044000006EB8303D2589047064600E00126A87BBE
:1044100018B103F021FD03F045FB002E0FD02068FA
:104420000AF0D1FC30B103F039FDA0688068BDE826
:10443000F04100472068BDE8F04100F055BBBDE801
:10444000F081000060100020D400002010B5032986
:1044500002D005290AD102E000F0D4FB03E00449B0
:10446000096809B1884708B1002010BD012010BDBE
:10447000E0000020094A0300106801D000F034BBBE
:10448000002909D09168064A096912786FF00F0374
:1044900003EB82028958084770470000D4000020CF
:1044A0006010002070B504464088102819D0104DC7
:1044B000A87B20B103F016FB402003F0DBFC0D4885
:1044C000406803F061FFA078400704D400212279FE
:1044D000084603F0E3FF002003F006FE02202870E8
:1044E00070BD2046BDE870400121FFF7C9BE000045
:1044F00060100020D400002010B500F027F8114C07
:1045000020680AF060FC002820680BD00E490A7869
:10451000022A0BD00A78032A08D040F6FA312D205F
:10452000FCF7D6FFBDE8104000F0DEBAA2680978BB
:10453000D2686FF0070303EB81015158BDE81040CA
:1045400008470000D400002060100020054810B586
:10455000807B002805D003F07FFCBDE8104003F00D
:10456000A1BA10BD601000202DE9F041584D04465D
:1045700086B02878E8BB2078FF284BD04FF00008A1
:10458000A5F80C80C5F8048085F8018085F80280C4
:1045900084F869804F4B504E0FCB8DE80F00B06808
:1045A00040680390684603F073FD03F047FE03F094
:1045B00053FC03F077FA494803F0A2FF484803F0A0
:1045C000A9FF04F1280007460AF0B0FB38460AF0BC
:1045D00072FB014620460AF03AFB94F90E0003F004
:1045E000B1FE2179002003F0E3FC0121A860A8B10D
:1045F00000E00FE004F13401206B09F0F6F9074602
:1046000004F13C01206B09F0F3F94FB194F820104C
:1046100051B905E00C2006B0BDE8F081297055E0E5
:1046200020B194F8210008B1012700E00027207E86
:1046300010B9A07840071CD5D4E912106FF00042E1
:10464000504070EA010106D00CF012FAD4E91223AE
:10465000801A994100D267B1FEF736FC2149A0FBD0
:10466000012304F148000AF0FDFA0121204600F080
:10467000CFF87068C01C09F0BAFAA873A078C00718
:1046800024D04046414660F31741CDE90481FF2024
:10469000E873E66906F10A0713E0049CB44210D0FF
:1046A000727A607A3B4604F10A0109F025FA40B1BA
:1046B000A078E873D4F803002861B4F80700A88252
:1046C00004E004A8FDF708FA0028E6D00020A2E7DD
:1046D000601000202C4D0000D4000020D6BE898E32
:1046E0005555550040420F0070B5044680F87330B0
:1046F0000888A4F87400FF2084F891004FF6FF703A
:1047000016460D46A4F89200002B43D1286909F003
:1047100096FAA4F88A00288BA4F88C00688BA4F879
:104720008E0095F80E0284F89000207E002188B15A
:1047300094F8500001280DD194F85620B0EB921F48
:1047400008D1D4F85100C4F87E00B4F85500A4F89C
:10475000820003E0C4F87E10A4F882101548FF2EF2
:1047600040680278C2F3801284F8772018D050F89D
:10477000031FC4F884108088A4F8880004F178022C
:10478000511E3046FEF786FB28B114F8770F40F033
:104790000200207070BD40F64D412D20FCF798FEC0
:1047A00050F8032FA2678088A4F87C0044F8841F87
:1047B000A18070BDD400002010B50446FFF7D4FEE0
:1047C000002808D104480078012803D000212046A1
:1047D000FFF756FD002010BD601000200A4810B5FC
:1047E0000A490468087800280CD00878022802D00A
:1047F0000878032801D1FFF7A9FE2046BDE8104044
:1048000000F072B910BD0000D4000020601000203C
:104810002DE9F04104468846407EFEF701FB05463F
:10482000207E012688B185B1607EFEF7E1FA60B98D
:1048300004F1510184F8506042460F46284609F0C1
:104840007BF9617E3846FEF7F7FAA07840071DD560
:10485000607EFEF7FFFA050018D0607EFEF7D4FAFE
:10486000002813D184F85E6004F15F0142460C46D3
:10487000284609F061F92146054C606809F0A5FB5E
:104880006068BDE8F041012109F0A5BBBDE8F081F9
:10489000D40000202DE9F041044629480D46406827
:1048A00003F072FD274E0420307055B36088102845
:1048B00023D004F128008046B5680AF0F0F90746D5
:1048C00040460AF015FA381A401EC0B26188282204
:1048D00000F068FA0544A078C0F3C00030B17068F9
:1048E00005440AF05EFA2844C4F8D000227929462B
:1048F000002003F061FD20B90CE02179002003F0D5
:104900001DFB6088132811D007DC102815D0122851
:1049100007D10BE040F6655105E0152806D01D28AB
:1049200004D040F679512D20FCF7D2FD2279BDE864
:10493000F0410121002003F0B1BDBDE8F08100008D
:10494000D40000206010002038B5044690F8B6006E
:104950000B468DF80000009800909DF8000000289C
:104960002ED1207884F8B700FF2B12D004F1B902C1
:10497000511E1846FEF78EFA30B194F8B80040F098
:10498000020084F8B80013E040F6C2712D20FCF755
:104990009FFD0C4840680178C1F3801184F8B8107D
:1049A000D0F80310C4F8B910B0F80700A4F8BD009F
:1049B00004F1AE00BDE838400222034909F06CBCA6
:1049C00038BD0000D40000203BEC00002DE9FE4380
:1049D00016460446032904D094F8680008B1012063
:1049E00000E000200025032903D00127052905D078
:1049F00008E0A1780227C1F3400101E0A178C907CE
:104A000000296BD0002869D13548DFF8D890807B29
:104A100080B109F0EFF83070FF2814D0C0B26A46B8
:104A200002A9FEF737FA48B169469DF8080009F077
:104A3000CBFF05463078FF2805D00DE040F64571E4
:104A40002D20FCF745FDD9F8041011F8030BC0F335
:104A5000801009F0B9FF0546D9F8041094F85720E2
:104A600004F1580311F8030BC0F3801009F044F867
:104A7000D9F80410804611F8030BC0F3801009F038
:104A8000C3F88146FEF726FA38B14846FEF7E2F948
:104A900018B14846FEF7B8F938B100213078FF2840
:104AA0000CD0B8F1000F05D101E00121F6E7627EDC
:104AB000824201D1012003E0002001E028EA010048
:104AC000A278520701D530B908E039B91DB9E07BA9
:104AD00008B1B84202D10120BDE8FE830020FBE707
:104AE00060100020D400002070B50446C08D104D29
:104AF000401CE085A87B002620B103F0ADF902F050
:104B0000D1FFAE732E7094F8690008B101210AE05C
:104B1000607B38B1E18D884204D8012120460AF03B
:104B200064F970BD00212046BDE870400AF05DB90F
:104B300060100020F8B50446FF208DF80000012623
:104B40006A4605212046FFF741FF60B1294D284FF5
:104B50006968FA7B07F1100311F8030BC0F38010AA
:104B600008F0CAFF10B100263046F8BD6A68E06957
:104B7000127810F8A51FC2F34012114001700122F3
:104B80002046E16900F078F800239DF800202046D7
:104B9000E169FFF7A9FD0222174904F16A0009F053
:104BA0007BFBE06902220188A4F8AB1090F8A50015
:104BB00084F8AD00114904F1A20009F06DFB002159
:104BC000E06939700E490B6813B1002221469847FD
:104BD0006868E169D0F8032041F8032FB0F8072096
:104BE0008A800078E169C0F380108870BCE700001B
:104BF00060100020D4000020F1EB0000DFEB00008B
:104C0000E4000020F8B50446FF208DF800000125DF
:104C10006A4603212046FFF7D9FEE8B1207B20B188
:104C20009DF800102046FFF78FFE0D4E00217068A2
:104C30000180042109F0AEF9204600F065F894F8EF
:104C40004020E16B706809F0DCF906490520087026
:104C5000706803F099FB00E000252846F8BD0000CD
:104C6000D400002060100020024801210068FFF7F6
:104C700007BB0000D40000202DE9F041214E804602
:104C80000C467068154650F80F1F6161416821F0AD
:104C90007F41E161408908F0CEFF074620617068DE
:104CA0003946807D09F0C2F8A08470683946B0F8B2
:104CB000170009F0B7F82062706830F81B1F2183D5
:104CC000418861834168C4F8A610017A84F8AA106B
:104CD000417A01F01F0184F8B110407A400984F84C
:104CE0000E0204F1620005724572FF2181720021FB
:104CF000363809F044FB98F90E102046BDE8F04123
:104D000009F041B8D400002070B5074D044600F109
:104D10005101686809F066F994F850106868BDE8B8
:104D2000704009F065B90000D4000020F94400008B
:104D30009543000075440000000000004D44000051
:104D4000A5440000D3EB0000D9EB0000B9470000F8
:104D5000DD470000694C0000484D0000404D000058
:104D60003C4D000010B5421E022A01D9CA2109E0BB
:104D7000401E102909D012290CD013290AD0152958
:104D800005D0D8212F20FCF7A3FB054904E00449F6
:104D9000891D01E00249891F31F8100010BD000093
:104DA000BAED0000421E10B5D2B2012A03D91D2966
:104DB00001D0EE210DE0132913D004DC10290BD013
:104DC000122904D10DE0152908D01D290ED04FF469
:104DD00081712F20FCF77CFB074804E0064808306F
:104DE00001E00548001D30F8120010BD40F25A31B4
:104DF00010FB01F010BD0000A8ED00002DE9F0410E
:104E0000044690F8E00016460F4600285ED1214681
:104E10004F4806F071F90546202857D0502200214E
:104E200004F1C0000BF0DCFF84F8C0500125C4F889
:104E3000C47084F8E05037B1FEF722FD00F007009F
:104E4000401C87F83C0220460AF0B0F9A4F8F000B4
:104E5000022084F8F200A84684F8F350002504F8F4
:104E6000E85F06F0C3FD07460BF0F9FD2189E83C39
:104E7000884200D808463844CF3087B2204609F02F
:104E800069FE30B30BF0B7FB00F5CD6081B2304660
:104E900006F0C0FE3044C4F8EC0088340BF0E8FDA6
:104EA000C0196941C4E91C0184F8408024F8665C9B
:104EB000012009F072FF00F58B70301A60644FF02A
:104EC000FF304108C4E91E01883C25E00C20BDE804
:104ED000F081002120460AF0C9F8DFF87880C4F894
:104EE000EC000020B8F8041049B1618C39B1FEF72C
:104EF000C7FCB8F80410B0FBF1F201FB1200074444
:104F00000BF0B6FDC0196941C4E93E01BEB180197C
:104F100051EB0501C4E9400194F8C00004F1E80137
:104F20000AF042F978B1D4E93E01C4E93601A4F8A7
:104F3000E2500021204609F03BFE0020C7E74FF079
:104F4000FF304108E6E74FF4F6713020FCF7C0FA75
:104F50008FF20000E80000200149888070470000BF
:104F6000E800002005480021017001228270417094
:104F700042F21071818009F078BF0000E800002043
:104F80000149087070470000E800002008494FF40C
:104F90007A72B1FBF2F110B501F52A7109F008FA45
:104FA00040F64801884200D3084680B210BD000098
:104FB0007D52010010B503F0FBF805498A68904264
:104FC00001D8487808B1002010BD012010BD0000B4
:104FD000E800002010B50446062938D2DFE801F0C9
:104FE000051103141532002106E0D4F89C0210B11B
:104FF00020460AF06CF801212046BDE8104000F080
:105000002BB9032084F84C0210BD03F0DDF8C4F87E
:105010009C0294F86B0003F09BF9D4F89C12884230
:1050200004D940F2DA313020FCF752FA94F86B00E0
:1050300003F08EF9D4F89C12081A06498A681044C5
:10504000886010BD2046BDE810400AF0C9B940F2A2
:10505000A371E8E7E80000202DE9F0410C46804606
:1050600012B140F2CD7135E003F0A2F807460020FE
:1050700084F8C800D4E93E5684F8E000012084F8A2
:10508000E10054F8C40F0121FDF79CFF2068C0F82F
:105090008052C0F88462216814F8040C81F89402EC
:1050A0002068C0F898722068C0E9A25654F8C40974
:1050B0000AF0A2F910B140F25A710BE00AF000F8C0
:1050C00094F8C0004246064905F0CEFE002804D1FF
:1050D00040F2B6713020FCF7FBF9BDE8F08100002A
:1050E000FBF2000010B50C2804D340F25B3106201F
:1050F000FCF7EEF9014931F8100010BDAC58000082
:105100002DE9FC41174D0120687000244FF6FF7611
:105110000BE00021FCF774FC07000CD097F8940218
:1051200005F0D2FE38460AF0A5F8204664F3174091
:10513000CDE900400EE04FF491713020FCF7C8F942
:10514000009838B190F89412202903D00088B0421A
:10515000DFD104E06846FCF7BFFC0028F0D06C709B
:10516000BDE8FC81E80000202DE9F04704463948FD
:105170001E469046807889460025002863D006F0B8
:1051800009FDE0B3B4F8380202285CD394F84C026D
:10519000022858D094F8620288BB94F80E02FFF7F8
:1051A000A1FF00F5C86081B2318094F84C0200275D
:1051B00001280DD0206906F02DFDB4F826224244C6
:1051C000A2EB0901D4F85422821A01FB027535E0E2
:1051D00094F8A100032839D00121002008F0C1FD76
:1051E000216A47183188D4F8440206F013FDD4F838
:1051F0004022D4F84812821A01FB025500E022E056
:10520000C4F840023188384606F004FDD4F8501244
:10521000C4F85002411A0D443188206906F0FAFCA6
:10522000B4F826224244A2EB0901D4F84822891A94
:10523000D4F85422821A491E01FB0255C4F85402C4
:10524000012084F862022846BDE8F087D4F84402C1
:10525000C6E70000E800002038B500250446012913
:1052600002D11048407870B1042084F84C0200BF8D
:1052700009F026FFA4F89252B4F89400A4F85E0254
:1052800084F8615238BD0095B4F81412012300224D
:10529000204600F009F80028EAD040F217713020CB
:1052A000FCF716F9E80000202DE9FF4F8BB004460B
:1052B00090F86B0099460F46089305900BF09BF908
:1052C000054694F80E02FFF70DFF2844ADF80400E0
:1052D00094F89E000D2804D0002007900D9810B17E
:1052E0002EE00120F9E794F84C02032828D1079812
:1052F00030B3B4F8BC02B84222D1D4F85402C4F896
:1053000040022069C4F84402B4F89202B4F82612AC
:105310000844C4F84802204600F0D4FAD4F8C00289
:105320002062B4F8BE02A084D4F8C4022061B4F8AC
:10533000C8022083B4F8CA026083022084F84C02B9
:10534000B4F8940004F51A75381A0FFA80FAB4F814
:105350009002381A0FFA80F8B8F1000F08DAD4F882
:105360008002D4F88412D046C4E9A201012008903A
:1053700001AB524641462046FFF7F6FE049094F8F2
:105380004C02DFF838B340B101287CD0022853D05A
:10539000032879D040F286518CE10121002008F0E9
:1053A000E0FC0646206ABDF80410304406F032FCEA
:1053B000C4F85002BDF80410206906F02BFCC4F8B4
:1053C000540206A908A802F057FE06980090D4E9F6
:1053D000A201DDE9082306F037F88246204609F0ED
:1053E000FFFF94F86B00D4F8988202F0DFFF4AF2D6
:1053F000A13101444FF47A70B1FBF0F0216AD4F886
:1054000050223144081A811A41442039A1EB0A067E
:105410005000A18C6030014494F86B0009F0B2FE9A
:105420002230CBF80C00D4F89802301AB0F5E87F9F
:1054300058D240F21F513DE1D4F84412206A08448A
:10544000BDF8041006F0E6FBC4F85002BDF80410E5
:10545000206906F0DFFBC4F85402204609F0C0FFC3
:10546000B4F8260210BBB9F1000F1FD094F86B807E
:10547000404602F09BFF4AF2A13101444FF47A709A
:10548000B1FBF0F001E02EE04AE0D4F85012226ABD
:105490000844D4F8441211440E1A404602F058FF52
:1054A000D4F89C12081A0644203E06E0216AD4F87B
:1054B00044020844D4F85012461AD4F84822D4F8CA
:1054C0004012D4F8500201FB02004000A18C603071
:1054D000014494F86B0009F055FECBF80C00012054
:1054E00084F84C0261E0D4F854122069B4F8262202
:1054F000461A02EB0A00D4F84822D4F840C2801AB7
:10550000D4F85032401E0CFB023200FB0120400058
:10551000A18C6030014406FB08F694F86B0040E073
:105520002069D4F8541200FB08F008FB110694F827
:105530009D00252803D094F89E00252809D1B4F8B1
:10554000BC02381A00B2002803DB94F8BF0200B195
:1055500005900898D8B1B4F82602C0B9D4F89C02D6
:1055600000287DD094F86B0002F020FF4AF2A131B0
:1055700001444FF47A70B1FBF0F0361A94F86B00E6
:1055800002F0E6FED4F89C12081A0644203EB4F855
:10559000261201EB0A00D4F854124843410060314E
:1055A000059809F0EFFDCBF80C000498DBF80C200F
:1055B000311AD4F854622069801BA0F25A20CBF82B
:1055C0001000824200D81046C4F8200200262E7037
:1055D0006E202881D4E9A22051187041C5E9041039
:1055E00004F12C0008F0EFFED4F8201208446860A3
:1055F000D5E90401C4E9A201A4F89072AE72B4F82E
:105600001002C01B00B2002801DD0220A87207981A
:1056100038B3B9F1000F1CD0B4F83812F1B3B4F8B4
:105620003A0200BFA4F83A0294F83C22401C4243DC
:105630008A420ED2A87A60B1AE72B4F83A02401C27
:10564000A4F83A02FEF716F900F00700401C84F8AF
:105650003C0294F89402294609F0A6FD40B301E00B
:1056600009E00BE00D9880F0010084F86002002052
:105670000FB0BDE8F08F40F271511BE0B9F1000F9F
:10568000CAD194F84C020028E3D0D4F8541220690F
:10569000411A284608F07BFB000400E006E0000CFD
:1056A000D7D0189901B108800120E1E70020B9E7BF
:1056B00040F2CF513020FBF70BFF0000E800002044
:1056C0002DE9F041054690F86B00282109F049FCCE
:1056D00000F52E780BF0C3F96E2800D86E20D5F8AF
:1056E0005412A0F16E032A690B449A4203D9511A4D
:1056F0000C1A6E3400E000241A4F387818B9E86AA2
:10570000A04200D8044605F12C0008F05CFE0646D5
:1057100095F86B0009F057FED5F820123044461872
:10572000A41B002C00DC0024022004F0A9FC84420D
:1057300000D304460221204604F0AAFB00B9264407
:1057400042463146284608F0DDFDB86095F86B000A
:1057500009F039FE301ABDE8F041A0F26F1005F0F3
:10576000CFBD0000E80000207CB504460BF080F9B6
:10577000D4F88032D4F88422C01A61EB02010022EE
:105780001346121A8B4102DB40F24C614DE0421C81
:1057900071F1000102DB40F24D6146E02269002117
:1057A0000AB1B0FBF2F194F89E000D28B4F85E0245
:1057B0001BD0B4F894205318C31A1BB2002B01DB82
:1057C000401C01E0491C5018A4F85E0294F86102E4
:1057D0008DF80000009800909DF8000040B9B4F8E2
:1057E0005E02B4F81412884202D1401CA4F85E0292
:1057F000B4F89202401CA4F89202B4F8CE00B4F8B7
:10580000CC10401AB4F89410401E084485B226E02B
:1058100001A8002300901A462046FFF745FD002806
:105820003AD0012804D040F28C613020FBF750FEC2
:10583000B4F85E02B4F81012421A12B2002A09DA61
:10584000BDF804200244AA1A12B2002A02DAA4F80F
:105850005E1204E0BDF804100844A4F85E02B4F837
:105860005E12681A00B20028D2DA94F8A10088B15A
:105870005FF0080084F8BD000222084904F1B4007A
:1058800008F00AFD204609F02DFE2046BDE87C40C8
:1058900009F0F0BC3E20EDE77CBD0000B3E5000060
:1058A00000000000141E000030110000F401FA0096
:1058B000960064004B0032001E0014000A00050030
:1058C0000200010010B50446D0F8C40221698842E4
:1058D00009D1B4F8C812228B914204D1B4F8CA128B
:1058E000628B914214D02188A4F8C01108F0A7F966
:1058F000A4F8C201B4F8C802A4F8C401B4F8CA02FA
:10590000A4F8C6010222074904F5DB7008F0D8FCB0
:1059100002212046FDF756FB002004F89E0F0320CD
:10592000E07010BD3FE600000648054901650649E4
:105930004165074805490165064941657047000012
:10594000556900001401002087E6000063E60000AE
:10595000C00100202BF600001E481D4981601E4931
:1059600041601E4901601E4981621E49C1621E4993
:10597000C1601E4981611E4901631E4901621E49C1
:10598000C1641E4981641E4941641E4941631E4928
:10599000C1611E4941621F481D4981601E49C161A4
:1059A0001E4941621E49C1621E4901611E49416191
:1059B0001E4941641E4941631E4981611E490163BC
:1059C0001E4981641E49C1641E49816370470000FD
:1059D000F5E5000014010020C13800002D39000059
:1059E00071E70000BDE70000F1390000D5E70000D5
:1059F000ED3B00008D3A0000D5E800008DE8000086
:105A000045F500003D6A00008D6A0000F93A00008B
:105A100021E60000C0010020CD6B000027F6000049
:105A200067F6000001F60000FFF60000ADF600008A
:105A3000DDF60000596B00001DF70000B1E8000022
:105A4000FBE80000FBF600000648054981650649B1
:105A500001660748054981650649C1657047000030
:105A60002B06010014010020A1780000CD060100E2
:105A7000C00100208DF60000F8B57C4C0121A4F196
:105A8000100621700025606075807570357080F893
:105A90001B120088FCF702FA80B160680088FCF7EE
:105AA0000BFC60680088FCF7AFFB6068B0F812126E
:105AB000C9B1803009F025FD18B114E040F6D911C4
:105AC0006CE0606890F830118DF80010009900913A
:105AD0009DF8001039B190F89F20012319468030BD
:105AE00008F0B3F880B16068803009F00AFD28B191
:105AF000606890F8260100BF00F02EFB606890F807
:105B00001D1289B1B5801EE06068A0F8D05090F8F1
:105B1000311180F828110121022000F0E3FD6068B6
:105B200080F81A520220E7E790F8BE118DF80010B5
:105B3000009900919DF8001019B9C18C028B914217
:105B400000D8018BB180B0F81612491E8FB2B0F8A0
:105B500018123944A0F8181230F8CC1F39440180CB
:105B600001F062F820B1606850F8C01F394401604C
:105B70006168B1F81202012802D8401CA1F8120293
:105B80000FB181F8245281F81A52B1F8162201F1AE
:105B9000800008F085F920B14FF422613120FBF735
:105BA00097FC606890F89E100A2901D00B2919D142
:105BB000B0F89420B0F8BC32D21A12B2002A11DB2D
:105BC000D0F8BE12C0F8A61090F8C21280F8AA1041
:105BD0000321FDF7F7F9606880F89E50FF2180F8F7
:105BE000F41026E0252911D1B0F89410B0F8BC22A9
:105BF000891A09B2002909DB80F89E5000F02CFEBA
:105C00000028606880F83C5129D012E090F89D107F
:105C1000252901D027290CD1B0F89410B0F8BC2266
:105C2000891A09B2002904DB80F89D5000F014FEA7
:105C3000A8B10F480090D6E904010E4B0E4AFCF7BC
:105C4000D1FB60680123052190F89E20803007F089
:105C5000FCFF002809D0BDE8F840FCF7BDBBBDE85B
:105C6000F8400021084600F049BBF8BD0C010020B7
:105C7000FD620000395E0000A56700001D4908B5FF
:105C8000496891F89E20C0B1112A06D0152A07D084
:105C9000162A09D01C2A28D109E000210B2008E08F
:105CA000144809F066FC06E000F03AFD03E000212C
:105CB000062000F017FD012008BD222A04D02F2A5B
:105CC00013D100211120F4E791F83C0102280ED0F5
:105CD00091F83C01012808D191F83D018DF80000B0
:105CE000009800909DF8000008B1002008BD002138
:105CF0001720DEE70C01002038B5002873D13B4C9B
:105D00006068D0F88C10CA0702D00021092066E034
:105D10008A070AD500210C2000F0E4FC606810F826
:105D2000DD1F41F0010101705BE04A0702D500214F
:105D3000132054E00A0706D590F8201180F82811A6
:105D4000002107204BE011F0300F44D090F83311C0
:105D50008DF80010009900919DF80010C1BB90F8DB
:105D6000321100258DF80010009900919DF8001067
:105D7000C1B190F89E1025292BD090F89D102529AF
:105D800027D0002300F2BE2200F5997108F0ACFA8A
:105D9000606850F88C1F21F0200141F01001016073
:105DA00080F8A650606890F88C10C9061BD508F0E2
:105DB000B6FA0E4808F0A5FC616801F12C00C28B10
:105DC000A1F82821408CA1F82A010021152006E025
:105DD00009E00123D6E7480605D50021242000F07C
:105DE00081FC012038BD002038BD00000C010020DE
:105DF00010B5104C01230021606890F89D20803080
:105E000007F023FF40B160680123042190F89E2031
:105E1000803007F01AFF08B1002010BD606890F8CC
:105E2000CA000028F9D00121122000F05BFC0120FB
:105E300010BD00000C0100200D4902464878A0B9B1
:105E400001F11000406842B18978090703D590F844
:105E50009F00072809D00120704700F12C018A8C8F
:105E6000818E8A4201D8FFF7A5B800207047000054
:105E7000FC00002038B5324C05466068803009F0DF
:105E800040FB00285BD1002D59D1606801231946E1
:105E900090F89F20803007F0D8FE00284FD160682E
:105EA00090F830118DF80010009900919DF80020B5
:105EB000002142B1A0F8D01090F8311180F82811DB
:105EC0000121022030E090F89E200123042180303F
:105ED00007F0BBFE0546FFF70FFF00282FD128462D
:105EE000FFF7CCFE00282AD1FFF782FF002826D139
:105EF000606890F89D1009291AD0002D1FD100F07C
:105F00001DFB00281BD160680123002190F89D2013
:105F1000803007F09AFE002811D0606890F8B40233
:105F200000280CD00121FF20BDE8384000F0DABB8A
:105F300090F8211180F8281101210720F4E738BDDD
:105F40000C010020F8B52B4D060005F1100433D1EB
:105F500000F0B4F800F052F806002DD16988480727
:105F600006D5606890F89F00062801D101202870AE
:105F7000880716D5A868C0782B2807D21E4951F883
:105F8000201019B11B48103088470AE0FF2804D0C0
:105F900040F27C513120FBF79BFA1648103009F093
:105FA00026FBA878C00607D5606890F89E100A29DD
:105FB00002D10B2180F89E106878000718D5606820
:105FC0000123052190F89E20803007F03EFE08B1A5
:105FD00008260DE00025694603200095FCF7D4FA59
:105FE000009828B1057210226168009808F054F9F1
:105FF0003046F8BDFC000020C00100202DE9F04132
:106000002C4F0020B978C90717D007F11006FC689B
:1060100070680123E57890F89E200521803007F014
:1060200014FE60B1AD1E0A2D06D2DFE805F00808A7
:1060300005050808050508080820BDE8F081204688
:10604000FDF706F930B1E57845B1012D06D0162DE2
:1060500018D103E017482146103026E0706890F808
:106060009D0008F088FA68B1716891F89D002028B9
:1060700008D0212803D0162D10D00220DDE72E20D5
:1060800081F89D002B2D0BD20B4850F825203AB1FA
:10609000F968BDE8F0410748103010472020CCE7F0
:1060A000FF2DD7D1034821461030BDE8F04108F05C
:1060B0003FBA0000FC0000201401002070B5254EFE
:1060C000B078000745D506F110046068803009F00B
:1060D00018FA48B16068FE21002580F8261190F872
:1060E0009E101A290ED104E04FF4B1613120FBF764
:1060F000EFF980F8DB501748103008F00BFA6068B1
:1061000080F89E50606890F89D10202902D03129B7
:1061100016D10EE090F89E2001230B21803007F06D
:1061200094FD08B12E2000E02120616881F89D00D7
:1061300006E0012180F8B51280F89D5080F8D65015
:10614000606890F89F10072903D10221317080F810
:10615000261170BDFC00002038B505466846FCF7E6
:1061600095F808B32222002100980AF039FE032195
:10617000009808F00AF80098017801F0EF0101702A
:106180002946FDF775F85B4C112D32D00FDCA5F1D7
:1061900002050D2D1FD2DFE805F0211E55A3A32611
:1061A0001E621EA33F39900040F632019EE0172D7B
:1061B00075D008DCA5F11205052D0CD2DFE805F03D
:1061C000909054543800232D7BD0242D79D0252D48
:1061D00077D0FF2D7CD040F6E40187E0616800981D
:1061E00091F8281116E06068009990F8280108716C
:1061F00076E0606890F82311009807F0B2FF6068BD
:1062000090F82211009807F0B0FF69E061680098EB
:1062100091F82211017163E000980D21017159215B
:106220004171002181710221C1711121017257E078
:106230000098616891F83E110171616891F83F1111
:1062400041714DE06168009801F50C7107F044FF61
:106250006168009801F58E7107F03BFF40E025482A
:106260000099FDF791FC3BE06068B0F84C10009895
:1062700007F093FF6068B0F82A11009807F091FFCB
:106280006068B0F84810009807F08FFF6068B0F8B9
:106290002811009807F08DFF22E000E011E061680E
:1062A00091F83C0101280098C4D091F86610017162
:1062B000616891F86710C3E70AE00098FDF70EFCEB
:1062C0000EE00D4B0B4A28461B680099984707E0E3
:1062D000606890F8B722D0F8B812009807F047FF2E
:1062E000FBF7AEFF002804D140F6E8013120FBF7B0
:1062F000EFF838BD0C0100206C0200202DE9F35F9F
:106300008C4E8A4670680088FBF7C8FD07000CD0E9
:10631000A6F110054FF000046888C0050AD5706822
:10632000A0F8CC4080F8244209E040F6C331312087
:10633000FBF7CEF8716831F8CC0F401C088000F0F4
:1063400073FC4FF0010940B36888000506D57068FA
:1063500090F8A31011B1C0F8C0401EE07068D0F8EA
:10636000C010491CC0F8C010D0F8C4208A4201D324
:10637000531A00E00023B5F804C00CF1050C634586
:1063800001D880F8CA90914207D3C0F8C0400222D9
:10639000694900F2571007F093FF68884FF0020B2D
:1063A00010F4407F0ED0706890F8A11011B103294D
:1063B00008D102E080F8A19001E080F8A1B00121AD
:1063C000FEF708FE7068B04690F8A110012904D1CC
:1063D0006988490501D580F8A1B00099002979D1D3
:1063E000A978490602D5A0F8384204E0B0F838127E
:1063F000491CA0F838125046FFF7A4FD40EA0A00F5
:106400008246FFF737FDD8F80460B6F81802401C42
:10641000A6F8180296F81C0228B1FCF7F3F8B0B100
:10642000A6F8184213E0FBF7B3FF08B1A6F818422C
:10643000FBF7A8FF58B196F82402401CC0B286F8BA
:106440002402022803D9A6F8184286F82442D8F874
:1064500004004646012390F89E200021803007F07A
:10646000F4FB20B9706890F89E000B285FD170682B
:106470000123002190F89D20803007F0E6FB50B307
:1064800070680123002190F89F20803007F0DDFB29
:1064900008B3706890F8A110022948D190F824023E
:1064A000C8B9384606F043FFA8B17068803009F0DB
:1064B00028F880B97168B1F81202012837D981F83B
:1064C0001A92B1F8CE20B1F8CC00931E984203DBAB
:1064D000012004E01CE02AE0101A401E80B2B1F84E
:1064E0001832AA88934201D3012202E0D21A521C28
:1064F00092B2904200D91046012801D181F81A4287
:106500007168B1F894201044A1F8140200F0A8FCBE
:10651000A8785246C0F38011009800F099FBD8F893
:10652000040080F81B42BDE8FC5FFBF773BE01204E
:106530007168E3E70C0100207FE800007CB5684C3F
:1065400001230021606890F89D20803007F07DFBDA
:1065500000287AD0606890F84311002539B10121F4
:106560000E2000F0BFF8606880F84351B6E090F864
:10657000421119B190F8DD10890716D090F8321148
:106580008DF80410019901919DF8041041B190F823
:1065900033118DF80010009900919DF8001089B119
:1065A00090F83C11012930D040E001210C2000F08E
:1065B00099F8606810F8DD1F41F00101017080F862
:1065C00065508BE090F89E1025291CD090F89D1006
:1065D000252918D05FF0000300F2BE2200F5997162
:1065E00007F082FE606880F832510121142000F02B
:1065F00079F8616801F12C00C28BA1F82821408C48
:10660000A1F82A016AE00123E6E790F83D118DF830
:106610000010009900919DF8001039B990F89E2063
:1066200001230B21803007F010FB78B1606890F8EF
:1066300049118DF80010009900919DF80010C1B328
:106640000121232000F04EF848E031E0606890F826
:106650006A0008F05EFF0546606890F86B0008F07D
:1066600058FF0646606890F83E11284608F05CFF27
:1066700058B1606890F83F11304608F055FF20B1DE
:106680000021174801F0EAF811E0606801230321B6
:1066900090F89E20803007F0D8FA40B96068012356
:1066A000022190F89E20803007F0CFFA10B1002030
:1066B0007CBD02E001211620C4E790F846018DF868
:1066C0000000009800909DF800000028F0D0012103
:1066D000252000F007F8606880F846510120E7E7C0
:1066E0000C01002070B50D4C06460D4660688030E8
:1066F00008F007FF20B140F6ED013120FAF7E8FE7F
:106700006268002082F8266125B122F8D20F0120AC
:10671000107170BDA2F8D80070BD00000C010020FF
:1067200038B51F4C0025606890F8A01201290AD0E6
:10673000022933D190F8DC10D9B1062180F8281154
:106740000021022025E090F808128DF80010009931
:1067500000919DF80010002920D100F5847300F508
:106760000A71002200F2A12008F051F90021052051
:106770000FE0062203210A4807F0EEFE606890F859
:10678000EC00800810F0010F01D0112000E00D2076
:106790000021FFF7A7FF606880F8A05238BD000015
:1067A0000C01002070B52B4B0246588810435880CE
:1067B00003F11000402A40680DD096074FF0000505
:1067C0004FF001044FEAC2760CD54EB14FF433615D
:1067D0003120FAF77DFEBDE870400421FEF7FABBD8
:1067E00099601CE0C6B1D960C978062902D00B298E
:1067F00012D109E090F89E1018290DD10021C0E9AE
:106800003E1180F8A24007E090F89E10122903D1B3
:1068100080F8A25080F8DC40910716D59968C978B5
:10682000052902D00B2910D109E090F89E101629F5
:106830000BD10021C0E9401180F8A34005E090F899
:106840009E10112901D180F8A350900601D508208F
:10685000587070BDFC0000202DE9F041294C012545
:10686000626892F8BE1209B1012700E0002792F891
:10687000BF0208B1012600E000260FB992F86A10A5
:106880000EB992F86B0002F1620319725872FF2080
:1068900098721D4803680BB110469847606890F8DD
:1068A0003C01012801D007B91EB10021154800F0B4
:1068B000D5FF60682C3007F086FD0646606807F05B
:1068C0002EFD30B1616801F5B07231F82C0BFCF788
:1068D00007FF05216068FEF77DFB60682C3007F03C
:1068E00072FD0446A6420AD203F014FC0146A01B26
:1068F000682800D2682003F0CBFA00B100252846B2
:10690000BDE8F0810C0100207402002070B5104D2C
:106910006C6894F89D20212A02D02E2A02D014E01F
:10692000014609E094F89E2004F1800001230B2128
:1069300007F08BF918B92A21054800F08FFF696824
:10694000002081F89D0081F8D600002070BD000075
:106950000C0100202DE9FC4104464068884690F86F
:106960008C0010F0300F02D00120BDE8FC810846F9
:1069700007F0C3FB30B3404607F0B9FB074640467B
:1069800007F0B9FB0646404607F0AFFB0546404618
:1069900007F0AFFB01460097606833462A462C306B
:1069A00007F01BFD244881788A074FF0010103D5C9
:1069B0008068C07814280BD0606890F89D001D286E
:1069C00006D008E041462046BDE8FC4107F0B0BDD6
:1069D000606880F86010606890F86010012911D03C
:1069E00090F833118DF80410019901919DF804106D
:1069F00041B990F832118DF80010009900919DF87E
:106A0000001049B150F88C1F41F010010160204680
:106A100007F078FD0020A8E750F88C1F41F0200116
:106A2000016005481030406800F5BA7200F12C0191
:106A30000088FCF785FEEAE7FC00002002461248C9
:106A40000979436893F89D00212811D02E280FD092
:106A500028280FD004280FD00F280FD01D280FD0C2
:106A600093F89E0023280DD05FF0FE0000F050B890
:106A70001620FBE72320F9E70E20F7E71220F5E7C1
:106A80001420F3E71720F1E70C01002070B504464D
:106A900040680B79002590F89D00162B13D006DC7A
:106AA0000E2B09D0122B07D0142B2DD104E0172B5D
:106AB00002D0232B28D120E022460121184600F0E5
:106AC0007FF9054620E0212801D02E281CD1204640
:106AD00007F048FD606890F89E10222914D0082124
:106AE000EC3008F0DBFC60680B21EC3008F0D6FCE1
:106AF0001A21204600F0B2FE06E0282804D10348FF
:106B000002680AB120469047284670BD78020020EE
:106B100003460020172B17D00ADC0E2B14D0122BA3
:106B200012D0142B10D0162B12D10846FFF7EEBE50
:106B3000232B03D0242B01D0252B09D1054A126821
:106B4000002A05D0184610470021184600F038B931
:106B5000704700007002002070B50446406890F84D
:106B60009E101C2904D040F2E7413120FAF7B0FC16
:106B7000002580F8DB50606890F8DC1061B180F887
:106B8000DC50606802220188A0F80A1260680D4992
:106B900080F8095260680CE00188A0F80A12606869
:106BA00080F8095261680120022281F80C0206492E
:106BB000606800F5007007F06FFB606880F89E5019
:106BC00070BD00003FE7000023E70000154910B545
:106BD00089680A79416891F89D30092B0AD191F8AA
:106BE0002131934206D1002281F89D20406880F82F
:106BF000D62010BDD1F88C301C0707D523F0080231
:106C0000C1F88C20BDE8104007F084BCFF2A04D0F6
:106C100040F287413120FAF75BFCBDE8104008F0F4
:106C2000E6BC0000FC000020084810B5406890F861
:106C3000A31041B990F89E2001230621803007F06F
:106C400004F8002800D0012010BD00000C01002035
:106C5000F8B5594C064615466068002211B1A0F8F7
:106C6000262206E0B0F82612B0F816221144A0F849
:106C7000261290F830118DF80010009900919DF8BF
:106C8000001039B990F89F2001231946803006F092
:106C9000DCFF30B1606830F8D01FB0F846211144F5
:106CA0000180606890F8D62032B1B0F8D210B0F808
:106CB00016321944A0F8D21090F9DA30002B06DD14
:106CC000B0F8D810B0F816723944A0F8D81090F87F
:106CD000BD1009BBBEB9384910390978022906D060
:106CE00001290AD0F5B1E9060BD51E2142E090F842
:106CF000281106293ED016213CE090F8A01059B981
:106D000054E0290701D53D2134E0A90601D523210E
:106D100030E0A90701D02A212CE040F6DD21312006
:106D2000FAF7D6FB2AB1B0F8D210B0F8D4209142CD
:106D300016D2002B05DDB0F8D810B0F8D42091425F
:106D40000ED2B0F8D020B0F8CE108A420AD390F814
:106D500030218DF80020009A00929DF800200AB1A1
:106D6000222107E090F8A12072B1B0F8CC208A422D
:106D70001CD3082190F8BC208DF80020009A0092C6
:106D80009DF800206AB905E0B0F8CC1006290DD3B3
:106D90003E21EFE780F8BD1002220849B43007F029
:106DA0007BFA6068BDE8F84008F09CBBBDE8F8409D
:106DB0000021FEF70FB900000C010020B3E5000030
:106DC00070B514460E4661680246002591F89D0094
:106DD0000E2A0AD0122A11D0142A17D0172A24D02A
:106DE00040F24E213120FAF773FB042833D12046BC
:106DF00007F0B8FB2046FCF7DBFE2CE00F282AD179
:106E00000021204607F066FD054624E01D2822D11A
:106E1000204607F0A7FB26B160680521EC3008F09A
:106E20003DFB0E4807F06DFC15E091F89E0023280D
:106E300011D1002681F89E60204607F06BFB606848
:106E400090F83C01012803D10021204600F006FD06
:106E5000606880F83C61284670BD00000C0100208D
:106E600070B52E4D686890F8A11051B1012908D075
:106E7000022909D0032907D040F652113120FAF730
:106E800027FBB0F8141237E090F89F10072936D08E
:106E9000B0F8CC20B0F8CE100024931C994206D351
:106EA000891A891E0C04240C01D0641EA4B290F827
:106EB000CA1039B190F89D2001230921803006F0D5
:106EC000C4FE40B3FFF7B0FE78B16A680020D2F884
:106ED000C410D2F8C020931C994203D3881A801E94
:106EE00000D0401EA04200D284B20CB1641EA4B2F5
:106EF0006868B0F814122144A0F8101270BDB0F800
:106F0000CC100329BDD330F8941F428F1144491C83
:106F1000A0F87C1170BD0024EAE700000C010020FD
:106F200070B544680D2204F59875002104F16F00D6
:106F300009F056FF4FF4A3700021A4F84411015545
:106F4000A5F81710697608465FF07F0104EB400250
:106F5000401CC0B282F874100228F7D394F96E1066
:106F6000204608F03AFC0020FF212218401CC0B245
:106F700082F877100228F8D370BD0000F0B56FF0EA
:106F80001F02010C02EA90261F25A1F5AA405438E1
:106F90000DD0A1F5AA40553809D0A1F52850AA383E
:106FA00005D0A1F52A40AA3801D0012000E0002038
:106FB000002213464FEA020482EA0107FF431F43FF
:106FC0007F1C0FD006F00107520842EAC73205F0D5
:106FD00001075B0876086D08641C43EAC733162C6A
:106FE000EAD3F0BD0020F0BD03494A880280097849
:106FF0008170002070470000201000203EB50C4634
:1070000005460088694606F009FE002228B1C4F84A
:107010000220A271228002203EBD019911F180015F
:1070200081F87420D1F82600C4F8020091F82A00F3
:10703000A0712888208091F874008DF808000298CB
:1070400002909DF808000028EAD13EBDFEB50D462D
:1070500006460088694606F0E1FD00281AD1DDF8F1
:107060000440002784F86C7014F86A0F09F099F84E
:10707000A870607809F095F8E870A0788DF808009D
:10708000029802909DF808006A3C0028EAD13088F6
:1070900028800020FEBD000003490A88028049883C
:1070A00041800020704700007E0200203EB5002491
:1070B00002A98DF804408DF808400091827841784B
:1070C000007801AB09F0F4F9002812D19DF8040012
:1070D00009F02EF970B19DF8080009F029F948B1BE
:1070E00005489DF8041081739DF80810C17304824F
:1070F00000203EBD11203EBD2010002010B50446EA
:107100004188008809F029F9002805D10348218821
:10711000018061884180002010BD00007E020020B7
:107120002DE9FC410F460546067809F0B4F8002821
:107130000ED1284609F089F8002809D101213046EE
:10714000FAF75EFC040005D007F08CFE70B10C204D
:10715000BDE8FC8101213046FAF71AFC040013D087
:10716000154890F90010204607F098FC204607F0DB
:10717000FBFC3870E87429462046FCF769FF064698
:10718000687EB8B116B115E00720E1E70022684635
:10719000216B06F0BEFB00220121206B06F033FCC0
:1071A00004226846216B06F0B4FB00221146206BD6
:1071B00006F029FC3046CBE77C020020017871B153
:1071C000417861B141881B2909D381881B2906D3E5
:1071D000044902680A608088888000207047122075
:1071E0007047000020100020006840F2E241884211
:1071F00003D30349886000207047122070470000C5
:1072000020100020034AD2E90012016042600020F1
:1072100070470000B87600000EB50088694606F099
:10722000FDFC60B9019809F0FFF840B101980146F2
:1072300090F84221803001F5A17162B901E002208D
:107240000EBD90F866208DF80820029A02929DF8F3
:10725000083001220BB13A200EBD90F85D309B073B
:1072600006D0022205495E3007F02AF800200EBD44
:107270000A70684606F0E4FFF8E700000DE9000038
:10728000024940F6A660886008F061BF2010002027
:107290002DE9FE43334C13460E46B0F854202588A2
:1072A000B0F85210954200D22A4690468D4200D343
:1072B0000D46648840F64802944201D2214600E01F
:1072C000114600D314462746914200D311460C467E
:1072D0004FF4A4721B2D01D0974204D1B8F11B0FBB
:1072E0003ED094423CD06A46194609F044F8BDF8B5
:1072F00006004146404500D90846F080BDF8081018
:10730000A14200D80C463481BDF80210A94200D831
:107310000D467580BDF80410B94200D80F46B780FD
:10732000FF2131701B38E02802D94FF4B66114E018
:107330001B3DE02D02D940F2B2510EE04FF4E06067
:10734000A4F5A474844202D940F2B45105E0A7F533
:10735000A477874204D940F2B6513920FAF7B8F839
:10736000BDE8FE837E02002070B586B0044600F0C2
:1073700031FA400940EAC1602D4EC00704F12C05E6
:1073800002D07188B08801E01B210846E984288575
:1073900000F020FA88074FF0010505D58DF8005060
:1073A00068460194FFF7BCFDB068E06241F64C51BD
:1073B00021612188ADF80410B17B8DF80610F17BB6
:1073C0008DF80710318AADF8081004A900912846FD
:1073D00003AB01AA214609F004F838B12088002146
:1073E000FAF7CAFB08B340F27D511BE09DF80C0090
:1073F0008DF814009DF810008DF81500BDF80800F8
:10740000ADF8160005A9204606F0A7FC707800909C
:107410003378B28871882088FAF76AFC002805D092
:107420004FF4B1613920FAF753F8092006B070BD66
:107430002010002010B5052000F0C0F9FEF774FA06
:1074400002490148886010BD917200007C02002052
:1074500010B501210020FAF7D3FA04000AD1012166
:10746000FAF796FA040007D0064890F90010204673
:1074700007F014FB204610BD4FF44C713920FAF789
:1074800027F800007C020020F8B50C46054607F0FE
:107490006EFB58B1284607F05DFB48B1B4F8010017
:1074A000122108B1802803D90846F8BD4221FBE724
:1074B000284607F042FB20B1284607F0D3FC30B93C
:1074C00001E00C21F0E7284607F0C4FA08B10C20CF
:1074D000F8BD2846FCF76CFD10B3B4F8016042F229
:1074E00010704643E178284607F01EFB284607F057
:1074F0002DFBB8B100216846FAF710FB04001BD041
:107500000021FBF75FFDBDF80000208021462846E2
:1075100007F042FB284607F021FB78B1012111E07A
:107520001220F8BD324600212846FDF767FC0028EE
:10753000F7D041F2697112E00D20F8BD284607F03E
:1075400029FB01462046FFF70FFF0028F5D1324600
:1075500021462846FDF752FC20B141F28C713920BA
:10756000F9F7B6FF0448836823B1002204F5997146
:10757000204698470020F8BD7C0200202DE9F0410C
:1075800088B00446008806A906F048FB002847D1C9
:10759000079890F87C118DF80810029902919DF8D7
:1075A0000810803001B101218DF80C10017B4FF0E3
:1075B0000008890602D59DF80C1049B15FF0000162
:1075C0008DF8041005216C3008F058F910B104E072
:1075D0000121F5E79DF8040008B32189E08808F04F
:1075E000BCFE00281CD1A188608808F0B6FE0028E7
:1075F00016D12189E08808F0A6FE002810D1A188C4
:10760000608808F0A0FE06000AD1079800F5997579
:10761000FF276F709DF80C1029B13A262EE01A2032
:1076200008B0BDE8F081414603AA08F0A4FE6188D5
:10763000BDF81200814200D20846E880A188BDF85A
:107640001400814200D208462881E288BDF80E105D
:107650008A4200D2114669802289BDF810108A4200
:1076600000D2114640F64802A980914200D311464B
:10767000A980904200D202462A812F7085F80180AD
:107680003046CDE710B50A4800210A4BC17481820B
:107690001B221A804FF4A4745C808173C17303238E
:1076A000037002234370428082808174017310BD95
:1076B000201000207E0200200D02110D5900021141
:1076C00010B5FBF735FF054C606808F06DFFFFF75C
:1076D000D7FDFCF7B3F80120207010BD8802002010
:1076E00001480078704700008802002010B5064C61
:1076F000A06808F059FFE06808F056FF08F027FD81
:107700000020207010BD00008802002010B505493F
:10771000054808F03CFF0448BDE810400349001D3F
:1077200008F035BF980200208C020020A002002043
:1077300010B50849084808F02AFF07480749001D06
:1077400008F025FF0448BDE810400549083008F05E
:107750001EBF0000B00200208C020020B8020020F2
:10776000A8020020014840787047000088020020ED
:1077700010B5FCF72DFDFDF7F5FBBDE81040014805
:10778000FCF70CBD821200200A4910B50120487098
:10779000FCF74EFDFEF7E0F806F0ACF90649A1F55E
:1077A0008170FAF7FBFD0020FAF7D6F8BDE810402B
:1077B000FBF7C4BE8802002084130020044AC108DD
:1077C00000F0070301209840535C03435354704773
:1077D000000000200149D1E90001704700000020AD
:1077E000064801880079020642EA112000F00100F3
:1077F0000018C0B240F001007047000000000020F7
:1078000010B504F0A3F90022084B114633F82140CB
:10781000844203D303EB8100827803E0491CC9B2A0
:107820000C29F3D30248027010BD0000FA050100D4
:107830006D0300204268114602F5A570128820F8F9
:10784000462F91F86220827091F86310C17002494E
:10785000093806F018BD0000017A000070B54568CF
:1078600005F5CF762888A5F89E0185F89D1105F5C8
:10787000987495F86A0008F093FFB07095F86B0063
:1078800008F08EFF06F8030F02220449A6F10D004E
:1078900006F016FD0020207370BD0000F106010007
:1078A0002DE9F84345680446894695F89D0021284E
:1078B00007D0002695F89E00232804D026B39D35D6
:1078C00002E00126F6E79E35084606F034FC002764
:1078D000E8B132464946204608F083FFB8B16A460F
:1078E0004946606808F01BFF98B3484606F021FC43
:1078F0006168A1F8BC026168B1F8941008F05BFF00
:1079000040B3282061686CE00220BDE8F88360681D
:107910004FF0000890F83C11012915D080F83C7117
:107920000EB3616899F80300012281F821018240B9
:107930006168C2F3006070B1092081F89D00606841
:1079400090F8D600C0B909E01E212046FFF786FF57
:10795000E6E713E027E040F26D2101E040F27521F7
:107960007E20F9F7B5FD2F70204606F0D3FD49467D
:10797000204606F0DDFD80464046C6E7606890F888
:107980003C11012909D080F83C71606800F19E012A
:10799000A9421CD180F89E7019E000212046FFF713
:1079A0005DFF2F70F1E7616891F89E000D2817D0F8
:1079B0000B2815D00A2813D09DF8000081F8BE02CC
:1079C00061689DF8010081F8BF0225202870606879
:1079D00000F19E01A9420DD1204606F09BFD0BE06F
:1079E0002A2081F8BD00606802220449B43006F004
:1079F00053FCECE780F8D670002086E7B3E5000082
:107A00007FB50E460446FBF75DFC002520B3A4F2CB
:107A1000871402A92088ADF8000006F0FFF808B12D
:107A20002E2110E0039810F8661F8DF8021041789F
:107A30008DF803104088ADF804000221684608F074
:107A40001EFB18B144217E20F9F742FDCDF800500D
:107A5000BDF8000004B070BD19203070D4F80900E2
:107A6000C6F80300014800680090F1E7707A000052
:107A70000400000070B5054616460C46022000F0D2
:107A8000B7F906490120F61E08700548066004484B
:107A900008380560001F046070BD00006E03002000
:107AA00010F5004010B50C4C207880B10B494FF414
:107AB0000000086000F06AF8002120B10120607029
:107AC0000748006801E061701020A0702170BDE8D7
:107AD0001040002000F08CB96E03002008F5014032
:107AE00000F4004010B5022000F082F904490120A2
:107AF000087000F059F803494FF40000086010BD09
:107B00006E03002004F5014003480021017041701C
:107B100010218170704700006E030020074810B5E7
:107B2000017841B100F032F818B105480068C0B2E0
:107B300010BD102010BD807810BD00006E03002025
:107B400000F40040084810B5017859B10748D0F852
:107B5000000128B100F00CF8002800D0012010BD71
:107B6000022010BD407810BD6E03002000F00040E0
:107B70000548D0F8041111B1D0F8080108B100206F
:107B8000704701207047000000F00040054810B524
:107B9000D0F8000120B1FFF7EBFF08B1012010BDC4
:107BA000002010BD00F0004004480021C0F8001182
:107BB000C0F80411C0F808117047000000F0004040
:107BC0002DE9F04104461E4690460F46012000F084
:107BD0000FF91E4D1E4804F003012E710068320497
:107BE00061F3070066F30F20000C1A4E42EA0060B2
:107BF0000843C6F804051848076009F033F838B997
:107C000015481030016821F0FF0141EA08010160C8
:107C100000F0E4F80CB1042C07D111480D490F4ACB
:107C2000091DC0F81025C0F8141501206870EC700B
:107C30001CB1012C01D0022C06D128700021C6F8FD
:107C40000011C6F800123060BDE8F0817103002019
:107C5000EC7D000000F0004008F5004000F100401D
:107C600088F0014070B51C4A5378A3B11B4B1960D2
:107C7000191D0860012595701046D678184B0078BC
:107C8000184C002156B1042E1BD008B3C4F80411BF
:107C90006806186070BD40F20E211AE078B12046E7
:107CA000C4F804114FF400361E60711208F017FE7C
:107CB0000028EFD065600A48001D066070BDEB210A
:107CC00007E01570C4F80411C4F80052256070BDB7
:107CD000FE213C20F9F7FCFB710300200CF500406D
:107CE00004F5014000F0004070B5054D00242878EF
:107CF00010B100F073F82C706C70AC7070BD0000A7
:107D000071030020024800210170417081707047AA
:107D1000710300200B4810B5007858B14FF4827100
:107D2000094808F0DCFD40B108480068002800D090
:107D3000012010BD4FF41D7101E040F275213C207F
:107D4000F9F7C6FB7103002000F0004000F400408A
:107D5000014801218160704700F000402DE9F047A3
:107D60001B480078D8B1DFF86C804FF4827631463A
:107D7000404608F0B4FD002828D10220C8F80403CA
:107D8000154C2068C04340F30015206840F01000F7
:107D900020604FF400474FF0E0296D1C08E04FF4DD
:107DA00020713C20F9F794FBC9F8807208F09AFF23
:107DB0003146404608F093FD0028F5D01DB92068F3
:107DC00020F0100020600220C8F80803BDE8F0870A
:107DD0007103002000F0004010ED00E0024901486E
:107DE000086070470000020208F501400000010031
:107DF00010B5044600F020F8002C0ED00B4A0B48BA
:107E00000B491432012C05D0022C07D082213D20D1
:107E1000F9F75EFB02230360116010BD03230360CA
:107E2000116004494FF40000086010BD00F50040E7
:107E30008614002004F50140054810B500210160BA
:107E40000160FFF751FF03494FF40000086010BDC7
:107E500000F5004008F501400548D0F8001221F077
:107E60004001C0F800120021C0F860157047000002
:107E7000001000400449C1F86005D1F8000240F04C
:107E80004000C1F800027047001000400249085C41
:107E900000F51660704700003E8B0000F8B5244CDA
:107EA000D4F8040310F0100F01D0012700E00027E0
:107EB0001020C4F808030220C4F800021D48002561
:107EC0001D4980F82D504FF460200860D4F850050B
:107ED0004FF4887610F0FF0F19D0FF208DF80000C6
:107EE000C4F810510120206105E000BF9DF800009A
:107EF000401E8DF800009DF8000028B13146204654
:107F000008F01CFD0028F1D09DF8000058B100F0E9
:107F100033FCC4F8105100F093FD002F02D0102064
:107F2000C4F80403F8BD4FF404613E20F9F7D0FA19
:107F300000100040C00A002008F501402DE9F04182
:107F4000184D074695F82D00C2070FD0164CD4F8EF
:107F5000002242F00102C4F8002240F0020085F83D
:107F60002D0001263FB1012F0BD010E040F2167119
:107F70003E20F9F7ADFA084600F0BCFD6E722660AF
:107F800005E0084600F09CFD022068726660074824
:107F9000C66406480C30D0F840153846BDE8F041BC
:107FA00000F020BDC00A002000100040008000400A
:107FB0002DE9F0472C4C06002C4D94F82D00DFF8ED
:107FC000B08040F00200894684F82D004FF0000791
:107FD00002D0012E20D036E0084600F08BFD0120B3
:107FE0006072E079012805D1D5F8000240F0080060
:107FF000C5F80002606A40F4801060624FF480109F
:10800000C8F800001B4931F819004FF47A7100F5E7
:10801000FA70B0FBF1F716E0084600F051FD0220BF
:108020006072E079012805D1D5F8000240F0040023
:10803000C5F80002606A40F4001060624FF400105E
:10804000C8F80000292700F0FDFB08F0FFFC20B174
:10805000FFF724FF0020BDE8F0870021304600F044
:10806000C1FC3846F7E70000C00A002000100040BD
:1080700004F50140388B0000044A10B5D2E90C34F5
:10808000C0E90034906B086010BD0000C00A0020F9
:1080900010B51DC8014981E81D0010BDB00A0020BF
:1080A0000F4910B5CA69824202D340F6D1010BE0F4
:1080B00001220A7308610B494A640A1DD2F840354F
:1080C000834204D340F6DA013E20F9F701FA002397
:1080D000C1F84431C2F84005BDE8104000F056BC7C
:1080E000C00A00200080004070B50F4C03460220FB
:1080F000207394F82150962094F82010227D012DB1
:108100000ED000F055FD206108480021C0F8441150
:108110002169E06908440549091DC1F8400570BDA1
:1081200000F064FDEFE70000C00A0020008000407E
:1081300010B508F0B3FD002806D00448016821F00E
:10814000010141F08071016010BD00007417004012
:108150002DE9F04140220021134808F041FE00F0D3
:108160006FFC08F054FD114D104E00240F4F0835E0
:10817000103628B908F062FD10B908F069FD08B1A1
:10818000242206E008F0A4FD10B908F097FD40B1E4
:108190004022FF21384608F023FE2C603460BDE801
:1081A000F0813822F5E70000C00A0020000E0040F0
:1081B0000148C06970470000C00A0020014890F8DB
:1081C00020007047C00A0020014880697047000005
:1081D000C00A002010B500F0E7FBFFF75FFE00F0DB
:1081E000AFFD30B1401C04D040F2FC413E20F9F715
:1081F0006FF90F480F4A416A41F044611160002451
:1082000044620473C461846100F0CEFB0A48C0F884
:108210004841C0F84441C0F84041C0F84C410120F9
:1082200008F07BFBBDE81040012008F069BB0000AE
:10823000C00A002008F501400080004070B5012010
:1082400008F06BFB374C0020C4F8FC0F0120C4F889
:10825000FC0F08F013FD344D18B1286840F480601D
:10826000286008F0FFFC28B12868304920F0690038
:108270000843286008F012FD38B12B48001D016842
:1082800021F47F4141F4B0510160274928483C3135
:10829000086000F08FFD40B14FF08050D0F83003FF
:1082A000411C02D02049103108604FF01020006EB0
:1082B000411C04D01F490A6860F317420A6040F26B
:1082C000031140F25B60C4F83415C4F8380501208E
:1082D000C4F8300500F042F840F20120C4F850061E
:1082E0000220C4F8000214494FF0406008601349AE
:1082F000002008861031C86181F82D00012008F0A7
:10830000FFFA1020C4F804034FF0E0210220C1F866
:1083100000010B480068002802D0BDE8704000470B
:1083200070BD0000001000403C1700409600008027
:108330002C0000898C15004004F50140B00A002093
:10834000C00200200149487570470000C00A0020A3
:10835000014951F8200070478C8B0000084910B586
:1083600008750849012806D0022806D040F6355184
:108370003E20F9F7ADF8032000E00420086010BDAE
:10838000C00A0020101500400649C1F8040506493E
:1083900011F82D2F42F0010201F80529086000F0C4
:1083A0001DBA000000100040C00A0020014951F829
:1083B00020007047988B00002DE9F047304E314C7B
:1083C0008846070015464FF0010906D0012F12D04C
:1083D00040F2C3713E20F9F77BF8104600F08AFBAB
:1083E000294884F8099030F81510404600F030FB19
:1083F000054630460CE0104600F062FB0220607239
:1084000049F6BA71404600F023FB05461C48001DA2
:1084100000F0DCFADFF87480C8F84055DFF874A08B
:108420001B48CAF810051020C6F80403606A4FF410
:10843000002640F4002060621748066000F002FA4F
:108440004146C8F84C9011480C30D0F84005A8427D
:1084500010D30020C1F84005CAF81405606A20F462
:10846000002060620C48001D0660FFF717FD002029
:10847000BDE8F0872946384600F0B4FA0120F7E756
:1084800000100040C00A0020388B0000008000402F
:108490004081004098F0014004F501400D4B10B5BB
:1084A000D8719A7251B102201872012808D002289E
:1084B0000FD040F6F1113E20F9F70AF80120F3E75A
:1084C000587A022805D100F04DF9BDE8104000F0BF
:1084D00053BA10BDC00A002002490020C1F840056F
:1084E00070470000008000400449D1F8481501F0B1
:1084F0007F014942017001207047000000100040D8
:108500000349020EC1F824250002C1F81C0570477A
:10851000001000400149C1F83C05704700100040C0
:10852000124A10B582F82C000022012906D0022937
:1085300002D04FF4377114E04FF080720C490A43B7
:108540000C490A600C4908430A49091D08600B4898
:10855000D0F85005C0B2032801D00B2804D14FF445
:108560003D713E20F8F7B4FF10BD0000C00A0020A6
:108570000801100014150040000003020010004024
:108580000149887570470000C00A00202DE9F047B6
:1085900053484FF0010AC0F84CA051480C30D0F8B5
:1085A000406508F051FA4F4C002504F1300181E894
:1085B000610000F0E1F84C49606A0860DFF82C8146
:1085C000656240F21D12D8F800129143C8F80012FB
:1085D00084F82D5000F04AF9054641480830D0F89B
:1085E00040053F4FE0613F1DD7F84005A06194F87A
:1085F0002100207D84F82000607A84F821004FF06B
:1086000000093146284600F07DF918B9C8F810A0D5
:108610004FF00109334EE807A6F1100620D1A80754
:108620002FD508F03BFBF0B908F028FBD8B930484B
:108630000068C0F3425CC0F3006300F00F02C0F3B7
:108640000311C0F3032873B11AB111B1B8F1000FCF
:1086500009D1C0F30440012805D1BCF1030F02D2B7
:108660003068804716E0A06A94F82C104078884261
:1086700001D945F0040545F380004946401C726865
:1086800007E015F0280F05D045F34011B2684846C1
:10869000491C9047E80601D5F0688047607A0228B7
:1086A0001CD1207B002819D0022804D0012806D034
:1086B00040F6154109E02169E069084408E0E169F4
:1086C0002069884204D840F616413E20F8F700FFA2
:1086D000C7F84005BDE8F04700F058B9BDE8F0879D
:1086E00000800040C00A002008F501400010004052
:1086F000501400400B48817D0B48405C00F516602B
:10870000B0F5166F04D2A0F6381040F4807001E086
:10871000A0F51660054AC2F8080501F07F00C2F80E
:1087200054057047C00A00203E8B00000010004036
:1087300008B50B496B4691F91520897D00F0A2FA26
:108740009DF9000000F072FA0DF1010000F01CFB31
:10875000002804D040F27E513E20F8F7B9FE08BD53
:10876000C00A00200348017A012902D1807AFFF76C
:10877000DFBF7047C00A00200D4810B5407A0128BD
:108780000CD0022813D100F0E1FA00280FD0401CD1
:108790000DD040F657013E20F8F79AFE00F0E8FAB7
:1087A000002804D0401C02D040F65101F3E710BD70
:1087B000C00A002008480021C0F80011C0F80C11C0
:1087C000C0F81011C0F80411C0F81411C0F8181145
:1087D000C0F808117047000000100040164810B59E
:1087E00090F82D00C10726D0810714D51348D0F882
:1087F000001241F00101C0F80012D0F85005C0B2DB
:108800000B2805D00A2803D0032801D0022812D152
:1088100040F2A7510CE040070DD508480849083040
:10882000C1F8140508F012F9002804D040F2AF5145
:108830003E20F8F74DFE10BDC00A00200010004099
:1088400098F0014008480146C27991F82D1012B104
:10885000012A03D006E041F0020101E041F00401E9
:1088600080F82D10FFF7BABFC00A00202DE9F041B3
:10887000214D0024287B28B12048D0F8440108B1BC
:10888000012700E00027687A1D4E4FF48671012809
:1088900002D0022806D016E0304608F04FF890B11A
:1088A000082410E0304608F049F800B10224D6F858
:1088B0000004C04340F30000401C01D144F0040414
:1088C0000FB144F0010414F00B0F07D14FF488717D
:1088D000304608F033F808B144F01004FFF76AFF9F
:1088E000E00606D5200704D4687A012801D144F0B7
:1088F00020042046BDE8F081C00A0020008000402E
:10890000001000402DE9F0411A4C0D46217A29B1A2
:1089100010F0110F07D0FFF7C1FA24E000F090F833
:10892000002020731FE0012901D0012600E000266D
:10893000E07901280ED0002700F082F89621304619
:1089400000F094F801464FB13B358D4204D9002028
:10895000BDE8F0810127EFE70120E071A27A3046FF
:10896000FFF72AFD08B10120F2E740F652213E2030
:10897000F8F7AEFDC00A00200348D0F8001241F419
:108980008871C0F800127047001000400448416A26
:1089900041F48001416203494FF480000860704750
:1089A000C00A002004F50140074A002008320649A9
:1089B000C2F840050A1DC2F84005C1F84005024949
:1089C0000C31C1F840057047008000400349C97967
:1089D000002902D10249C1F814057047C00A0020DD
:1089E00098F0014010B5144A20B1012811D040F28E
:1089F000FA611CE001F12800C2E902100F490E489B
:108A000000F0BCF9002815D0401C13D040F2E961F9
:108A10000DE001F12900C2E902100849064800F002
:108A20009BF9002806D0401C04D040F2F6613E209D
:108A3000F8F74EFD10BD0000C4020020688B000056
:108A400002480021C171017241727047C00A0020C2
:108A5000054AD279012A06D04FF47A7201F5FA71EB
:108A6000B1FBF2F1401A7047C00A002070B5134CF8
:108A700003460D4694F8212000205AB1214691F872
:108A8000201063B1012B11D1012A284612D007F022
:108A90005AFF09E040F604013E20F8F719FD012ACB
:108AA000284604D007F05DFFE169084470BD00F07E
:108AB000D1F8F9E700F0C0F8F6E70000C00A00209E
:108AC00010B5FFF74BFCFFF715FEFFF74BFEFFF766
:108AD00053FF08F0E3F8002808D108F0CFF8002889
:108AE00004D10348016841F4C021016010BD0000B9
:108AF0006815004010B50446FFF730FCFFF7FAFD9B
:108B00002046FFF715FE08F0C9F800280DD0094AE5
:108B100011685006022CD0F8200307D0C0F30620BD
:108B200021F4FE4141EA0020106010BDC0F3066050
:108B3000F6E700008815004000002CA6E0A104061E
:108B4000080A0C0E10121416181C1E2022242628A7
:108B50002A2C2E30323436383A3C3E404244464885
:108B60004A4C4E021A500000010000001011004053
:108B700000000000000000000000000000000000F5
:108B800000000000141E0000301100000000000072
:108B9000280000001800000000000000141E000063
:108BA000301100000000000070170000A00F00004E
:108BB00070B5054614460846FFF7F8FB05EB45017E
:108BC000C1EBC511C0EBC101074850F824000844AF
:108BD0004FF47A7100F6B730B0FBF1F52046FFF79D
:108BE000B7FB2844401D70BD788C000070B50E4D59
:108BF0001C46083D0C4B35F8111000EB400553F8AE
:108C00002230C5EBC01001EBC00003F6B7331844A7
:108C10004FF47A71B0FBF1F51046FFF799FB284449
:108C20002044401D70BD0000788C00000149C0B296
:108C3000086070470C150040054A32F811104FF4D7
:108C40007A7201F2E731B1FBF2F10844801E7047FD
:108C5000708C0000054A32F811104FF47A7201F559
:108C60007A71B1FBF2F1084470470000708C00008B
:108C70000000DC05E803000000000000141E0000F6
:108C8000301100002DE9F8431E4617460C460546F4
:108C900000F0B6F8DFF8A490804699F80000A842EA
:108CA00010D199F801104846A1420BD190F9021059
:108CB000B94207D1C278424504D181883180807998
:108CC000B07037E03A462146012D09D0022D09D077
:108CD000042D09D0082D09D040F2054106200CE0F2
:108CE000002004E0012002E0032000E002206B46A7
:108CF00000F00EF918B13D217520F8F7E9FB204688
:108D0000FFF7C4F80246002331469DF9000000F049
:108D100047F8014689F807103188A9F80410B1789E
:108D200089F8061089F8005089F8014089F8027026
:108D300089F8038099F90700BDE8F88376030020DD
:108D40000148006800680047DC0200200148006814
:108D500040690047DC020020014A1268D2681047CF
:108D6000DC02002001490968C96A0847DC020020CA
:108D70000148006800690047DC020020014A1268CF
:108D800092681047DC02002001490968496A0847D7
:108D9000DC02002001490968896A0847DC020020DA
:108DA00030B4034C24686468A44630BC60470000BB
:108DB000DC02002001480078704700007E0300209C
:108DC000C5090100FD090100E7090100D5090100FD
:108DD000E1090100CF090100C3090100C109010037
:108DE000F9090100ED090100DB090100C9090100D1
:108DF000BB090100B3090100B7090100AD09010079
:108E00000148007870470000E002002070B51C4C5B
:108E1000607800282DD10120607007F019FFD82557
:108E20006FF0270628B907F049FF10B907F050FF87
:108E300038B1144A66F307006260C4E902500820A2
:108E400013E007F0DAFE40B907F0E1FE28B907F0B9
:108E5000F5FE10B907F006FF60B10A4A66F3070095
:108E600031326260C4E90250042060F30701C4E9B2
:108E7000040170BD4FF4DB71742003F065FC000049
:108E8000E0020020F90E0100074A10B554691032C3
:108E900092F90420824205DD00F00AF80349085CDB
:108EA00060F3070460B210BDE0020020EB0E010089
:108EB0000246154810B590F90400904201DC0D20DF
:108EC00010BD1148083890F90400904201DB0020E1
:108ED00010BD01B10121141A0B4810384368185D08
:108EE0000A4C24569442F3D0084C08443F34C0B294
:108EF000D2B2A342ECD10029EAD0012A01D0022A41
:108F0000E6D1401CC0B210BDF0020020EB0E010003
:108F10002DE9F0411C4690460D4606466FF01507B8
:108F2000042804D81CB107F06CFDA84202D83846CA
:108F3000BDE8F0810548424650F8260018B1405778
:108F4000824200DD024622700020F1E77810002006
:108F50000148007870470000F802002005490A78AF
:108F6000904201D300207047496800EB400001EBBC
:108F700000107047F80200200D4910B591F84A0022
:108F800020280FD091F84A00A1F5906202EB401022
:108F900091F84A10406802EB41110A68BDE81040A0
:108FA0000421104740F6AF01702003F0CDFB000014
:108FB000800F002070B50546202A28D019481A4C89
:108FC00000EB831C03EB43030CEB420023442029FA
:108FD00022D00CEB410140784C7848702046014685
:108FE0000CEB4100914205704078F8D193F83220A3
:108FF000202A1ABF0CEB4202547083F83140202221
:109000000CEB410C8CF8012083F8321070BD40F25B
:109010008121702003F098FB93F83040407883F86A
:109020003000DBE7000F0020800F00202DE9F04F1B
:109030008FB015461E460C4602F0D8FA281846F1A5
:109040000001CDE90110D4E90023801A71EB03007F
:10905000C0F0E58008A8DDF860A00A90BC480AEBE3
:109060004A010844099090F8305020200DF11C0965
:109070008DF81C00202D36D0B648002600EB8A1B48
:10908000B548D4E9007300EB451050F8088FD0E9DB
:10909000012118EB01017241791A73EB020122D30D
:1090A000E189C9B1C089B8B902F0A0FCB0F5C67FAA
:1090B00008BF0D200BD0A0F54070563808BF1C200B
:1090C00005D0A0F500709F3814BF30463220401CF8
:1090D000B7EB0801814206DB0BEB450089F8005035
:1090E0004578202DCCD10A9899F80010202D0170D8
:1090F000DDF8289000F028819648974F00EB8A1001
:109100000026049007EB451A0AF10800D4E9011281
:10911000D4F800B0D0E900831BEB02027141B8EB38
:10912000020273EB010120D3C089002800F00C81FA
:10913000E089002840F0088102F058FCB0F5C67FB5
:1091400008BF0D200BD0A0F54070563808BF1C207A
:1091500005D0A0F500709F3814BF30463220411C66
:10916000B8EB0B00884280F2EF8089F800509AF843
:109170001800217C814207D2049800EB4500457815
:10918000202DBFD100F0E0B89DF8200007EB401083
:10919000D0E90312D0F80890C08A19EB020541EB20
:1091A0000608B0BBE089A0B302F020FCB0F5C67F92
:1091B00008BF0D200BD0A0F54070563808BF1C200A
:1091C00005D0A0F500709F3814BF30463220411CF6
:1091D000B5EB090088421CDA02F008FCB0F5C67F46
:1091E00008BF0D200BD0A0F54070563808BF1C20DA
:1091F00005D0A0F500709F3814BF304632209DF88E
:109200002010401C07EB4111D1E90223151843EB54
:109210000608DDE90101491B70EB080003D20FB01D
:109220000020BDE8F08FC4E9005818980B9008A8FA
:109230000A9009980DF11C0A90F8305020208DF802
:109240001C00202D37D043480B9900EB811B00BF39
:1092500007EB4510D4E9008350F8089FD0E90112CC
:1092600019EB02027141B8EB020273EB010122D348
:10927000E189C9B1C089B8B902F0B8FBB0F5C67FC1
:1092800008BF0D200BD0A0F54070563808BF1C2039
:1092900005D0A0F500709F3814BF30463220411C25
:1092A000B8EB0900884206DB0BEB45008AF800505A
:1092B0004578202DCCD10A989AF80010202D017005
:1092C000DDE90A8040D0234901EB8010CDF80C0085
:1092D00007EB451909F10800D4E90112D4F800B0F0
:1092E000D0E900A31BEB02027141BAEB020273EB5F
:1092F00001011BD3C08938B3E08928BB02F076FB9B
:10930000B0F5C67F08BF0D200BD0A0F540705638D1
:1093100008BF1C2005D0A0F500709F3814BF304650
:109320003220411CBAEB0B0088420DDA88F800505D
:1093300099F81810207C8842BFF426AF039800EB00
:1093400045004578202DC3D10FB00120BDE8F08F36
:10935000800F0020000F0020000B00202DE9F043BB
:1093600083B0914604460D46984601AA69461846C0
:1093700002F058F902F0A2F902F038F907461E4847
:1093800090F84A100026202909D0026941698069B5
:10939000831D46F10000D41841EB000526E00A3495
:1093A00045F10005B8F1000F17D002F077FCA0B925
:1093B00002F01CFBB0F5C67F08BF0D200BD0A0F556
:1093C0004070563808BF1C2005D0A0F500709F38AB
:1093D00014BF3046322004197541B9F1000F05D190
:1093E0000098874202D9381A0419754103B0204603
:1093F0002946BDE8F0830000800F00202DE9FF4FD3
:1094000081B0054602984A4900EB40000844002616
:1094100090F83040202092461070A1F59069202CE1
:1094200036D0029909F5806000EB811B09EB4410EE
:10943000D5E9007350F8088FD0E9011218EB020249
:109440007141BA1A73EB010122D3E989C9B1C0890C
:10945000B8B902F0CBFAB0F5C67F08BF0D200BD02B
:10946000A0F54070563808BF1C2005D0A0F500704C
:109470009F3814BF30463220411CB7EB08008842A9
:1094800006DB0BEB44008AF800404478202CCDD159
:1094900004989AF80010202C0170049F029842D082
:1094A000244901EB80100090D5E90131D5F800B0D6
:1094B00009EB441808F108001BEB010243EB06011D
:1094C000D0E900A3BAEB020273EB01011BD3C08900
:1094D00048B3E88938BB02F089FAB0F5C67F08BF07
:1094E0000D200BD0A0F54070563808BF1C2005D0C9
:1094F000A0F500709F3814BF30463220411CBAEBF3
:109500000B0088420FDA3C7098F81810287C8842CB
:1095100003D305B00020BDE8F08F009800EB4400B5
:109520004478202CC0D105B00120BDE8F08F0000A8
:10953000800F0020000F00202DE9FF5F9EB01D4628
:1095400002F008FE04468B4602F0B8F80646209862
:10955000012818BF022805D04FF41C614FF070009D
:1095600003F0F2F8FE4901200860FE4989680860AE
:1095700000208DF83A000490401ECDE90600FA481C
:1095800008AF00EB451000F1080191E80E1087E8E4
:109590000E10D0E90610CDE90C10089820F07F409D
:1095A00007F068FA0246BDF82E809DF82C00EF4BBC
:1095B0004044411C50189A4255D8ED4A91425ADC19
:1095C000524291425FDB591C8142DCBF00F5F7003B
:1095D000A0F1F85005DD0028BCBFA0F5F70000F1B0
:1095E000F8501A90E348B8F1000FB0F8A800ADF8B1
:1095F000380014BF4FF0010A4FF0000A02F04EFB92
:109600001890BAF1000F0BD0DB48D0E910106FEAC8
:10961000010171EA000002BF18980028012701D05B
:109620004FF0000702F0E2F9B0F5C67F08BF0D2049
:109630000BD0A0F54070563808BF1C2005D0A0F50F
:1096400000709F3814BF002032200025A9461990D1
:10965000464536D91A99F343DFF810C3C8186D464A
:109660001CAA614504D94FF4B461702003F06CF872
:10967000BF498B4204DD40F2A151702003F064F831
:10968000BE498B4204DA40F2A251702003F05CF82C
:10969000BB498142DCBF00F5F700A0F1F85005DDC1
:1096A0000028BCBFA0F5F70000F1F850294601F0F2
:1096B000B9FF0098089920F07F400090081A20F028
:1096C0007F45002F18BFDDF8649005D19DF8380064
:1096D000002818BF4FF00209E14371EA0B0022D0C5
:1096E000DDE90801221A7BEB01020CD2021B61EBBF
:1096F0000B01B2F5000271F1000111D340F6042113
:10970000702003F021F8221A6BEB0101B2F5000280
:1097100071F1000104D340F60821702003F014F821
:10972000001B012803DA1E981C9003200DE057B19E
:10973000914890F8480030B19DF8380010F10009C8
:1097400018BF4FF0020900201C948144DDE9080293
:10975000401B62F10001421E1C9B41F1FF3ED31AE7
:109760004B4506DB75B30A9BCDE908012B440A93F0
:1097700028E02DB19DF8390020B901F095FF08B11E
:10978000A7B90BE02FB99DF83800002818BFA9F140
:10979000020900258DF838502E4607E09DF8380064
:1097A00020B100208DF83800A9F10209DDE9080296
:1097B000401B62F10001421E1C9B41F1FF3ED31A87
:1097C0004B457CDB189B8BB9DFF8ACC1DCE9103C66
:1097D000DD4375EA0C0509D0C31A199861EB0C0C2E
:1097E000181A7CF1000038BF002000D301203AEAAB
:1097F000000064D1DDE91E01169020981B970391AB
:10980000F14615461890002702F0F0F8B0F5C67F33
:1098100008BF0D200BD0A0F54070563808BF1C20A3
:1098200005D0A0F500709F3814BF384632200B30A9
:10983000169A039BAA1A69EB0303101A73F100002E
:1098400029D21898012802D01B9848B116E0E043AD
:1098500070EA0B0026D140F60711702002F074FF69
:10986000E04370EA0B0009D01CD0601B6BEB0901D0
:109870000023D0F1040273EB010206DA2C46CB463A
:109880002046594602F046FB0CE00022101A72EB0B
:10989000010014DB06E02C46CB462046594602F078
:1098A00039FB5746E04370EA0B0076D0089924F064
:1098B0007F400B1A23F07F43DDF828C000E071E001
:1098C00011EB0C01081A20F07F40012B6AD3B3F58D
:1098D000000F98BFB0F5000F64D824F07F4007F068
:1098E000C9F81A99224B0D1A0022EB1A72F10002E4
:1098F00019D3DFF87CC0421A0023B2EB0C0C73F1D1
:10990000000310D3194BAB423EBFC0F5902000F1CD
:10991000F450451807D3934248D2C1F5902101F184
:10992000F45108444542DFF8509099F82A0050B3AA
:109930002098012805D0022002F06EFD012002F0DF
:109940006BFDB04543D2A5EB06024FF001064FF088
:1099500000034FF00200009602F0AEFCF0B313E0FB
:109960000805004000030020000B0020FF7F841E3C
:109970000040420F000F0020800F002000C0BDF00B
:109980000080841E09E016E0B8F1000F3CD00023EF
:10999000A5EB0802012000962AE040F67A2170200B
:1099A00002F0D2FE22B00020BDE8F09F40F67631F2
:1099B000702002F0C9FEB04534BF304640461E302C
:1099C000A842B5DB40F68E21702002F0BDFE13D90F
:1099D0000120A5EB08020023009000E03FE002F028
:1099E0006BFCE0B386B101200090AA1B002302208B
:1099F00002F062FC98B307E056EA080004D040F693
:109A0000A311702002F0A0FE0120002600902A463B
:109A10003346304602F050FC08B3BAF1000F04BFE1
:109A200099F84800002800D067B3D9E910106FEA10
:109A3000010171EA000007D001F0DEFF4FF0FF30B6
:109A40004FEA0001C9E9100117B319980096221ACC
:109A50006BEB0603052002F02FFC78B300E007E073
:109A600099F84800002804BF012089F8480017E051
:109A7000022002F0D1FC012002F0CEFC22B0002036
:109A8000BDE8F09FD9E91010C94371EA000010D079
:109A900099F8480020B1052002F0BEFC89F8486022
:109AA00008F1190085420FDC40F6CC21702002F04D
:109AB0004BFE01F0BDFF02F0DDFBC3E7FFE740F224
:109AC000FA21702002F040FE2A1A012000900023A3
:109AD000032002F0F1FB20B11548806806601548AC
:109AE000066004AC144894E80E10C0F88010C0F86A
:109AF0008420C0F88830C0F88CC008AC94E80E1000
:109B0000C0F89010C0F89420C0F89830C0F89CC0FD
:109B10000CAC94E80E10C0F8A010C0F8A420C0F857
:109B2000A830C0F8ACC022B00120BDE8F09F000012
:109B30000003002008050040000F002070B51D4DF7
:109B400095F84A00202818BF70BD95F8492002EB0F
:109B50004200284490F83040202C26D0164B03EBCE
:109B6000821101EB4401497880F83010FF2085F81C
:109B7000390085F84A402146022000F08BF8002089
:109B800085F8380085F82A000C4800EB4410007E68
:109B9000002808BF02F042FF002009494968002957
:109BA00008BF70BDBDE87040084740F231317020F9
:109BB00002F0CAFD800F0020000F0020000B0020E3
:109BC000000300202DE9F05FDFF8B88098F84950D5
:109BD00005EB4500404490F83140202C08BFBDE81B
:109BE000F09FDFF8A4B0DFF8A490A9F5806A09EB34
:109BF0008517072617F8140001280ED0042808BF7F
:109C000002260AD005280CBF0326062805D04FF4EB
:109C10000D614FF0700002F097FDBBF1000F18BF0F
:109C2000AFF30080EFF3108072B607EB44014A787F
:109C300005EB4501414481F8312091F83220A242E0
:109C400004BF202281F83220A8B12A4621460120F3
:109C500000F020F80AEB4411D1E90020314690478A
:109C600098F8495005EB4500404490F83140202CCD
:109C7000BDD1BDE8F09F0648002818BFAFF30080B3
:109C800062B6E2E7800F002000000000000F002015
:109C900000000000DFF858C010B500230CEB821C58
:109CA00007281FD2DFE800F00505050504040400BD
:109CB00001230CF81100002B08BF10BD02EB42027B
:109CC0000C48024492F8320020280EBF82F831106E
:109CD0000CEB4000417020200CEB4103587082F8DF
:109CE000321010BD40F25721702002F02DFD00000F
:109CF000000F0020800F00202DE9F05F0F46804606
:109D0000DFF854B101EB47005844B8F1010F90F867
:109D10003040254618BFB8F1020F05D040F60C318F
:109D20004FF0700002F010FD202D41D09BF82A006A
:109D30000026002808BF022602F0E6F8DFF81C9192
:109D400009EB441399681B690A1AC918091A22F009
:109D50007F4221F07F41964299BFB2F5000FB1F5E5
:109D6000000F3F4A02EB871A20D922460AEB420134
:109D70004C78202C12D009EB441399681B69B1EB85
:109D8000000CC918091A2CF07F4C21F07F41664560
:109D90009CBFBCF5000FB1F5000FE6D8202A05D016
:109DA0003B4620210420FFF705F90446AC4213D1BD
:109DB0002C48002818BFAFF3008002F05BFA9BF834
:109DC0004B20202A0BD0DBE90432841C41F1000C2B
:109DD0001B1B72EB0C0202D20020BDE8F09F202D6D
:109DE00013D02B464246FFF7A7FB00281EBF8BF877
:109DF0004B500220BDE8F09F3B462A46202104201C
:109E0000FFF7D8F80020BDE8F09FDBE91001C04360
:109E100070EA010005D001F0EFFD4FF0FF30CBE913
:109E200010009BF8480028B1052002F0F5FA002048
:109E30008BF84800042002F0EFFA02F053FB0A49C5
:109E400020208BF84B0089680020086007490860D3
:109E50000120BDE8F09F0000800F0020000B0020D3
:109E6000000F002000000000000300200805004053
:109E7000064910B591F84A20202A1CBF81F82A0013
:109E800010BD40F28B31702002F05EFC800F00208C
:109E90002DE9F04FDFF8D4B106468FB09BF84A00A9
:109EA0008A46202860D09BF84A100BF11004ABF5CD
:109EB000906808EB411920218DF818109BF8491083
:109EC000DBF8102001EB41015944002791F8305094
:109ED000DBF8181051180A91DBF8000009AA304489
:109EE00007A901F09FFBD9F810200799D9F80800BD
:109EF00051184018682E3CD35D490022891B72EB33
:109F0000070136D32168401A20F07F41D1F50001C6
:109F100072EB02012DD3A06008F5906084F810A0C8
:109F200090F849000DF1180B202D55D008F58061EF
:109F300001EB801001904F48D4E90131D4F800A022
:109F400000EB451808F108001AEB010243EB07018A
:109F5000D0E90093B9EB020273EB010125D3C0896C
:109F600098B3E08948B137E040F6B331702002F091
:109F7000EBFB0FB00120BDE8F08F01F037FDB0F52D
:109F8000C67F08BF0D200BD0A0F54070563808BF23
:109F90001C2005D0A0F500709F3814BF3846322031
:109FA000411CB9EB0A00884216DA8BF8005098F889
:109FB0001800217C814209D321680A98401AA060C8
:109FC0000FB04FF00200BDE8F08F05E0019800EB04
:109FD00045004578202DAED1052002F01DFA234D15
:109FE0004FF0FF30C5E9020095F849309DF8182080
:109FF0002021202A03D00520FEF7DCFF04E003EB3C
:10A000004300284490F8300095F849201A4901EBA4
:10A01000821195F84A2001EB4201487028683044CB
:10A020002860FF2085F8390095F837008DF800008A
:10A030009DF8000070B195F8210001280AD1D4E9FB
:10A0400001302268101843F10001401E41F1FF3138
:10A0500002F00EF89DF81800202803D00748407839
:10A0600002F046FC0FB00020BDE8F08F800F00200A
:10A070000040420F000B0020000F002000030020D2
:10A0800070B5234A92F84A10202939D092F84A1024
:10A09000A2F5906303EB411C92F8491092F84940F5
:10A0A00001EB4101114491F83010A2F1800505EB5C
:10A0B0008414202929D003EB41152D7EA8423CBFF2
:10A0C00004EB41014978F4D3DCE9036003EB41136D
:10A0D000DCF80850D3E902131468281846F100028E
:10A0E000B1EB000C73EB020208D3081A06F0C2FCB5
:10A0F00004F1680181429CBF001B70BD002070BD4F
:10A1000040F68631702002F01FFB4FF0FF3070BD2B
:10A11000800F0020064810B590F84A1020291CBF77
:10A1200090F8200010BD40F6AD31702002F00CFB1D
:10A13000800F0020F8B56E4D012705F590640026CC
:10A14000D4E91012072828BFF8BDDFE800F0047F2B
:10A15000A7BA5D4EC000C84370EA020005D101F005
:10A1600067FC02F087F8C4E91001E08B10B101F040
:10A1700095FDA0B1FFF7E2FCFF2084F83700D4E999
:10A180000223D04370EA030004D00520009602F0B9
:10A1900093F848B194F82100012817D109E04FF451
:10A1A0000561702002F0D0FA40F65801702002F0EC
:10A1B000CBFA04F11000D0E90012A069081842EBB4
:10A1C0000601401E41F1FF3101F052FF94F84A00B0
:10A1D00094F84A1005EB4010406805EB41110A68FD
:10A1E00001B00121BDE8F040104794F8480060B18B
:10A1F000C84370EA020005D101F01AFC02F03AF8F7
:10A20000C4E9100184F84860F8BDFFF797FC4FF0EF
:10A21000FF30C4E9020094F837008DF800009DF883
:10A22000000070B194F84A0094F84A1005EB401011
:10A23000406805EB41110A6801B00621BDE8F04015
:10A24000104740F67101702002F07EFAFFF776FCAD
:10A2500084F8367001F022FD30B1D4E91001C0431A
:10A2600070EA010005D00AE040F68901702002F092
:10A270006BFA01F0DDFB01F0FDFFC4E9100194F879
:10A280004A0094F84A1005EB4010406805EB411174
:10A290000A6801B00021BDE8F040104701F0F0F974
:10A2A000E08B10B101F0FAFC30B101F0FDF90028AB
:10A2B00018BF84F82970F8BD40F69401702002F0B0
:10A2C00043FA0C4807600C4880680760F8BDFFF748
:10A2D00035FC94F84A0094F84A1005EB40104068A9
:10A2E00005EB41110A6801B00521BDE8F0401047B7
:10A2F000000B002008050040000300202DE9F34F6B
:10A30000FB4897B00C460068FA4FC005C00D0ED050
:10A31000103840B20028B8BF00F00F0000F1E02074
:10A32000ACBF90F8000490F8140D40090CD02078D0
:10A330004FF0000A002818BF012817D040F2217101
:10A340004FF0700002F000FA97F84A004FF0010A4F
:10A35000202806D0207848B140F21D71702002F00C
:10A36000F3F940F21A71702002F0EEF9DFF888B3C9
:10A37000BBF1000F04D0002140F22470AFF3008045
:10A380000020CDE9100005A91291DC4917984FF083
:10A39000010801EB40100190BBF1000F04D0002137
:10A3A00040F22F70AFF30080B8F1000F09D000BF6A
:10A3B00097F84960002587F83950BAF1000F07D0A7
:10A3C0003EE0CF48002818BFAFF3008062B6EFE749
:10A3D000B146012020EA0906CA48402200EB891153
:10A3E00000EB861006F082FCBBF1000F04D00021C8
:10A3F00040F25D50AFF3008009EB490106EB4600E7
:10A40000394438440A8E028691F8321080F83210AE
:10A41000BBF1000F04D0002140F26150AFF3008087
:10A42000BBF1000F04D0002140F23970AFF300807F
:10A4300097F839008DF820009DF820000028ABD156
:10A44000BBF1000F04D0002140F24370AFF3008055
:10A4500001F010FF814602A80B908846218928460A
:10A4600061F31F400146A27A284662F30700E27AB0
:10A4700062F30F202278029562F31740CDE9045170
:10A48000CDE906050395207880B3BDF816109E48E7
:10A49000401A0B9901F10C0214A901F0C3F8002233
:10A4A000BDF8163048464146FEF758FF8446E07A2C
:10A4B00000280CBF7A204C2062689DF814301044AC
:10A4C000BDF81620CDE902C11A441044801C01F0E9
:10A4D0008DF8009604904A46434620690B99FEF792
:10A4E000A5FD002808BFCDE902984EE0FFE74846E9
:10A4F000414600F0F3FFDFF814C2024610EB0C0CEB
:10A500000B4641F1000ED4E90401B0EB0C0C71EBE9
:10A510000E0C31D2293243F10003821A71EB03028F
:10A520002AD32289521CB0EB020C61EB0508801A79
:10A5300071EB05003CBF4FF0000CE0461298009014
:10A5400014AB0BAA6046414600F0ECFFE07A00280D
:10A550000CBF7A204C200B99228908446168114471
:10A560000844801C01F042F8DDE91412CDE9021222
:10A57000401A20F07F4007E0B9F1010148F1FF30B7
:10A58000CDE902104FF47A700490BBF1000F04D0B3
:10A59000002140F24A70AFF300805A49DDF85C8038
:10A5A00001EB8611099111F8181002A8012918BFB2
:10A5B000022941D11195029A29F07F41531ADDF801
:10A5C00010C023F07F4312EB0C02511A21F07F419F
:10A5D000022B74D3B3F5000F98BFB1F5000F6ED8FE
:10A5E000012514AB0EAA3146FEF708FF00286DD0F6
:10A5F0009DF838109DF8502033468A426AD00520D5
:10A60000FEF7D8FC099901EB480148709DF8380025
:10A61000202801BF06EB4600384480F830801195B1
:10A620001EBF099901EB400080F801803246414687
:10A630005FF00300FFF72EFBBBF1000F04D00021F9
:10A6400040F24F70AFF300803148002818BFAFF3DD
:10A650000080EFF3108872B6BBF1000F04D0002128
:10A6600040F25570AFF3008097F839008DF8200064
:10A670009DF8200000287FF48FAEBBF1000F04D0BE
:10A68000002140F25D70AFF300800DF1040E9EE8F2
:10A690000F1000F1080E8EE80E10DDE90612C0E979
:10A6A000061225B3BBF1000F04D0002140F26A70FE
:10A6B000AFF30080BAF1000F46D12BE0FFE732463E
:10A6C00041460420FFF7E6FA0125B5E73246414648
:10A6D0000420AFE720291DBF099800EB4100407816
:10A6E00006EB460004BF384490F830008AE73BE0B0
:10A6F00004ED00E0800F002000000000000B0020AF
:10A7000000000000000F0020FF7F841E0040420F69
:10A7100000000000119810F0FF0F15D097F84A00C4
:10A72000202811D1BBF1000F04D0002140F26F703E
:10A73000AFF3008031460220FFF7DEFA109018B91F
:10A74000207800B301282ED0BBF1000F04D00021E7
:10A7500040F28C70AFF30080FF20BAF1000F18BFF9
:10A7600087F8390029D00125BBF1000F04D0002162
:10A7700040F29D70AFF300801098344C022825D031
:10A7800001282BD02FE0BBF1000F04D0002140F2B4
:10A790007770AFF3008097F8492004201799FFF7EE
:10A7A00079FA0125E0E7BBF1000F3FF4F5AD002198
:10A7B00040F28270AFF30080EEE597F84920012166
:10A7C000914387F8491087F83900CCE73869B0EB36
:10A7D000090006F04FF9616821B904E061684FF0A3
:10A7E000FF3001B18847B8F1000F28D0BBF1000F4E
:10A7F00004D000214FF4F660AFF300809DB197F8CC
:10A80000490000EB4000384490F8310020280AD07D
:10A81000BBF1000F04D0002140F2B770AFF300800D
:10A82000607802F065F8BBF1000F04D0002140F21F
:10A83000BC70AFF3008019B02846BDE8F08F044823
:10A84000002818BFAFF3008062B6CFE700030020F6
:10A85000000000002DE9F04F0446007895B018B1D3
:10A8600015B00020BDE8F08FD5480068C005C00DC8
:10A870000ED0103840B20028B8BF00F00F0000F131
:10A88000E020ACBF90F8000490F8140D4009E7D028
:10A890000BA80F90DFF82C93B9F1000F04D0002122
:10A8A00040F2E950AFF30080DFF81C8398F849606C
:10A8B000002588F839500395B9F1000F04D0002124
:10A8C00040F2EE50AFF30080012020EA060ABF48B4
:10A8D000402200EB861100EB8A1006F007FAB9F16E
:10A8E000000F04D0002140F25D50AFF3008006EB72
:10A8F00046010AEB4A00414440440A8E028691F820
:10A90000321080F83210B9F1000F04D0002140F26B
:10A910006150AFF30080B9F1000F04D0002140F284
:10A92000F350AFF3008001F0A5FC0F4606462189E5
:10A93000284661F31F400146A27A284662F30700C9
:10A940000246E07A0DF1200B60F30F222078089583
:10A9500060F31742CDE90A51CDE90C25099520781D
:10A9600088B3BDF82E009A490BF10C02081A11A900
:10A9700000F058FE0022BDF82E3030463946FEF772
:10A98000EDFC0346E07A8C4600280CBF7A204C2070
:10A9900061689DF82C200844BDF82E10CDE9083CD4
:10A9A00011440844801C00F021FECDF800A00A905C
:10A9B00032463B4659462069FEF738FB002808BF5F
:10A9C000CDE908674DE0FFE73046394600F086FDE7
:10A9D000804B024610EB030C8B4641F10003D4E997
:10A9E0000401B0EB0C0C71EB030332D229324BF1B2
:10A9F0000003821A71EB03022BD32289521CB0EBA5
:10AA0000020B61EB050C801A71EB05003CBF4FF0A7
:10AA1000000BDC460F98009012AB07AA584661461F
:10AA200000F080FDE07A00280CBF7A204C200799C6
:10AA300022890844616811440844801C00F0D6FD56
:10AA40000146DDE91202CDE90802081A20F07F4034
:10AA500006E0711E47F1FF30CDE908104FF47A701F
:10AA60000A90B9F1000F04D0002140F2F950AFF381
:10AA70000080D8E90510D8F81020101898F84A205E
:10AA80006941202A09D0DDE90823121A73EB01027B
:10AA900003D2CDE9080101200390B9F1000F04D0E1
:10AAA000002140F20460AFF30080089926F07F4057
:10AAB0000A1A0A9B22F07F42C918081A20F07F4028
:10AAC000B2F5000F98BFB0F5000F0BD832463B46E9
:10AAD00008A94048CDF800A0FEF7A8FA039908435A
:10AAE00047D160E0BDF82EB005AA01A9584600F094
:10AAF00099FD00F0E3FD00F079FD824698F84A00E8
:10AB000020280CD0D8E90520D8F8103010F1060C18
:10AB100045F1000013EB0C0642EB000724E00A3677
:10AB200047F10007BBF1000F17D001F0B7F8A0B94B
:10AB300000F05CFFB0F5C67F08BF0D210BD0A0F57B
:10AB40004070563808BF1C2105D0A0F500709F3812
:10AB500014BF294632218E196F410198824503D9CD
:10AB6000AAEB000086196F411F20CDE908678DF818
:10AB70002C00DDE9080100F0B1FCBDF82E208218A0
:10AB80009DF82C006941101841EB0502411C42F16F
:10AB90000000C4E90410B9F1000F04D0002140F214
:10ABA0001E60AFF3008098F839008DF800009DF822
:10ABB000000000287FF46EAE15B00120BDE8F08FD4
:10ABC00004ED00E000000000800F0020000F0020D6
:10ABD000FF7F841E0040420F2DE9F14F9D4D8CB048
:10ABE00095F8490000200790089001209A4CA5F1A3
:10ABF00080094FF000080746069024B1002140F27A
:10AC0000CD70AFF30080069800283CD085F83980DD
:10AC100024B1002140F2D270AFF3008095F849A032
:10AC2000402227EA0A0609EB861009EB8A118346BF
:10AC300006F05CF824B1002140F25D50AFF30080D3
:10AC400006EB46000AEB4A012844294400900A8E8C
:10AC5000028691F8321080F8321024B1002140F2BF
:10AC60006150AFF3008095F839008DF808009DF829
:10AC7000080078B1002C1CBF00214FF4FB60BCD051
:10AC8000AFF30080B9E77548002818BFAFF3008024
:10AC900062B6BBE724B1002140F2DC70AFF3008064
:10ACA0000C981BF8100003287ED1009A0C9992F89A
:10ACB0003000884214BF4FF0000A4FF0010A02F141
:10ACC000300C8346202209EB861303E0024603EB97
:10ACD00042004078884202D020280AD0F6E7202897
:10ACE00007D0834507D103EB4B0040788CF8000078
:10ACF00007E040460CE003EB400003EB42014078E4
:10AD0000487024B1002140F2C540AFF300803846BE
:10AD1000C34610EA0A0F18BFBB4600284ED024B124
:10AD2000002140F2E170AFF30080324601200C991F
:10AD3000FEF7B0FF24B1002140F2EA70AFF30080CB
:10AD40004748002818BFAFF30080EFF3108072B6B9
:10AD5000069024B1002140F2EF70AFF3008095F827
:10AD600039008DF808009DF8080038B1002C1CBF90
:10AD7000002140F2F3703FF440AF81E7BBF1000FD8
:10AD800009D095F84A00202805D131460220FEF767
:10AD9000B3FF0890F8B124B1002140F60700AFF3EB
:10ADA000008095F8490000E008E027EA000085F8F7
:10ADB0004900FF2085F839000120079024B10021C7
:10ADC0004FF40160AFF300800898264E022809D0A6
:10ADD000012827D02BE054B3002140F60200AFF346
:10ADE0000080ECE701F046FAD5E90432B3EB000C41
:10ADF00072EB010C04D240F61601702001F0A4FCA5
:10AE0000181A62EB0101B0F5000271F1000104D3E0
:10AE100040F61701702001F097FC05F02BFE7168D9
:10AE200029B103E071684FF0FF3001B188470698FF
:10AE300048B124B1002140F62700AFF30080079805
:10AE40000DB0BDE8F08F0548002818BFAFF30080B3
:10AE500062B6EEE7800F0020000000000000000056
:10AE60000000000000030020202824BF00207047BD
:10AE7000034B03EB4010C0E90012012070470000B3
:10AE8000000B002010B5202811D20E4991F849304E
:10AE9000A1F1800202EB831C1CF810303BB191F849
:10AEA000493002EB831212F81020012A01D0002051
:10AEB00010BD91F8492001460020FEF7EBFE01206D
:10AEC00010BD0000800F00202DE9F84F864E80460F
:10AED00096F84900A6F1800707EB801010F81800DB
:10AEE000002871D096F84990804D25B1002140F698
:10AEF000FA30AFF3008007EB891414F8180001282A
:10AF000018D0C0B204281CBF0528062861D02DB176
:10AF10004FF0000140F60640AFF3008005F0E2FE7E
:10AF200025B1002140F60A40AFF3008014F8180064
:10AF30000128E6D1012425B1002140F61140AFF3EC
:10AF40000080002C4BD0002086F8390025B100216C
:10AF500040F61640AFF3008096F849B0012020EA91
:10AF60000B0907EB8B1107EB8910402205F0BEFEA1
:10AF700025B1002140F25D50AFF3008009EB49009C
:10AF800000EB060A0BEB4B003044018EAAF83010A0
:10AF900090F832008AF8320025B1002140F2615069
:10AFA000AFF3008096F839008DF800009DF800009E
:10AFB000E0B1002D1CBF002140F61C40BBD000BFFB
:10AFC000AFF30080B7E7FFE740F6F131702001F002
:10AFD000BBFB4A4641460120FEF75CFEA0E7444821
:10AFE000002818BFAFF3008062B6ACE725B100219E
:10AFF0004FF44260AFF300809AF831300AF131012A
:10B0000040461C464FF0200B07EB89120AF1320A2A
:10B0100004E0A34602EB4B0C9CF80140844202D0B2
:10B02000202C2BD0F5E7202C28D0A34204D102EB12
:10B0300043004078087005E002EB440002EB4B014E
:10B0400040784870BAF1000F11D025B1002140F2CC
:10B05000BD40AFF300809AF80000A04207D125B1AF
:10B0600000214FF49860AFF300808AF800B05DB122
:10B07000002140F2C540AFF3008000E025B100217F
:10B0800040F62440AFF300801A48002818BFAFF301
:10B090000080EFF3108472B696F839008DF8000046
:10B0A0009DF8000038B1002D1CBF002140F62A4059
:10B0B0003FF441AF84E786F84990FF2086F83900D5
:10B0C00054B1002D08BFBDE8F88F002140F637408D
:10B0D000AFF30080BDE8F88F0548002818BFAFF334
:10B0E000008062B6EDE70000800F00200000000045
:10B0F000000000000000000070B50D46064600F09C
:10B10000BBFD0D4890F849200024803800EB8210E8
:10B1100010F8141029B1611CCCB2202CF8D32020D7
:10B1200070BD0648214600EB4410C0E900650120CF
:10B13000FEF7B0FD204670BD800F0020000B002000
:10B140002DE9F84F01F096F806460F4601F0CAF9CE
:10B15000674CD4E90201C04370EA010003D04FF00C
:10B16000FF30C4E9020094F82A00DFF888B1002516
:10B1700010BB4FF40C71A06900F04CFDD4E905231D
:10B180002169181845EB0503081842EB0301301A32
:10B1900077EB010010D394F84A0094F84A100BEBB7
:10B1A000401040680BEB41110A680821904740F2BB
:10B1B000CB31702001F0C8FA94F8210080B194F8E6
:10B1C00037008DF800009DF8000048B100F0C8FF7E
:10B1D00094F8380050B14FF47971702001F0B4FA4E
:10B1E000F01C47F1000100F095FEF1E7012084F822
:10B1F000380094F84A00202820D094F84A90202063
:10B2000084F84A0084F84B0084F8365084F83750AC
:10B21000256000F059FA84F8280094F8498008EB7A
:10B22000480000EB040A9AF8300020281CD00BEBF1
:10B23000401B9BF81A00012805D015E040F2E731C9
:10B24000702001F081FA0122BBF8163030463946F1
:10B25000FEF784F8DBE90223121A73EB010224BF24
:10B260000BF10802C2E9000141460120FEF744FD4E
:10B270000700F9D0204800EB881010F819000228C8
:10B2800004D1424649460620FEF704FDFF2084F81B
:10B2900039009AF83100DFF8648020281CBF98F844
:10B2A000010001F025FB94F8280028B100F0E8F92E
:10B2B00084F8285084F82950022F0FD0012F18BF8E
:10B2C000BDE8F88F4FF0FF30D8F80410002908BF10
:10B2D000BDE8F88F01B0BDE8F04F08472069801B3A
:10B2E00005F0C8FBD8F804100029F3D1BDE8F88FA9
:10B2F000800F0020000B0020000F00200003002022
:10B30000F0B52C4C064685B094F84A0020280AD0A7
:10B31000D4E90201C04370EA010009D040F6463189
:10B32000702001F011FA40F64531702001F00CFA5E
:10B3300094F84A00204901EB401000F10807D7E9D2
:10B34000000100F0CBF8FA8900258218387B6941AA
:10B3500010186941401C41F1000101AA00928019B6
:10B36000694102AB04AA00F0DDF89DF804000F2843
:10B370008CBF01200020DDE90221821841EBE0733F
:10B38000C4E9022394F837008DF800009DF800000E
:10B39000002804BF05B0F0BD4FF00500009500F097
:10B3A0008BFF00281CBF05B0F0BD40F65B3170205C
:10B3B00001F0CAF9800F0020000B002070B51F4C6F
:10B3C000202184F8301084F8311084F832100020E5
:10B3D00084F8490084F84A10431E2060C4E902330F
:10B3E00084F82A0084F8360084F8370084F82800AE
:10B3F00084F8290084F84B10411EC4E9101184F828
:10B400004800A4F182011022887001F8040F521E36
:10B41000FAD100F063F90A4D012684F83860FF2064
:10B420002870084801F046FA687001F0B1FAA86087
:10B4300001F0D4F884F84C6070BD0000800F00204B
:10B4400000030020C59B0000F0B587B006460F46FC
:10B4500000210C9DD2F1FF3071EB030004D240F6C5
:10B460004341702001F070F9104605F003FB0446DB
:10B4700003A8009004AB02AA3046394600F052F807
:10B480000299144A601A0023821A73F1000218D339
:10B49000DFF840C00A1BB2EB0C0C73F1000310D3B1
:10B4A0000D4B83423EBFC1F5902000F1F450204483
:10B4B00007D3934209D2C4F5902000F1F450084418
:10B4C00040420F3007B0281AF0BD40F676317020A8
:10B4D00001F03AF90040420FFF7F841E030E30B4A2
:10B4E00043EA0123DFF838C0090EA3FB0C2501FB5A
:10B4F0000C51002403FB041147F6FF7303EA5023A9
:10B5000043F6095C13FB0CF3C0F3080010FB0CF0CE
:10B5100000F5807003EB50208018614130BC70470B
:10B520000080841E2DE9F047DFF8B0C0089C8C45F0
:10B5300003D896219B2001F007F9CD0045EA507110
:10B540004FF22446B1FBF6F8B1FBF6F5DFF8909028
:10B55000C0F34F3709044FEA084AC919A8FB097814
:10B56000C91BB1FBF6F7B1FBF6F14AEA0701A1FBF3
:10B570000CC60025B0EB0C0C4FEA5C3048F2376685
:10B5800000FB06F04FEA1040164E4FEA402806FB3B
:10B5900000C6154806FB00F04FEA505708EB0700BD
:10B5A00043F6095817FB08F808F5807743F6085961
:10B5B000A6EB5727C844FFB2B6EB582F84BF00272D
:10B5C000401C27700C0A0906081844EB0501C3E962
:10B5D0000001C2F800C0BDE8F08700000080841EB2
:10B5E000000024F4F7C2FFFF6F0C0100410B48F28A
:10B5F000376251430A0C094B510202FB030208480F
:10B60000504300F586306E30400D5B4210FB03F373
:10B61000B2EB532F88BF491C08447047F7C2FFFFA5
:10B620006F0C0100430B48F2376C03FB0CF330B492
:10B630001B0CDFF844C05C0203FB0C030F485843AB
:10B640004FEA505C04EB0C0043F609541CFB04F475
:10B6500004F5807C43F60855A3EB5C2C2C440CF0DD
:10B66000FF0CB3EB542F84BF4FF0000C401C08605C
:10B6700082F800C030BC7047F7C2FFFF6F0C0100BA
:10B68000084890F900000028B8BF704700F01F017B
:10B69000012202FA01F14009800000F1E020C0F827
:10B6A000001270477F0300200348007803280CBF76
:10B6B000012000207047000050030020014840880E
:10B6C000704700005003002003480078022816BF8E
:10B6D0000328012000207047500300200248002169
:10B6E0000170418070470000500300202DE9F041B7
:10B6F000164C207A002827D04FF480718D052846FB
:10B7000005F0E3F980464FF48271284605F0DDF933
:10B7100000260746B8F1000F09D00120C5F808033C
:10B72000207920B12671E06908B18047E66137B120
:10B73000C5F804610220C5F8080300F033FA40465A
:10B74000BDE8F04100F030B8BDE8F0810C03002006
:10B7500010B505F066FA30B905F084FA18B905F0AD
:10B76000B7FA002802D002490220086010BD00008C
:10B77000340C004070B500F05BF900F08FFA094C12
:10B780004FF0804530B1FFF7E3FF0120286104202E
:10B79000607204E0032060720120C5F804030020F9
:10B7A000A07170BD0C0300202DE9F04106464FF05A
:10B7B00080454FF48671284605F087F91F4C804676
:10B7C0002778E01D05F0F7F910B140F2C51114E03B
:10B7D00046B1607A032805D104206072FFF7B8FFF4
:10B7E000012028610026B8F1000F18D0C5F80C61BF
:10B7F000607A042804D040F2D7116D2000F0A4FF35
:10B8000005F00FFA28B905F02DFA10B905F060FA25
:10B8100008B10B4806600220607200F0EDF83FB1FD
:10B820002670607A022801D1FFF7A4FF00F0E4F847
:10B83000BDE8F0410148C01D05F0D4B90C0300205B
:10B84000340C00402DE9F041484C00260746A66123
:10B8500081780078A0726171A6714FF001084FF0F5
:10B860008045052825D2DFE800F0100306202200DD
:10B87000C4F8188009E000F0DBF80121284605F043
:10B8800029F90028F9D00220A06105F051F9C0B1D2
:10B8900000F01EFA217E01F00301884211D1B8792F
:10B8A00060B10220C5F8040344E03148ECE73148B8
:10B8B000EAE740F21E316D2000F046FF00F0DCF9AF
:10B8C00038E0C5F80C80C5F80461A069C5F8180512
:10B8D00005F093F940B905F09AF928B905F0AEF9E9
:10B8E00010B905F0BFF938B14FF08050D0F84402DC
:10B8F0002149C0F34230086005F07FF940B905F0F6
:10B9000086F928B905F09AF910B905F0ABF918B124
:10B9100019491031C1F80080C5F808800220C5F827
:10B920000403B87930B900F029F80220C5F80803FB
:10B93000C5F80461607970B1387860B900F0AEF98B
:10B94000074600F077FF6FF0004117B1C4E904101B
:10B9500001E0C4E904010121284605F0BBF808B163
:10B9600000F096F96672BDE8F08100000C0300203B
:10B9700001000200010003003C0500402DE9F041F8
:10B980004FF08045D5F8040310F0020F11D0164C8B
:10B990002068C04340F30016206840F0100020608B
:10B9A0004FF4827739462846761C05F08EF828B188
:10B9B0000AE040F2D5216D2000F0C6FE05F094F9B2
:10B9C00002E000BF05F08EF93946284605F07DF803
:10B9D0000028F7D000F050F9002E03D1206820F0A5
:10B9E00010002060BDE8F08110ED00E00148C08942
:10B9F000704700000C03002010B5EFF3108472B6FE
:10BA00000A48417829B14178491E4170417829B1ED
:10BA100008E04FF496716D2000F096FE807808B92A
:10BA200000F04AF9002C00D162B610BD0C030020D2
:10BA300010B5EFF3108472B606484178491C417086
:10BA40004078012801D105F05DF8002C00D162B6E4
:10BA500010BD00000C030020054810B5C17821B1CD
:10BA600000210171C170FFF7C7FF002010BD000069
:10BA70000C03002070B50C4CE17861B90125E5702C
:10BA8000E061FFF7D5FF00F009F930B1E06910B1CE
:10BA900080470020E061002070BD4FF0804025719C
:10BAA000C0F80453F7E700000C0300202DE9F04133
:10BAB00005006FF015003DD0297804293AD80029F7
:10BAC000697839D0002935D1A978002932D10020F0
:10BAD00004F0EAFF002004F0DAFF4FF080484FF056
:10BAE000FF31C8F808130026C8F80061C8F80461DF
:10BAF000C8F80C61144C6670A888A08104F0F9FFA6
:10BB0000012708B1E77067700121404604F0E2FFA9
:10BB100008B100F0BDF840F2F550E0812846FFF78B
:10BB200091FE2772002004F0B2FF4FF0E021304672
:10BB3000C1F80071BDE8F0810029FBD02029F9D8B7
:10BB4000A9782129C3D9F5E70C0300200148808991
:10BB5000704700000C03002010B50D4805F02BF8CD
:10BB60000B49C91F48B1012008704FF0E021C1F80E
:10BB70000002BDE81040FFF75BBF487A022801D100
:10BB8000FFF7F8FDBDE81040014805F02BB80000B4
:10BB9000130300200248407A002800D0012070479B
:10BBA0000C030020F8B51A4CA07A00280FD1207E93
:10BBB00000F0030004F0ABFF002808D0EFF3108181
:10BBC00072B6FFF7E7FF18B1002900D162B6F8BDE1
:10BBD0000120607201B962B60820C506C5F80803E5
:10BBE0004FF42070ADF80000BDF80000411EADF824
:10BBF0000010F9D20026C5F80C610548C01D04F0FC
:10BC0000EDFF2670FFF7B6FD0820C5F80403F8BD68
:10BC10000C03002070B502460020002926D0002A1F
:10BC200024D0A2FB0101401E114A41F1FF31914293
:10BC300003D371216D2000F087FD0E4D090341EA09
:10BC400010512A0CC0F30F13B1FBF2F4B1FBF2F068
:10BC500009042004C918A4FB0534C91AB1FBF2F386
:10BC6000B1FBF2F140EA030000F1010070BD0000F9
:10BC700040420F00000024F410B5044C207E00F078
:10BC8000030004F044FF0028F8D010BD0C0300208E
:10BC90000149012008707047800300204FF0804068
:10BCA000D0F8000118B903480078002800D001201E
:10BCB00070470000800300204FF080400121416068
:10BCC0000021C0F800110148017070478003002076
:10BCD0000248006800F00300704700001C040040A8
:10BCE00010B531B1012907D040F28A3105A000F02A
:10BCF000FFFCD0F8140401E0D0F8080400F00100C3
:10BD000010BD00006E72665F636C6F636B2E68001F
:10BD10002DE9F0470024DFF88090204D4FF4803764
:10BD20004FF4A0784FEA0406D5F8042307FA04F08C
:10BD300008EB840102421AD0184A5258BAB16E5028
:10BD4000A10001F1804101F53041D1F84015D9F849
:10BD50000020891A21F07F41022902D3B1F5000F9A
:10BD600005D9C5F80803201DC0B2FEF7E3F9601C31
:10BD7000C4B2022CD8D3D5F8040128B1C5F80461A7
:10BD800007488168491C81604FF0E0214FF4006052
:10BD9000C1F88002BDE8F08704B5004000B0004063
:10BDA000080000202DE9F041384D2878FF2868D0A0
:10BDB000A81C0122017859B1012908BF6A7002D07C
:10BDC0006978002958D002210170407800F024FBE6
:10BDD0002F4CD4F804034FF0000810F4002F4FF458
:10BDE00080774FF0E0260AD02A48006838B1032057
:10BDF00000F012FBC6F880720320FEF79BF9D4F81E
:10BE0000040310F4802F0AD02348006838B10220C0
:10BE100000F002FBC6F880720220FEF78BF9D4F81E
:10BE2000040310F4003F0AD01C48006838B1012018
:10BE300000F0F2FAC6F880720120FEF77BF9D4F820
:10BE4000040310F4803F08BFBDE8F0811448006887
:10BE5000002808BFBDE8F081002000F0DDFAC6F838
:10BE60008072FF202870C5F80480C4F80082BDE805
:10BE7000F0410020FEF75EB940F28D416C2000F0E9
:10BE800063FCBDE8F0410620FEF754B9080000202D
:10BE9000008000404C8100404881004044810040C7
:10BEA00040810040012211024FF0E0230020C3F83E
:10BEB000801103F5C073BFF34F8FBFF36F8FC3F8CB
:10BEC00000110E4941F8042F431EC1F80433C1F894
:10BED0003C05C1F83C010A4BC3F84005C1F84001DC
:10BEE0001B1DC3F84005C1F844011B1DC3F84005E4
:10BEF000C1F84801CA60034948707047008000409B
:10BF000004800040080000200148006870470000DD
:10BF100004B500402DE9F05FDFF830810446A8F158
:10BF2000020798F800A0D7E904200E46BAF1010FE5
:10BF300006D182EA04017040084308BFBDE8F09FC3
:10BF40004FF0404042490860BAF1000F07BF4FF47C
:10BF5000403000234FF400300123DFF8F8C0CCF864
:10BF60004803CCF808034FF4A071002543B900BF83
:10BF700001EB83004CF80050581C10F0FF03F7D081
:10BF80004FF4803124F07F400B46CCF80813CCF8F6
:10BF90004813CCF840513049D1F80090A0EB090982
:10BFA00029F07F4B4FF00109BBF1020F2ED3BBF5F7
:10BFB000000F2BD8CCF84005CCF84433BAF1000F71
:10BFC00005D00868101A20F07F400228F9D3C7F87E
:10BFD00004903D70FFF766FF2048D0F8041565F324
:10BFE0000101C0F80415D0F80825022161F301020F
:10BFF000C0F80825102191FAA1F1B1FA81F10929BF
:10C0000009D940F2633116A000F072FB40F20E3104
:10C010006C2000F099FBC0F81015C0F80C907968FE
:10C02000C0F800124FF0E0204FF48071C0F8801289
:10C03000C0F800110D4980040860C7E904460420D7
:10C0400088F8010088F80090BDE8F09F0A00002001
:10C0500008F5014000B0004004B5004000800040F9
:10C060006E72665F74696D65722E680004F501403A
:10C070002DE9F047314CD4E9042382EA000C4B400F
:10C080005CEA030314BF01230023DFF8B4C09CF86B
:10C090000080B8F1020F02D0002B3FD003E0002B4C
:10C0A00008BFBDE8F0876378BBB3264D4FF040432F
:10C0B0002B60254E4FF4803520F07F432F46C6F885
:10C0C0000853C6F848530025C6F840511F4DD5F80F
:10C0D0000090A3EB090929F07F49B9F1020F27D39A
:10C0E000B9F5000F24D8C6F84035C6F84473B8F146
:10C0F000000F05D02B68D31A23F07F43022BF9D30E
:10C10000134D022253072B60C4E9040104208CF86C
:10C1100001008CF80020BDE8F08704E04FF447717F
:10C120006C2000F011FB4FF448716C2000F00CFB08
:10C130004FF44B716C2000F007FB0000080000205A
:10C140000A00002008F5014000B0004004B500409E
:10C1500004F501400149D1E90401704708000020BD
:10C160002DE9F047DFF8F4C09CF80040002C07BF31
:10C170004FF4403200214FF4003201213848C0F81A
:10C180004823C0F808230023002908BF4FF4A075F6
:10C1900007D100BF05EB81028350491C11F0FF015C
:10C1A000F8D0022C04D040F237316C2000F0CCFAE9
:10C1B000EFF3108272B62B4CD0F80415D0F804516E
:10C1C0002DB1A168491CA160C0F80431F4E7A06852
:10C1D00002B962B6020A0006401842EB0301D4E934
:10C1E0000428C01C41F100011F4F01261F4D80EAA9
:10C1F000020981EA080859EA08080ED0D7F8008039
:10C20000A2EB080828F07F48B8F1040F05D3B8F571
:10C21000000F02D8FFF77EFE1BE03868101A20F0EE
:10C220007F40022813D3B0F5000F10D810494FF00B
:10C2300080400860666023706E60EE604000091FF9
:10C24000086004208CF801008CF8006001E0666052
:10C2500023706068C5F80002BDE8F0870A0000207E
:10C2600000B000400800002004B5004000800040FD
:10C2700008F5014010B4EFF3108472B60C4A0D4972
:10C280004FF0000CD2F80405D2F804312BB18868C5
:10C29000401C8860C2F804C1F4E7896804B962B63A
:10C2A0000A0A0906081810BC42EB0C01704700008E
:10C2B00000B00040080000202DE9F041514922F073
:10C2C0007F4C01240B78497800254FF4A072062892
:10C2D0007ED2DFE800F0030303035A5A4A4FD7E93E
:10C2E00004866FEA080878EA060604BF7E78002E06
:10C2F00002D0022B05D024E04FF461716C2000F0D5
:10C3000023FA0E1FF6B202EB860202F1804606F512
:10C3100030460022012B02D0022B08D00EE0042967
:10C3200024BF3768002F08BF4FF0004206E0042901
:10C3300024BF3768002F08BF42F0804212F0804FC0
:10C34000E7D1324A00F1100104FA01F1C2F80813F2
:10C350004FF0400303EB8003DBB213441C6002EB9D
:10C360008000D0F84035ACEB030323F07F43032B70
:10C370003EBFC0F840550020BDE8F081C0F840C580
:10C38000C2F804130120BDE8F08133B1814204D129
:10C3900040F2A3316C2000F0D7F9001FC1B202298E
:10C3A00004D34FF4F5716C2000F0CEF9184B4FF424
:10C3B00080308840C3F80803C3F8480302EB8102C9
:10C3C0009D50144A1268ACEB020222F07F4200E05A
:10C3D00012E0022A0DD3B2F5000F0AD803EB810157
:10C3E000C1F840C5C3F80403C3F844032046BDE8C0
:10C3F000F0812846BDE8F08140F2A7316C2000F0C2
:10C40000A3F900000A00002008000020008000407E
:10C4100000B0004004B50040F8B5012100264FF4FB
:10C42000A077062849D2DFE800F0030303031717BB
:10C4300000F1100201FA02F22249C1F8082301EBCF
:10C4400080030022C3F8402507EB80028E501E496E
:10C4500051F820000090F8BD1C4D011FCCB2297886
:10C4600081B16A7882420DD1194A4FF04040106084
:10C47000012908BFFFF716FD2E70164A4FF0FF3056
:10C48000C2E9040014494FF48030A040C1F8080309
:10C49000C1F84803A0000844D0F840050F4A1268CC
:10C4A000801A20F07F40022824BF07EB84000E5042
:10C4B0000B4850F824000090F8BD4FF486616C20C2
:10C4C00000F042F900800040408100400A00002056
:10C4D00008F501400800002000B0004004B500400D
:10C4E00040B100401A480078002807BF4FF44030A0
:10C4F00000214FF400300121164AC2F84803C2F867
:10C5000008030020002908BF4FF4A07C07D100BF1A
:10C510000CEB8103D050491C11F0FF01F8D00E49FB
:10C520004FF0FF32C1F80823C1F84005C1F84001BF
:10C530000A1DC2F84005C1F84401121DC2F84005A9
:10C54000C1F84801121DC2F84005C1F84C017047FE
:10C550000A00002000B000400080004070B5EFF3FA
:10C56000108172B600240D4B0D4A00BFD3F80405AC
:10C57000D3F804C1BCF1000F05D09068401C906056
:10C58000C3F80441F2E7956801B962B604F072FAA3
:10C59000044A2146E5FB020170BD000000B00040E6
:10C5A000080000200080841E10B506280CD2DFE8A9
:10C5B00000F0030303030505064902E0001F0649D6
:10C5C000C0B201EB800010BD40F2CD316C2000F014
:10C5D000BBF800004081004040B1004070B53048D9
:10C5E0000024304D0470FF202870601EC5E904004F
:10C5F000AC60FFF757FC01234FF0E02CDE02CCF8D3
:10C600008061BFF34F8FBFF36F8FCCF88062264AF3
:10C6100053609360254801680029FCD12448C2F882
:10C620000803C2F84803C2F84041C2F84441C2F8C6
:10C630000441CCF80061E868002808BF136027D0E7
:10C64000DFF874C01B49CCF81015CCF814051B4852
:10C65000C0F810291A4D4FF4002005212860194810
:10C66000C0F84015C0F80030D0F840110029FBD0C8
:10C67000154D4FF4002129604360C360C0F840416C
:10C68000C0F84045CCF81045CCF81445CCF814451A
:10C690004FF48270C2F844030220C2F8040370BD54
:10C6A0000A0000200800002000B0004004B500404F
:10C6B000020003004081004098F001404CF001402E
:10C6C00004F501400080004008F50140BFF34F8FA2
:10C6D00005480168054A01F4E06111430160BFF3B8
:10C6E0004F8F00BFFDE700000CED00E00400FA05ED
:10C6F00072B6034A526802B19047FFF7E7FF0000A5
:10C700002C030020064810B50021016001210160C2
:10C71000084604F024FABDE81040012004F012BAE3
:10C72000FC1F0040074810B501214160891EC0F878
:10C7300008130C2004F013FABDE810400C2004F09C
:10C7400001BA000000C000400EB572B60F4A55682D
:10C75000D5B1002203466E460A2403E0B0FBF4F094
:10C76000521CD2B20028F9D1B05409E0B3FBF4F066
:10C7700004FB1030B3FBF4F3521ED2B23030B0548D
:10C78000002AF3D13046A847FFF7A0FF2C03002072
:10C790002DE9F041194C0646174660780D4618B150
:10C7A0004FF0FF30BDE8F081FCF730FB06B9144EC6
:10C7B00067602570FFF7A6FFFFF7B4FF3046FFF76D
:10C7C00075F90600EED1FEF7F9FDFFF755FAFFF710
:10C7D000E9F904F029F9284604F0B4F90120002D04
:10C7E00009DB05F01F0100FA01F16A09920002F16C
:10C7F000E022C2F8001160703046D3E72C0300201D
:10C80000800B010001484078704700002C03002095
:10C81000074890F90000002809DB00F01F02012101
:10C8200091404009800000F1E020C0F800127047FC
:10C830002C0300202DE9F04101254FF0E0222903CF
:10C840004FF000084046C2F88011BFF34F8FBFF38E
:10C850006F8F164CC4F800010C2004F09FF9144EA1
:10C860003068C04340F30017306840F0100030607B
:10C87000C4F8045325607F1CD4F8000108B11FB12F
:10C8800006E004F02FFAF7E7306820F0100030607F
:10C89000D4F808656560C4F80853C4F800810C201A
:10C8A00004F07CF93046BDE8F081000000C0004093
:10C8B00010ED00E010B5024605200C4904E000BF71
:10C8C00001EBC0031B7933B1401EC0B2F8D248213E
:10C8D0006920FFF739FF41F8302001EBC001002249
:10C8E0004A718A7101220A7110BD00008C1000206B
:10C8F00010B5052801D3582106E00A4901EBC00014
:10C900000179012903D059216920FFF71DFF4179E1
:10C910008279491CC9B28A4200D04171BDE81040F9
:10C92000FFF776BF8C10002010B5052803D34F21E8
:10C930006920FFF709FF034A002102EBC0000171E3
:10C9400010BD00008C10002070B505250E4E0F4C58
:10C9500016E0217806EBC1000279012A08D142795C
:10C9600083799A4204D04279827156F83100804727
:10C970002078401CC0B22070052801D30020207010
:10C980006D1EEDB2E5D270BD8C1000208103002039
:10C9900000B504F032F940B904F039F928B904F0CF
:10C9A0004DF910B904F05EF908B1024800BD024823
:10C9B00000BD00000C05004000E7014010B504F088
:10C9C00051F930B3EFF31080C8B1002172B61248AC
:10C9D00002680368C2F3001243F0100303604FF0D3
:10C9E000E023D3F80042D3F804321C4300D040BF08
:10C9F00020BF00BF00BF00BF00BF12B105E0012192
:10CA0000E4E7026822F010020260002900D062B65A
:10CA100010BD20BF10BD000010ED00E00149012055
:10CA200088707047340300202DE9F04786468C4615
:10CA30000846089E154674461946002B40F0C280F1
:10CA40008542B2FA82F245D94AB1C2F1200300FA16
:10CA500002FC2EFA03F3954043EA0C0C94404FEA93
:10CA6000154EA8B2BCFBFEF8230C0EFB18CC08FB3D
:10CA700000F943EA0C43994528D9EB1808F1FF3730
:10CA800004D2994502D9A8F102072B44A3EB09036C
:10CA9000A4B2B3FBFEFC0EFB1C330CFB00F044EA1B
:10CAA0000344A04214D92C190CF1FF3304D2A04244
:10CAB00002D9ACF102032C44241A43EA07401EB108
:10CAC000D440002334607360BDE8F0874746DDE75B
:10CAD0006346F1E792BB431B01214FEA154EAFB20B
:10CAE000B3FBFEFC200C0EFB1C330CFB07F840EAEA
:10CAF0000343984562D9EB180CF1FF3004D29845F6
:10CB000002D9ACF102002B44A3EB0803A4B2B3FB9F
:10CB1000FEFC0EFB1C330CFB07F744EA0344A74260
:10CB20004ED92C190CF1FF3304D2A74202D9ACF133
:10CB300002032C44E41B43EA0040C0E7C2F1200397
:10CB400020FA03F1954090402EFA03F303434FEA95
:10CB5000154EAFB2B1FBFEFC0EFB1C10190C0CFB0A
:10CB600007F841EA0041884504FA02F422D969181D
:10CB70000CF1FF3004D2884502D9ACF102002944FF
:10CB8000A1EB08019BB2B1FBFEFC0EFB1C110CFBE0
:10CB900007F743EA01439F420ED9EB180CF1FF312E
:10CBA00004D29F4202D9ACF102012B44DB1B41EAC3
:10CBB000004192E76046E3E76146F7E76046A3E796
:10CBC0006346B7E7834206D916B9002108467BE7DA
:10CBD000C6E900E0F9E7B3FA83F78FB9834201D3DE
:10CBE000724508D8BEEB020460EB030301209C46AB
:10CBF0001EB9002168E73846FAE7C6E9004CF8E7B5
:10CC0000C7F1200CBB4022FA0CF41C432EFA0CF1A5
:10CC100020FA0CF3B84001434FEA14490EFA07F525
:10CC2000B3FBF9F81FFA84FE09FB18300B0C08FB64
:10CC30000EFA43EA00439A4502FA07F240D9E31894
:10CC400008F1FF3004D29A4502D9A8F1020023442A
:10CC5000A3EB0A0389B2B3FBF9F809FB183308FB0D
:10CC60000EFE41EA03418E452CD9611808F1FF33CD
:10CC700004D28E4502D9A8F10203214443EA0040C0
:10CC8000A0FB0298A1EB0E014145CE46434602D3DC
:10CC900006D14D4504D2B9EB020E68EB040301380E
:10CCA000002EA6D0B5EB0E0261EB030101FA0CFCDD
:10CCB00022FA07F34CEA0303F940C6E9003198E78A
:10CCC0004046C5E74346D9E72DE9FC47814600F1D8
:10CCD000070020F007005FEA020800904A788DF80C
:10CCE00004208A780C468DF8052000D0002001A988
:10CCF000F4F79AFE009900260844009020786178A5
:10CD000035460844C7B208E0237AE279A179607910
:10CD100000F061FD6D1C0644EDB2BD42F4D30098F5
:10CD2000C01C20F003000090B8F1000F00D00020DC
:10CD300032463946F5F756F80099424608440090C5
:10CD40002146684600F005F80099A1EB0900BDE80E
:10CD5000FC8770B50546887816460C4688B1286869
:10CD6000C01C20F003002860E17BE2786389114455
:10CD7000CAB2A17806B10020F5F7E8F8296808449E
:10CD80002860207B00280FD0A07800280CD02868CD
:10CD9000C01D20F007002860217B06B10020F7F7B6
:10CDA00085F829680844286070BD0EB501466846BC
:10CDB00000F014F8684601F04FFA0EBD70B50D464C
:10CDC0000446F4F789FC002802D03E2C01D0012053
:10CDD00070BD2846BDE87040F4F790BC0A88C2F3E5
:10CDE0000B0282804A88C2804A78930900224272EC
:10CDF0004B78C3F301131BB1012B05D0022B05D0D7
:10CE00000272091D016070470122F9E70222F7E76B
:10CE100010B50C4609790170417801F0F0014170BC
:10CE2000A288C2F3032211434170A2798270E28882
:10CE300001F0CF01120AC2704170227A41EA021158
:10CE400001F03F014170627A41EA8211417021682C
:10CE5000021D914206D0E288FB2A00D3FB22001D6E
:10CE600003F044FFA079001DC0B210BD30B40A79B0
:10CE70000270427802F0F00242708B88C3F3032301
:10CE80001A4342708B798370C37802F0CF0203F0AB
:10CE9000C003C370CC88C4F305242343C37042701D
:10CEA0000C7A04F0030442EA041202F0BF0242705A
:10CEB0004C7A42EA841202F07F02427003F03F0291
:10CEC000C2700B68021D934205D0CA8830BC194657
:10CED000001D03F00BBF30BC70472DE9F05F0C461E
:10CEE000054691F800C00C270623052004213E26A4
:10CEF000FF224FF00D094FF0090B4FF0080A4FF0D9
:10CF0000030EBCF11B0F72D2DFE80CF0DA1C20DA42
:10CF10005F63676D7274789FA70EDADA247D9BAC2D
:10CF2000B0B5B9C7BEC3CB000E202070B4F8030063
:10CF30008338B0F5005F03D03121C720F4F7C8FA79
:10CF40006370B3E0277084F801A0AFE01A2020706E
:10CF5000012085E02920F4F7D1FB20B126702220A2
:10CF600060702920A1E00A20F4F7C8FB20B1214617
:10CF7000284600F0A8F86CE02E700120A870E07838
:10CF8000E87020792871A088000A6871A079A871DA
:10CF9000E07900F00100E871A068A860A089A8818C
:10CFA000A07EA873608B000AE873207F2874A08B92
:10CFB000000A6874A07FA874E08B000AE87494F8F3
:10CFC000200028751320687044E0267061701420DA
:10CFD0006BE026706770A17068E026700A206070B0
:10CFE00084F802E062E0267084F801905DE067E07A
:10CFF000207001E084F800A0617057E030202070BC
:10D0000084F801E052E02E700720A870A078E87044
:10D010006088000A287120796871A088000AA871C8
:10D02000A079E871E088000A2872207A6872208965
:10D03000000AA872A07AE8726089000A28730B209F
:10D0400008E026706370A77030E0A11C284600F04D
:10D050006EF858B36870861C2FE0572020700220AD
:10D06000607023E02670637012201EE0267084F842
:10D0700001B0132019E026706070202015E02670A2
:10D0800084F801B0212010E022700B206070A220F3
:10D090000BE022706070A32007E022706070A42073
:10D0A00003E0227084F801908020A0706678214609
:10D0B000B61C3246284603F019FE3046BDE8F09F04
:10D0C00040F2872139E73E2202700A228270CA7834
:10D0D000C2700A7902718A88120A42718A79827151
:10D0E000CA79C2718A6882608A898281D1F80E20E9
:10D0F000C0F80E204A8A42824A6942610A8B028342
:10D100008A7E82764A8B120AC2760A7F02778A8BDF
:10D11000120A42778A7F8277CA8B120AC27791F805
:10D12000201080F820101F2141700846704770B50C
:10D130000A78827042B3012A26D813230370002391
:10D140000BE001EB430400EB43056678EE70B4F8A6
:10D150000140240A5B1C2C71DBB29342F1D3002303
:10D160000BE001EB430500EB4304EE786671B5F884
:10D1700003502D0A5B1CA571DBB29342F1D3012150
:10D1800001EB8200C0B270BD002070BD4A0901F001
:10D190001F0150F82200C84000F00100704710B590
:10D1A0006FF0150420B1FFF700FE08B1002010BD9C
:10D1B000204610BD10B50C4630B12CB1F4F746FA3C
:10D1C00028B12070002010BD6FF0150010BD6FF069
:10D1D000220010BD02F0F5BE02F010BF10B5F4F74A
:10D1E0009DFA002010BD10B5F4F7A8FA002010BD7C
:10D1F00002F025BF02F006BE01207047F9F7F4BF28
:10D20000012070478178008802F0ACBD007800B141
:10D21000012002F0A2BD02F0CFBD10B50446FFF719
:10D2200009FBC11700EB917080107F2801DD7F2082
:10D2300004E06FF07E01884200DA0846207000208A
:10D2400010BD02F0CEBD02F0CDBEF9F7DBBF02F09B
:10D2500073BB02F088BB02F093BB02880A8002F025
:10D2600098BB02880A8002F0ADBB02F0D5BB02F089
:10D27000D9BBF9F7B9BEF9F7C1BE02F013BC02F091
:10D28000DCBBF9F7E3BE02F0E1BBF9F705BF02F042
:10D29000F9BB02F00EBC02F021BC02F034BC02F07B
:10D2A00065BC02F0F1BC02F00FBDF9F7FFBE10B58E
:10D2B000F4F72CFA002010BD02F013BD02F02ABDD5
:10D2C00002F036BDF9F71ABF02F0E8BAF9F7A4BFC9
:10D2D00070B50B88C47C00F11805C3F30E060288F4
:10D2E0003544641D2D88224492B22544541E2C449A
:10D2F00094FBF2F402FB0462408892B2904203D99C
:10D3000003F40040104302E04FF4004098430880CB
:10D3100070BD4204B2EB414F07D100F4004001F46C
:10D320000041884201D00120704700207047818869
:10D33000C088884201D101207047002070472DE944
:10D34000F0410F46044600F1180180880026C0F322
:10D350000E0045183E60E089002816D06189084417
:10D3600080B260812988884205D940F251114FF07E
:10D370001400F4F7ADF806D104F104012046FFF7DC
:10D38000A7FF66813D60E6810120BDE8F0812DE9BF
:10D39000F041044600F11803C0880E46C0F30E07A2
:10D3A000208AD91908B1B04202D20020BDE8F0812C
:10D3B000A089002540B1B1F800C0604506D04FF407
:10D3C00001711420F4F784F80D800EE094F813C076
:10D3D00018440CF1050CBC446044B4F814C020F8A7
:10D3E00003CC94F816C000F801CCA0893044A08189
:10D3F0000888304408802AB1A11D2046FFF768FF45
:10D40000A5810AE0E07CA189401D38441944084404
:10D4100030F8031DA1828078A07525820120C5E720
:10D42000801C704710B50446C088A188814203D093
:10D43000608908B9E08908B1002010BD211D20468F
:10D44000FFF746FF0020E081012010BD10B5044623
:10D4500000F11802C088C0F30E000244208845285D
:10D4600000D24520884204D24FF482711420F4F790
:10D470002FF8A07C002803D01088884201D2002019
:10D4800010BD1180A11D2046FFF722FF0020A074CF
:10D49000012010BD10B5C4888388014600F1180230
:10D4A000C3F30E001044A34202D04989002900D0E2
:10D4B000002010BD0388452B00D245231380C2886D
:10D4C000C2F30E0300F118021A440A608089704703
:10D4D000C07C401D0844C01E1060088870472DE9BC
:10D4E000F0410E46C1880289044600F11808008800
:10D4F000C1F30E05C2F30E07452800D24520B04205
:10D5000003D2C6211420F3F7E3FF1046FFF701FF13
:10D5100010B10020BDE8F081AF4208D9E17C781B52
:10D52000401A401F864202DD0020A074F1E708EB9C
:10D53000050001210680A174ECE738B5C488818814
:10D5400000F11802C1F30E031A44A14210D043891E
:10D55000C58912882B44934208D3ADF80010694660
:10D56000FFF7B6FEBDF80000A04201D0012038BD93
:10D57000002038BD70B5C6888588034600F11804C0
:10D58000C5F30E002044B54202D10020D88170BD01
:10D5900004885D89DE7C641B354428440D88A4B270
:10D5A000801CA54200D90C805C8924B10024147031
:10D5B0000988D98170BD0124F9E72DE9F0411D46A4
:10D5C0001646069F0B4604463A462946304600F06A
:10D5D00039F8834201D29E2112E0A00701D09F2199
:10D5E0000EE018220021204603F0FAFBA819401D86
:10D5F000784380B2E5746080B0F5004F03D9A42170
:10D600001420F3F765FF2680BDE8F08170B50B4666
:10D61000044600F1180102898088C2F30E050D440A
:10D62000824201D1002070BD23B1E27CA91C1846C2
:10D6300003F05CFB2D8804F108012046FFF748FE4B
:10D64000284670BD0144491D51438AB20021452836
:10D6500002D2C0F1450081B21832501880B2704732
:10D660002DE9F0478846C18804460089C1F30E06BB
:10D6700004F11805C0F30E0705EB0609FFF749FE94
:10D68000002298B92088452800D24520B74206D903
:10D69000E37CB91BC91A491F814200DA0846A189F7
:10D6A00011B1B9F80030C01A404503DA22820020D7
:10D6B000BDE8F087E07C2944401D30440844A4F8CC
:10D6C0001080C01EF4E770B50023A1F108024FF6E8
:10D6D000F774A24204D34FF4E9711520F3F7F8FE72
:10D6E00002680AB91EE01046026893888B4202D095
:10D6F0001368002BF7D1948813468C4201D111682E
:10D700000DE001F10805AEB20025B44209D3641A58
:10D7100011440D608C800268126802600A6001602A
:10D7200000E00023184670BD10B50C0004D0082C92
:10D7300007D24FF4CD710AE008B10021016000204A
:10D7400010BD58B1B4F5803F04D34FF4D671152005
:10D75000F3F7BEFEA1B2006800F014F8201D10BD62
:10D760000021026803E093881268194489B2002AF4
:10D77000F9D100F007B800230B608A8002680A60C4
:10D780000160704700234360021D01810260704701
:10D7900000EB42035981114600F014B870B1827851
:10D7A000B1FBF2F302FB1312D2B200EB42035B892E
:10D7B0008B4201D110467047C3780BB1FF207047F0
:10D7C000F4F7B6B8028801FB020180780A2202EB66
:10D7D00040000844704770B50E461D46114600F0E3
:10D7E00013F804462946304600F004F82044001D92
:10D7F00080B270BD10B50A460921FFF723FF4FF62E
:10D80000FC71C01C084010BD10B50A460A21FFF784
:10D8100019FF4FF6FC71C01C084010BD09B1002172
:10D8200000E0022143181A7D022A08D05B7D022BFA
:10D8300009D0032A03D0032B05D00020704700EB4A
:10D840004100008B704700EB4100408B704709B1ED
:10D85000002100E0022100EB4100018B11B9408B57
:10D86000002800D00120704738B583788DF800304B
:10D87000009B00939DF800305BB900240AB100239F
:10D8800000E00223C218157D022D04D0527D022A29
:10D8900004D0002038BD1A465B1C00E05A1C79B148
:10D8A000C51800EB43032C751C83032384182375D0
:10D8B00000EB820300EB42005B680B60008B88800A
:10D8C000012038BD10B509B1002100E00221431844
:10D8D0001C7D944203D100EB4100008B10BD5B7DA9
:10D8E000934203D100EB4100408B10BD002010BDDE
:10D8F000B0F5FF7F01D2410800E0FF21401A40F25D
:10D900007261884200DB084680B270470121FFF750
:10D9100085BF2DE9F041064642F3800748780C4662
:10D9200022F004057F1C00B10DB9284304D145B194
:10D9300000212046F4F7CAFAFF20A0701FB1002092
:10D9400002E00121F5E702202118097D032902D117
:10D95000022D00D0401C22180121117504EB40015A
:10D96000002204EB80000A834068A270314662F313
:10D970000F01C6E90001BDE8F0812DE9F0411E4626
:10D980001346044609B1002000E00220FF21A170E7
:10D9900021180A7D012A03D0497D01290CD1401CA0
:10D9A00004EB40050027298BB5F820C08A19624591
:10D9B00005D920442F8307750020BDE8F08104EBD2
:10D9C0008000324640680844194603F08FF9288BDE
:10D9D00030442883A7700120EFE710B50121FFF73D
:10D9E00036FF002800D0012010BD0122FFF73CBF08
:10D9F0000022FFF739BF10B50021FFF728FF0028EC
:10DA000000D0012010BD70B509B1002300E0022351
:10DA1000FF218170C11802240D7D012D07D04D7D9D
:10DA2000012D09D04FF48B710920F3F751FD00EB64
:10DA300043031A830C7503E000EB43035A834C75D0
:10DA40000021817070BD01210170704701221146D3
:10DA5000FFF738BF01220021FFF734BF0021FFF795
:10DA6000DDBE002809DB00F01F02012191404009C2
:10DA7000800000F1E020C0F88012704700280DDB24
:10DA800000F01F02012191404009800000F1E020D8
:10DA9000C0F88011BFF34F8FBFF36F8F704710B581
:10DAA0000E20FFF7EBFF0E20FFF7DBFF0F20FFF745
:10DAB000E5FFBDE810400F20FFF7D3BF002809DBCA
:10DAC00000F01F02012191404009800000F1E02098
:10DAD000C0F8801270474058002800D001207047DD
:10DAE00010B504462046F4F7F5FA0028FAD110BD27
:10DAF000F4F7F8BBF4F7E6BB10B550400A781C7891
:10DB0000624010444A785C78624010448A789C787D
:10DB100062401044CA78DC78624010440A791C796B
:10DB20004979624010445A795140C14201D10120E3
:10DB300010BD002010BD704730B50C4605468DB0B5
:10DB40004FF0030104F1030012B1F3F75FFD01E0B0
:10DB5000F3F762FD60790D2200F03F0040F04000D5
:10DB60006071002104A803F03BF9E0788DF81F00F4
:10DB700020798DF81E0060798DF81D00102229464D
:10DB8000684603F0B3F86846FFF7AAFF9DF82F0038
:10DB900020709DF82E0060709DF82D00A0700DB0D3
:10DBA00030BDF4F727BFC10701D0012070478007BF
:10DBB00001D5022070470020704710B5012808D019
:10DBC000022804D040F2C5310620F3F781FC012081
:10DBD00010BD002010BD002904D0012803D0012968
:10DBE00001D00220704701207047FFF7C3BC01211C
:10DBF000F5F784B910B502F05FFE18B1BDE810402A
:10DC0000F9F78CBFFF2010BD10B5F5F7A3F9082870
:10DC100003D0BDE81040F5F789B910BD10B50C462A
:10DC20000021F3F7EDFE606018B1012020700020A4
:10DC300010BD022010BD40F2E2414843704740F25F
:10DC4000E241B0FBF1F080B2704710B5A2F11003D1
:10DC50000D294DD2DFE801F007090E151A1D212903
:10DC60002C4E2F364800F2B342E0062A3ED0072A57
:10DC70003CD03DE00B2A39D00C2A37D00A2A35D0C7
:10DC800036E00D2A32D00E2A30D031E00C2B2DD9BF
:10DC90002EE0113A0B2A29D92AE0032B26D990F835
:10DCA0005C00F8B11C2A21D922E0042A1ED01FE012
:10DCB000012A1BD01CE01D2A18D01E2A16D01F2AAC
:10DCC00014D015E0202A11D0212A0FD0222A0DD0FD
:10DCD000232A0BD0242A09D0252A07D0262A05D0AA
:10DCE0002E2A03D004E001E0282A01D1012010BD32
:10DCF000002010BD0F2AFBD1F8E711F00C0F18D04F
:10DD00004A074FF41671002A02DA4FF0100201E0C0
:10DD10004FF0400201DA4FF0960101F5BC71A0EB23
:10DD20000103884203D993FBF2F080B270470020D0
:10DD30007047022908D07028F9D97038C11700EB54
:10DD40005170C0F3CF0070473C28F0D93C38C11760
:10DD500000EB9170C0F38F0070470968C0F866103F
:10DD6000704710B540F6C412012906D0022905D02B
:10DD70004FF41C712920F3F7ABFB08B1104610BD1E
:10DD800040F2E24010BD80F86E1001F026BD2DE992
:10DD9000F04107460E46D7E90454FCF75BFD98B105
:10DDA0001EB3D7E90401401B002361EB04011A46AE
:10DDB0001B1A8A4119DA421C71F1000107DB40F29B
:10DDC000DD112920F3F784FB40F2D311F9E7304449
:10DDD000401EB0FBF6F101FB06F0281844F10004E8
:10DDE000C7E904040846BDE8F0810020FBE730B530
:10DDF000134606E0CC18D51A14F8014C5B1E4455A6
:10DE0000DBB2002BF6D130BD00230364A0F848201C
:10DE100040F271235A4301EB0212521EB2FBF1F1A0
:10DE20004164704740F2E2414843704740F271213B
:10DE300010FB01F04FF6FF7101EA4000704700212E
:10DE40000846F5F775B90144142901DD142070471F
:10DE50006FF07E008142FADB48B2704770B505462C
:10DE600081EA114086B21046EC7A314600F063F840
:10DE700070402521B0FBF1F201FB120105EBD1024C
:10DE800001F00703527801269E40324201D0084635
:10DE900070BD4443210C2846BDE87040F5F7B2B987
:10DEA00010B5044690F8300008B1252801D9122099
:10DEB00010BD32B194F8250028B1012809D01F20E7
:10DEC00010BD002010BD2046BDE810401146F5F7FA
:10DED00051B9A28A496904F12500FFF7BFFF84F810
:10DEE0003300EEE770B50446401C884204D0086851
:10DEF000C4F8010008796071607900F01F0060715A
:10DF00000020E07205466619707800F0EAFAB071F8
:10DF1000E17A6D1C0844EDB2E072052DF3D370BDBB
:10DF2000C1B291FAA1F1000A090E90FAA0F0000E18
:10DF300041EA0020704770B50D4648400024FFF7C5
:10DF4000EFFF00EB0010641C2844E4B280B2032C05
:10DF5000F5D370BD027802F00F02032A03D0052A20
:10DF600004D100F02EB940780C2801D00020704771
:10DF70000120704770B5144605461F2A03D9EE21CB
:10DF80002A20F3F7A5FA05F1090002F0AFFEA41D5F
:10DF90006C7070BD10B5027801F00F0302F0F00252
:10DFA0001A43027007290CD2DFE801F004060406C8
:10DFB00004080400062102E00C2100E02221417047
:10DFC00010BDA8212A20F3F783FA0A6840F8092F28
:10DFD000898881807047027802F07F0242EAC1128C
:10DFE000027070470A6840F8032F89888180704763
:10DFF0000278402302F0BF0203EA81110A43027053
:10E00000704770B5144605461F2A04D94FF488712D
:10E010002A20F3F75DFA05F1090002F067FEA41D5E
:10E020006C7070BD42680A60007A08717047B0F881
:10E030000900704770B5B0F80720B0F8094030F813
:10E04000055F10F8013CC08831B1B2F5506F03D9BB
:10E0500040F607518A420BD9911F40F67A46B142E9
:10E0600010D87BB1082B0DD893420BD2954209D81A
:10E07000B4F5FA7F06D240F676410A38884201D8D4
:10E08000012070BD002070BDB0F807007047B0F8E7
:10E0900009007047B0F80B00704710B5FB2904D990
:10E0A00040F2A1612A20F3F713FA417010BD808974
:10E0B00008807047D0F816000860704742680A6010
:10E0C00080684860704750F80E2F0A6040684860CA
:10E0D00070470968C16070470A684260496881609A
:10E0E0007047007800F00300704780887047C08850
:10E0F0007047008970474089704701891B290CD3FC
:10E1000041894FF4A472914207D381881B2904D31B
:10E11000C088904201D301207047002070470179E8
:10E12000490704D04079400701D001207047002002
:10E130007047C08870470179407901F007014A1E95
:10E1400000F007001140421E1040014301D00020A2
:10E150007047012070470079704740797047007917
:10E16000704701717047407970474171704710B531
:10E170001B2A04D940F27E412A20F3F7A9F9427004
:10E18000BDE81040C01C02F0B1BD027801F00301EF
:10E1900002F0FC020A43027070470171090A4171E2
:10E1A00070478171090AC17170470172090A417291
:10E1B00070478172090AC17270470079704700790F
:10E1C000704770B5D0F81F2090F8233012F0FF0F81
:10E1D00003F0E00308D1C2F307242CB9C2F30744CB
:10E1E00014B9120E00D14BB34678B0F81920B0F82C
:10E1F0001B40B0F81750837D222E1FD131B1B2F5EC
:10E20000506F03D940F607518A420BD9911F40F64F
:10E210007A46B14212D88BB1082B0FD893420DD257
:10E2200095420BD8B4F5FA7F08D2B0F81D0040F63D
:10E2300076410A38884201D8012070BD002070BDA7
:10E240004168002291F81A32002B04D081F81A227A
:10E25000406800F01FBE704710B5017A19B101295E
:10E2600006D0002010BDC28803688088022103E028
:10E27000C288036880880121F5F72EF808B9F5F700
:10E280007BF8012010BD032200F006B8032200F045
:10E2900017B8042200F014B808B5037A8DF80030DE
:10E2A000009B00939DF8003023B140F2BF21102065
:10E2B000F3F70EF9BDE80840F5F7CEB9F5F7FAB96E
:10E2C000037A82B08DF80030009B00939DF80030F7
:10E2D00013B1027202B0704702B0F5F7BDB9022067
:10E2E000087001208870704710B58C880A894B88A7
:10E2F000C988A0F84830A0F84C10A0F84A40A0F80F
:10E300004E2010BD70B515460C4600F0BFF8963093
:10E310002844A04201D8201A70BD002070BD2DE90C
:10E32000F041044600F081F88046B4F84850B4F853
:10E330004200A78E268F854200D3054694F86A10C6
:10E34000204600F06AF894F86010022908D1AF4224
:10E3500000D23D46864200D23046002184F860104B
:10E36000A5862087BD4201D1B04201D0012000E046
:10E37000002040EA0800BDE8F081408A70471B2277
:10E3800002848283C2828282428102820281428529
:10E390008285828400290AD14FF4A4714184C1830B
:10E3A00041830183C18141828181C185018670479A
:10E3B000006801F19C02904203D9401A9C38400841
:10E3C0007047002070474068704770B50C4605469E
:10E3D00000F05CF82044286370BD10B5029C818277
:10E3E000C2820383448310BD001D10B580B2012991
:10E3F00006D0022907D04FF4F1710620F3F768F830
:10E40000C000503001E080002C3080B210BD418C43
:10E41000008B814200D208467047B0F84A10B0F82D
:10E420004600814200D2084670472DE9F047064673
:10E43000B0F83690B0F83A80B0F84C40B0F84000F0
:10E44000844200D3044606F12C000546FFF7DFFFA7
:10E4500007462846FFF7DBFF6C81EF810246B38F4A
:10E4600096F86B102846FFF788FFA34200D2234698
:10E47000904200D302462B826A824C4501D1474527
:10E4800002D00120BDE8F0870020FBE7962190F83C
:10E490006B3090F86A2000F000B82DE9F0410D468D
:10E4A000064698461746808E1146FFF79DFF0446A4
:10E4B00039463046FFF7B1FFA04200D20446B08F84
:10E4C0004146FFF791FF0246414606F12C00FFF757
:10E4D00054FF904200D3104620442844801DBDE8DC
:10E4E000F08100F05501552202EA5000084400F086
:10E4F0003301332202EA9000084400F00F0101EBDF
:10E50000101070474068002120F8D81F8178491CFE
:10E510008170704710B5406810F8DA1F491E49B283
:10E520000170002903DA35214A20F2F7D1FF10BD2E
:10E5300010B54268D2F88C301C0701D5012010BDFF
:10E5400043F00803C2F88C304268C97882F8201181
:10E55000FFF7D8FF002010BD406880F8231180F835
:10E56000222170474068002180F89D1080F8D61065
:10E57000A0F8D21070470B2819D00C2817D00A2801
:10E5800015D00D2813D00E2811D020280FD0212807
:10E590000DD022280BD0232809D0242807D02528E5
:10E5A00005D0262803D02E2801D000207047012056
:10E5B000704710B5A0F1340230F8B44C0820087050
:10E5C00000208870A1F8034092F83D004871204671
:10E5D000F3F74EFCFEF7ABFE40B12046FFF788FA9A
:10E5E0002046BDE810400021F3F7C6BA722163202F
:10E5F000F2F76EFF70B544680D46037894F89F20DB
:10E60000803401212046FFF720FB08B1002070BDB7
:10E610002846FFF7D2FD84F820000620E077F5E7D2
:10E6200010B544680378012194F89F208034204677
:10E63000FFF70BFB002801D10720E07710BD062271
:10E640000A7000F10902A0F5DB700023C384106892
:10E65000C1F803005068C1F80700107AC872CB7087
:10E66000704710B544680378002194F89D208034E9
:10E670002046FFF7EAFA10B11D20607710BD242173
:10E680004520F2F725FF2DE9F84F0646037840684C
:10E690008B4600F1800405460027627F0A21204650
:10E6A000FFF7D3FA58B35846FFF727FDF0B15846A5
:10E6B000FFF71DFD82465846FFF71DFD814658466F
:10E6C000FFF713FD80465846FFF713FD01464B4602
:10E6D000424605F12C00CDF800A0FFF77EFE28464B
:10E6E000FFF71DFE05217068F6F774FC84F856707C
:10E6F0006777304600F005F80020BDE8F88F01206C
:10E70000FBE7416801F5A57291F86000012804D08B
:10E7100031F82C0B1632F4F7E3BF022081F86000C9
:10E72000704709220A7000F10902437AA0F50070CF
:10E730008B700088A1F80300D078487170470A22D6
:10E740000A70427AA0F500708A700088A1F8030070
:10E750007047072201F8012BA0F5337212884A8016
:10E7600050F80B2F4A6042688A60008988817047A0
:10E7700010B5044640680123002190F89E208030A7
:10E78000FFF763FA002860680CD090F8A300002817
:10E7900007D02046FFF7B6FE6168112081F89E0081
:10E7A000002010BD90F89E20012305218030FFF746
:10E7B0004CFA08B1082010BD012010BD406890F847
:10E7C0009E10122901D002207047132180F89E105C
:10E7D0000020704710B50446406890F89E00182845
:10E7E00001D0022010BD2046FFF794FE61681C2076
:10E7F00081F89E00002010BD00EBD10001F007035E
:10E800000278012199400A430270704710B54468AC
:10E810000378002194F89D2080342046FFF715FAF4
:10E8200010B10420607710BDAA211C20F2F750FE21
:10E8300010B5416891F88C20D2070BD011F8DA2F6F
:10E84000521E52B20A704068002A05DAB9211C2013
:10E85000F2F73EFEB721FAE750F88C1F21F00101D4
:10E86000016010BD052201F8032B50F8092F0A6042
:10E8700042684A6002890A81807A887270470C2255
:10E88000A0F257100A7000884880704710B544689D
:10E8900094F88C10803411F0040F01D0012010BDC9
:10E8A000FFF730FEE06840F00400E060002010BD9B
:10E8B00010B544680378002194F89D2080342046E8
:10E8C000FFF7C3F910B10F20607710BD71214B2005
:10E8D000F2F7FEFD10B544680378092194F89D20F5
:10E8E00080342046FFF7B1F9002805D0002084F8D5
:10E8F0004A0084F85600607710BD4168D1F88C203A
:10E9000022F00402C1F88C20FFF704BE01230B7033
:10E91000002300F109028B7030F8DE0CA1F803002F
:10E9200012F8010B48711088C88050880881704720
:10E9300070B503784068002500F1800490F8DD1080
:10E9400000F5987089070ED4627F00212046FFF7FA
:10E950007CF930B10120607784F85600A4F8525059
:10E9600070BD6F210BE0217B89070FD594F85A10F9
:10E97000491E49B284F85A10002903DA8121402047
:10E98000F2F7A6FDE16821F00201E160857470BD37
:10E9900017220A70D0F80900C1F80300704710B5BB
:10E9A00004466FF00042D4E90010504070EA0101C3
:10E9B00008D002F05DF8D4E90023801A994101D310
:10E9C000012010BD002010BD08B500F004F86A4613
:10E9D000F5F7AAFA08BD30B54C78034608788D786B
:10E9E000220E40EA042040EA054042EA1542CD7872
:10E9F0000C7942EA15222243497940EA056042EA4D
:10EA000001221146012B01D142F4803130BD70B595
:10EA10000E468CB0144601461D4610226846FFF78C
:10EA2000E6F91022314604A8FFF7E1F96846FFF73E
:10EA300057F808A94FF01002284614B1FFF7D7F98C
:10EA400001E002F053F930220021684602F0C8F9D3
:10EA50000CB070BD08B590F872108DF800100099D8
:10EA600000919DF8001041B990F8AA108DF800109F
:10EA7000009900919DF8001009B1012008BD90F89F
:10EA80009C008DF80000009800909DF80000002088
:10EA900008BDFF200870086BFEF7D5BF7CB50D469A
:10EAA00004464FF48872002102F09AF9FF2020708A
:10EAB0001320608042F210706084F3F797FA0146E9
:10EAC000206300226846FEF724FF00220121206B0C
:10EAD000FEF799FF04226846216BFEF71AFF002219
:10EAE0001146206BFEF78FFFA57304F12800BDE8E7
:10EAF0007C4000F014B98078C0F3800008B1002099
:10EB000070471F207047F5F7EFBF806870470120FE
:10EB1000704710B50446283000F0C1F86188BDE8A0
:10EB200010402822F6F71EB90022C28543881D2B0B
:10EB300001D0417370474273704710B50024006BD9
:10EB4000FEF759FF844384F0010010BD807800F087
:10EB5000010070478078C0F3C00070470120704703
:10EB60008078C0F34000704790F90E00704700783D
:10EB7000FF2801D0012070470020704700F8201FB7
:10EB8000427070470A6840F8112F898881800121FE
:10EB90008171704701207047C16190F850204A721E
:10EBA000D0F85120C1F80A20B0F85500C88170474C
:10EBB00080F868107047C07B002800D001207047A3
:10EBC0000278202302F0DF0203EA41110A430270B7
:10EBD00070470121F5F754BB0121F5F751BB042221
:10EBE0000A70B0F80920A1F80320C07A4871704774
:10EBF00010B50C461021217000F109012122E01C02
:10EC000002F074F80120A071E078002814D0A488E4
:10EC100000212046F2F7F4FE00280DD00088FEF710
:10EC200067FF00212046F2F7A7FF002804D040F23A
:10EC300049212D20F2F74CFC10BD14220A7050F827
:10EC4000092FC1F803204068C1F80700704710B5CC
:10EC500004460846F9F794FC2179BDE810402520C8
:10EC6000F9F75EBC70B514461D46064601F000FF7C
:10EC700000196941C6E9000170BD70B501704270AC
:10EC800014460D46807800F07FF810FB05F06043D5
:10EC9000FF2803D35C212E20F2F71AFC70BD10B5BB
:10ECA0000446807800F070F86178227811FB02F158
:10ECB0004843C0B210BD10B5044600F04DF861796C
:10ECC000491CC9B26171627891420BD10022627114
:10ECD000E1780143E170A378994203D1E270217990
:10ECE000491C2171BDE8104000F025B881707047C3
:10ECF00070B50446807800F047F8617811FB00F5A4
:10ED0000E07800F041F86178627910FB0120217809
:10ED10002279891A11FB05F1081AC0B270BD0021D1
:10ED20000160818001214170017070470021C17034
:10ED300041710171704710B5012807D0022807D032
:10ED4000042807D039212E20F2F7C2FB252010BD60
:10ED5000262010BD272010BD014600208A78D30749
:10ED600002D0CB78DB0706D0930706D5CB789B077C
:10ED700003D402207047012070475207FCD5C978A0
:10ED80004907F9D404207047C0F38001C0F3400262
:10ED9000114400F001000844704740F25A314843E2
:10EDA000704740F2EF2070470E021C043006600CE2
:10EDB0005A03B406C505F50B2512A301B103BF051F
:10EDC000EF024906A30910B590F8081109B1002017
:10EDD00010BD90F8C81031B1D0E933128A4202D97F
:10EDE000F5F736FAF3E7012010BD10B531B101296E
:10EDF00008D040F2DD713020F2F76AFBBDE8104028
:10EE000000F0FBB9002180F8C810BDE8104000F008
:10EE100057B910B5044690F8E000002819D0012039
:10EE200084F8080101462046FFF7C2FE94F8E0008E
:10EE300070B114F8C00FFBF7CFFE2078FCF744F850
:10EE400014F8C009FCF71EF820B1002084F8E00097
:10EE5000002010BD40F20A213020F2F739FBD0F833
:10EE6000C400704790F8E00070471CB501220020F4
:10EE7000014662F31741CDE9000102E00098FFF777
:10EE8000C8FF6846F2F728FE0028F7D0F6F738F9F1
:10EE900000201CBD7CB5044690F81B0200285FD101
:10EEA00094F84C0203285BD101F0E2FDD4F88032E3
:10EEB000D4F88422C01A61EB020100231A461B1AFF
:10EEC0008A414DDA421C71F1000102DB40F203611C
:10EED00036E0216911B1B0FBF1F000E00020B4F898
:10EEE0009410401C0844A4F85C02B4F85C02B4F826
:10EEF0001412081A00B2002832DD94F89402FBF7CD
:10EF00006BFE00282CD0FF2084F86102B4F8CE00FC
:10EF1000B4F8CC1001AE401AB4F89410401E084466
:10EF200085B217E00096B4F85C1200230122204657
:10EF3000F6F7BAF9002813D0012804D040F23C615A
:10EF40003020F2F7C5FAB4F85C02BDF804100844AA
:10EF5000A4F85C02B4F85C02281A00B20028E1DAD6
:10EF60007CBD002070472DE9F047044600F01EF9F3
:10EF7000A4F8F0004FF0000A84F8E8A0012184F81A
:10EF8000F310B4F8E200401C0A2801D2A4F8E20011
:10EF9000D4F8C40038B1B4F8E200401C0A2802D307
:10EFA00084F8F21002E0022084F8F20001F060FD23
:10EFB00006460D46D4E93E10F034B1EB060860EB8E
:10EFC0000509FCF713FD074601F049FD34F8F01977
:10EFD000884200D808463844CF3080B2B8EB0003EE
:10EFE00079EB0A0204DA301845EB0A05C4E93E055C
:10EFF00004F1E80000210546FEF7C9FE204600F0B6
:10F000003BF8E8B1204600F027F8D4E93630D4E9DF
:10F010003E12591A904111D22046FFF776FDD4E9ED
:10F020003612D4F8F8305B1A002807D0B3FBF0F39F
:10F03000A0FB033059185041C4E93610BDE8F087F1
:10F0400094F8C000294600F0AFF80028DDD140F266
:10F05000DF613020F2F73CFA10B5044690F8C000AA
:10F06000FBF710FF002084F8E00010BD10B5FFF79B
:10F0700050FD00F58B7010BD70B5054690F8080185
:10F0800008B1012070BDD5E940106FF0004250403A
:10F0900070EA010112D0002421462846FFF7E6FF5E
:10F0A000F5E93E1240185441D5E90221F83D101A05
:10F0B000A14103D52846F5F7CBF8E2E7002070BD63
:10F0C00010B5F9F787F8BDE81040FCF739B82DE91D
:10F0D000F047044690F86202002851D094F84C02A0
:10F0E00003284DD194F86B9001F085FA054694F809
:10F0F0000E02F5F7F7FF284486B294F80E02F5F7F2
:10F10000F1FF00F5C8601FFA80F84846F9F720F9CA
:10F11000D4F89C120D1A4846F9F748F94FF47A7A58
:10F1200000F2E730B0FBFAF02D1A4846F9F710F973
:10F13000D4F820120F1A4846F9F738F94AF2A131EB
:10F140000144B1FBFAF0391AA1F160007043B0FB41
:10F15000F8F2292000EB51006032A0EB520100EBE5
:10F160005200A94201D8854201D9FCF7F5FC31468D
:10F170002069FCF74FFD0021C4F8540284F86212A4
:10F18000BDE8F08770B50C460546F9F70FF94AF26D
:10F19000A13108444FF47A71B0FBF1F62846F9F733
:10F1A000D7F83044204470BDFBF7A8B87CB50446BE
:10F1B000FFF7D4FCF8B12046FFF7C8FC18B9204689
:10F1C000FFF7CEFC40B15A246846F9F7E3FD9DF8FD
:10F1D000000018B1012502E05024F5E7002501A840
:10F1E000F9F7C0FD9DF8040000B10120054300D0EF
:10F1F0000A3420467CBD61207CBD70B50446408C3D
:10F20000002530B1F4F736FB618CB0FBF1F201FB65
:10F2100012052046FFF779FCF4E936212844002541
:10F22000821845EB0100C4E9082025740120E0762E
:10F230000220A076D83C2046FFF7B8FFA4F8F000E3
:10F24000D4E93E01C4E936012046FFF715FF30B985
:10F2500094F8C00004F1E801FFF7A6FF28B1A4F874
:10F26000E250BDE87040FFF72BBF40F2377130200D
:10F27000F2F72EF910B50446002084F84C0294F8F9
:10F280009402FBF7FFFD202084F8940210BD10B516
:10F2900040B109292FD2DFE801F007161E1E1A2EF1
:10F2A00022262A00CD2123E00446F4F799FF10B16D
:10F2B00040F27E211CE0D4F8EC00BDE81040A0F242
:10F2C0000510FCF71DB8BDE8104000F0BDB8BDE862
:10F2D0001040F9F75BB9BDE81040FFF744BEBDE848
:10F2E0001040FFF710BCBDE81040FFF7B5BEED21A0
:10F2F0003020F2F7EDF8F121FAE710B5040009D05B
:10F30000002209295DD2DFE801F0073B43433F5C5F
:10F31000484F5800972151E0C4F89C2294F860129D
:10F32000204689B1B0F85E22B0F894108A4206D126
:10F33000B0F81422511AA0F8161211460DE0511A15
:10F34000A0F8161291B208E0B0F85C12B0F8942060
:10F35000891AA0F81612B0F85C12A0F89410D0E93F
:10F360009E12C0F88012C0F88422F6F785FB94F84C
:10F370001B02002820D02046BDE81040F6F7A0B9B7
:10F38000BDE8104000F0ACB8BDE81040F9F7FEB899
:10F390002046BDE81040F6F7E7B90120FAF768FD0E
:10F3A000BDE81040FEF7FDBB94F84C02042801D0E4
:10F3B000BB2103E084F84C2210BDC1213020F2F7BC
:10F3C00087F8C521FAE710B5F8F7F0FF4DF641715F
:10F3D00008444FF47A71B0FBF1F000F27F1010BDD9
:10F3E00010B5044690F86B00FFF7EDFF014620468C
:10F3F000BDE81040FEF7E9BF38B50025044680F8A7
:10F400004C52A0F890522B462A4629460095F5F713
:10F410004BFF20B140F21E213020F2F759F8C4F81A
:10F4200048520120C4F8405284F84C02A4F85E52BD
:10F43000A4F85C52943484F8CD512088401E20807A
:10F44000A4F8FE51002038BD70B50546FFF782FBD9
:10F45000C8B900212846FFF709FE0446D5F8EC009C
:10F46000A0420ED2201A682800D268200321FAF7A1
:10F470000FFD30B12846C5F8EC40BDE87040FFF7FD
:10F4800042BBC5F8EC402846F4F7C6FE002804D07D
:10F490004FF42D713020F2F71BF870BD00EBD10056
:10F4A00001F007030278012199408A4302707047F6
:10F4B00010B50C46F2F76AFC94F8940220280CD0A0
:10F4C000FBF702FD94F89402FBF7DCFC002804D162
:10F4D00040F663113120F1F7FBFF10BD00207047AB
:10F4E000F3F7A6B8002180F89D1080F89E1080F8F0
:10F4F000A11090F81B1209B1022100E00321F5F7D9
:10F5000069BD90F8A600FE2801D0012070470020B8
:10F51000704710B5012806D0022804D04FF4257199
:10F520000620F1F7D5FF10BD012802D0022805D131
:10F5300002E0012904D001E0022901D00020704737
:10F540000120704770B5044640680D4610F8EC1F66
:10F5500041F0040101702846FEF701FE06462846E8
:10F56000FEF701FE014622463046BDE87040F7F73F
:10F57000CFBA10B54368044693F82C0108280DD281
:10F5800000F50C72C0F10800C1B29818F2F73EF80D
:10F59000616891F82C21104481F82C01626892F87E
:10F5A0002C11083904290DD201F58E70C1F1040126
:10F5B000C9B21044F2F72AF8616891F82C2110447E
:10F5C00081F82C01606890F82C110C290ED305D01D
:10F5D00040F2F6514FF03100F1F77AFF002180F848
:10F5E0002C11BDE810400420F7F77CB810BD42682C
:10F5F000312182F89D104068002180F8B4127047D4
:10F6000010B5416891F89E20152A04D040F2B4410B
:10F610003120F1F75DFF012281F8DB2040681621DF
:10F6200080F89E1010BDFFF703B910B5416804467D
:10F63000D1F88C00C20602D440F20C5103E08206DD
:10F6400004D540F20D513120F1F742FF20F01000B7
:10F65000C1F88C002046FEF75DFF6068BDE81040F1
:10F660000521F5F7B7BC10B5416891F89E20112A25
:10F6700004D040F2AC413120F1F72AFF012281F899
:10F68000DB204068122180F89E1010BD10B5416843
:10F6900091F89E00222805D020B14FF4A3613120BB
:10F6A000F1F716FF232081F89E0010BD10B54168C8
:10F6B00091F89E202F2A06D0162A0BD040F2D64170
:10F6C0003120F1F705FF002281F89E20BDE81040AF
:10F6D000FEF720BF1A2081F89E0010BD10B54068CB
:10F6E00090F89E10162904D040F2C1413120F1F764
:10F6F000EFFE1A2180F89E1010BDFFF787B810B5F5
:10F70000406890F89E10162904D040F2BB41312089
:10F71000F1F7DEFE182180F89E1010BDFFF708B942
:10F7200000EBD10001F007010078C84000F00100B3
:10F73000704710B5012806D0022806D04FF42A7170
:10F740007820F1F7C5FE002010BD012010BD7F20FC
:10F7500000F08CB86FF07F0000F088B810B5044658
:10F76000F8F738F8641EE2B2BDE8104000F05BB86C
:10F770002DE9F84307461E4690460C460846FFF71B
:10F78000EDFFE8B17D68212105F1EC008035FFF740
:10F79000C7FFB8B1641E296FE86EE2B200F043F80B
:10F7A00080B1786890F849118DF8001000990091A7
:10F7B0009DF8001000F2471031B13A20BDE8F883FF
:10F7C0001120FBE71A20F9E7811C0E700121A140EE
:10F7D000017080F801800020F0E72DE9F0410D462E
:10F7E0000646FFF7B4FF0746FFF7B4FF0024854243
:10F7F00000D10124BD4201D144F0020400F026F8FA
:10F8000000220146012303FA02F0084205D006EB6C
:10F81000420080F8705080F86F40521CD2B2022A29
:10F82000F1D3BDE8F08110B514460246002003462E
:10F83000022C05D2104600F010F80121A140CBB2F5
:10F84000034201D0012010BD002010BD10B5F7F714
:10F85000C1FFBDE8104000F000B8000A012240EAF4
:10F860000160C00700D003221046704708B501238D
:10F8700040F688126946F9F793FA08BD00EBD1000B
:10F8800001F007010078C84000F00100704718B18E
:10F89000022801D001207047002070473EB58178D2
:10F8A000002504461A2924D00EDC16292BD2DFE8C5
:10F8B00001F02A2A2A2A2A202A2A2A2A2A2A2A2A15
:10F8C0002A2A2A2A2A2020202A291CD00BDCA1F14E
:10F8D0001E010C2917D2DFE801F0161616161616AF
:10F8E00016161616160C3A3902290CD2DFE801F06A
:10F8F0000B012088B0F5706F05D26946FEF78EF9CE
:10F9000018B102203EBD12203EBD0199684691F813
:10F9100030218DF80820029A02929DF8082001F506
:10F9200098710AB10C203EBDA2784A70FF220A707D
:10F93000FEF786FC28463EBD10B5044600F0F4FDF7
:10F9400008B10C2010BD207818B1012801D0122078
:10F9500010BDFFF79CFF611CF4F77CFA08B1002092
:10F9600010BD072010BD10B500F0DEFD08B10C2061
:10F9700010BDF4F7CDFA0020F3F7BAFA002010BD5D
:10F9800010B50B46012200F11001FFF740F80020EE
:10F9900010BD10B500880021F2F732F818B190F8C8
:10F9A000A01211B107E0022010BD90F89E10152999
:10F9B00003D0162901D00C2010BD022180F8A0121E
:10F9C000002010BDF8B5054600880021F2F718F8B0
:10F9D000040003D094F8A00210B111E00220F8BD99
:10F9E00094F89E00152801D0162809D194F8D40265
:10F9F0008DF80000009800909DF80000012608B1E5
:10FA00000C20F8BD1022A91C04F2A12001F06EF90F
:10FA100084F8A0620020F8BD10B50821F1F7FCFDC4
:10FA2000002010BD10B50446F7F712FDFFF79CF853
:10FA3000F3F760FB2070002010BDFB21018040F631
:10FA4000480242808180C280002070471CB5008837
:10FA50006946FEF7E3F800280DD19DF80000019CEF
:10FA6000012804F5987403D1019800F0DDFC18B169
:10FA7000E07C18B13A201CBD02201CBD0120E074BE
:10FA800000201CBD10B504466FF07F0000F008FD9B
:10FA9000F3F730FB207000F0C4FCF3F72BFB607031
:10FAA000002010BD10B50446F4F738FA207000208D
:10FAB00010BD10B5044600F037FD08B10C2010BD94
:10FAC000207808B1012807D1FFF7E1FE611CF4F7A7
:10FAD000FFF908B1002010BD122010BD1CB504466E
:10FAE000F7F7B6FC00208DF8020003218DF8011015
:10FAF00014F8011B8DF803108DF80000684601947E
:10FB000000F08AF91CBD7FB50546F7F7A1FC064653
:10FB10002878002460B18DF8004001200DF101012A
:10FB2000F2F7EEFB20B1684600F090F8002812D101
:10FB30008DF80C403046FFF70DF818B18020ADF875
:10FB40000D0001E0ADF80D408DF80F402878012838
:10FB500003D038B1122004B070BD03A93046F7F7C6
:10FB600093FCF8E7304600F075FCF4E710B5017936
:10FB70008AB0042903D84188B1F5804F02D91220F8
:10FB80000AB010BD00218DF80410037900919DF892
:10FB90000020052B42F010028DF8002051D2DFE842
:10FBA00003F0030805110B0042F0010242F00202CB
:10FBB00006E042F0090201E042F0010242F00402D4
:10FBC0008DF80020BDF800200092BDF80020ADF8AF
:10FBD00005200388DDF8062063F31F22CDF80620F8
:10FBE0004388DDF8092063F31F22CDF80920427B0A
:10FBF0008DF80D2042798DF80E2082798DF80F2036
:10FC0000D0F807200492B0F80B20ADF81420807BC8
:10FC10008DF816007F208DF8170001208DF8180050
:10FC20008DF819108DF81A008DF81C108DF81D1024
:10FC30008DF81B108DF81E1008A901A8F7F770FAAF
:10FC40009EE741F2AD313920F1F742FC70B5044630
:10FC500000780121F1F7D4FE050007D0FFF702F983
:10FC600060B12846FEF77CFF10B105E0422070BD70
:10FC70002846FEF76BFF08B10C2070BD611C2846BA
:10FC8000FEF780FF002070BD0EB5828844F29023FD
:10FC90009A4201D912200EBD40F648039A4200D381
:10FCA0001A460388ADF800304388ADF80230ADF84D
:10FCB00004204388ADF80630ADF80820008808809D
:10FCC0006846F7F75BFC0EBD10B50446F7F7C0FBBE
:10FCD0006178C1F3400201F00101FEF74FFF0020FF
:10FCE00010BD3EB504460DF1070000902279E17881
:10FCF000A0780DF1060300F0DBFB002809D1208875
:10FD0000ADF80400B4F80500ADF8080001A800F053
:10FD10003EF93EBD10B50446012000F060FA28B15E
:10FD200021460120F2F704FB002010BD0C2010BD7D
:10FD30001CB50446F7F78CFB00208DF800008DF809
:10FD4000020003208DF8010014F8010B8DF8030068
:10FD50006846019400F0C9F81CBD10B5F2F70CFB21
:10FD6000002010BD10B50C460021F1F749FE18B176
:10FD7000022C03D9122010BD022010BD14F0010185
:10FD800080F81D12C4F3400280F81C2204D090F8C1
:10FD90001A1209B1FFF77EF8002010BD1CB50C4601
:10FDA0006946FDF73BFF002805D100212246019856
:10FDB00000F0E1FA00201CBD10B504460078FF28D1
:10FDC00009D00121F1F71CFE18B1B4F801104184EB
:10FDD00005E0422010BDB4F80100F5F7BDF80020A1
:10FDE00010BD10B50446F7F77BFC18B1002000F0F9
:10FDF000F6F928B121460020F2F79AFA002010BD4A
:10FE00000C2010BD10B5007800B10120F5F7B8F84E
:10FE1000002010BDF7F7B2BB2DE9FC41064645783E
:10FE200000780121F1F7ECFD04001ED0FEF763FE1F
:10FE3000F178814200D808460746042D18D0206B7F
:10FE4000FDF704FE384481B22046012200F0D9F9C2
:10FE500000280BD1032D00D0DFB12046FEF77EFE37
:10FE60007178032910D0A0B904E04220BDE8FC81DC
:10FE70007FB9F2E7042907D12046FEF7F3FF40B12E
:10FE8000206BFDF7AAFD20B1012D04D0032D02D077
:10FE90000EE01220EAE72046FEF760FE08B10022DD
:10FEA00002E0012D13D001226846216BFDF731FDE0
:10FEB000042D18D072683B460121206BFDF75DFDD3
:10FEC00038B17078022806D0032804D00BE0022253
:10FED000EAE70720CAE7206BFDF7B8FD02460121DB
:10FEE000206BFDF790FD0020C0E72DE9FC4107469F
:10FEF0004578C67800780121F1F782FD040003D02F
:10FF0000FEF72EFE18B103E04220BDE8FC8100267A
:10FF1000206BFDF79FFD304481B2884620460122C8
:10FF200000F06FF90028F0D1042D08D0032D0AD07D
:10FF30002EB12046FEF796FF18B10C20E5E71220FF
:10FF4000E3E7012D0CD12046FEF708FE08B104229C
:10FF500002E0012D10D005226846216BFDF7D9FC87
:10FF60007A6833460021206BFDF707FD30B1022D82
:10FF700006D0032D04D008E00622EDE70720C4E7F1
:10FF800042460021206BFDF73EFD0020BDE710B585
:10FF90000446808828B1012803D0022801D012200D
:10FFA00010BDE07800F0C4F948B1A07800F0C0F9C5
:10FFB00028B12046BDE81040012100F060B81120B2
:10FFC00010BD7CB50C46054600886946FDF726FE47
:10FFD000002806D1019829882180B0F8C8006080E7
:10FFE00000207CBD10B5044601460020F2F788F9D8
:10FFF00010B900202060A080002010BD7CB50C4608
:020000021000EC
:10000000054600886946FDF709FE08B102207CBD5F
:10001000A87858B100F005FAA0702888208094F9DB
:100020000200F3F767F8A07000207CBD019890F8FB
:100030006E00F1E710B5F7F759FB002010BD2DE970
:10004000FC41044640880D46B8B120886946FDF75A
:10005000E5FD00280FD120882880019E06F11005BB
:1000600080362F68628839463046FDF7CDFE286815
:10007000B842F6D10020BDE8FC811220FBE72DE953
:10008000F04F85B088460646008801A9FDF7C6FDF9
:1000900000283BD1029801468A4690F88F1100F55E
:1000A00098748DF80010009900919DF800104FF0A1
:1000B0000009803021B1B8F1020F01D0012700E022
:1000C0000027817F222900D13FB100256C30082113
:1000D0008346FFF7D3FB10B107E00125F6E70B21BC
:1000E0005846FFF7CBFB00B97DB104A800909DF8FE
:1000F000040003AB3246514600F073F9050005D108
:100100000C34FF20607037B903E01A2005B0BDE859
:10011000F08F207808B13A2512E084F800809DF82D
:100120000C00A0709DF81010E1708DF800008DF8A3
:100130000110B088ADF8020069465046FDF70DFE8B
:1001400084F801902846E1E70820F7F737BB10B59F
:10015000FDF7F1FCF2F78AFEF7F752FBFEF7AEF877
:10016000FDF76DFEF3F7D4FEF2F7E8FFBDE81040AF
:10017000F7F788BAF5F768BC4FF4A471884203D347
:1001800040F64801884200D3084680B27047C10754
:1001900001D001207047800701D502207047002060
:1001A000704710B5012806D0022804D04FF42571FD
:1001B0000620F1F78DF910BD1CB50121684600F04D
:1001C000CBF905E00098FEF74DFE08B101201CBDFB
:1001D0006846F1F781FC0028F4D000201CBD10B562
:1001E000FFF7EAFF58B1F7F733F90446FEF7B8FC1A
:1001F00018B92046FEF7AAFC08B1002010BD012066
:1002000010BD70B50C46054612B11F290CD816E07A
:10021000F1F710FFA04201D2072070BD2846FEF77B
:100220009DFC18B11F2C01D9122070BD2846FEF785
:100230009EFC30B121462846FEF769FC18B100202B
:1002400070BD422070BD452070BD10B50446407899
:10025000C1061CD5C0070BD0F7F784FAB8B1607897
:10026000C10605D4000703D5207D02280FD110E078
:10027000207D022801D0A07E48B96078000708D40C
:10028000D4F805004FF48041B1EB102F01D21120BA
:1002900010BD002010BD38B504460078EF2843D8C3
:1002A000B4F80100ADF80000009800F018F9A0B310
:1002B000617808070BD4D4F80200D4F80530020A9C
:1002C000B2EB132F30D82022B2EB102F2CD8607A4B
:1002D00018B3072828D8A07A28B1012803D002280B
:1002E00001D0032820D14A0703D4022801D00328D3
:1002F00005D1E07A08B1012816D1480707D4A07CBF
:1003000028B1012803D0022801D003280CD1C80647
:10031000207D03D5012807D102E005E0022803D0A3
:10032000207E18B1012801D0122038BD002038BD30
:1003300010B5040005D0F7F753FA844301D000202C
:1003400010BD012010BDFB2803D840F648008142B3
:1003500001D911207047002070471B38E12806D2D0
:10036000B1F5A47F03D344F29020814201D9122039
:100370007047002070472DE9F0410646B0F85270F2
:10038000B0F8544015462C30F4F700FE80460221A8
:10039000FDF7B3FC874200D23846074602214046AB
:1003A000FDF7ABFC844200D22046318829801B2F08
:1003B00013D9FB2F00D3FB276F801B280FD9FB28F5
:1003C00000D3FB20E8804046FFF7D6FEA8804046D9
:1003D000FFF7D2FE2881BDE8F0811B27ECE71B2048
:1003E000F0E72DE9F0419078069E1D46144608B9C5
:1003F000F7F7F6F9E478074614B9F7F7F1F9044688
:100400006FB164B13846FFF7C2FE2046FFF7BFFE6A
:100410002FB124B12F7034700020BDE8F081092085
:10042000FBE77F2000F03CB808B590F84C1290F83C
:10043000BC008DF80000009800909DF8000000B10D
:100440000120401E084203D0042901D0012008BD2C
:10045000002008BD70B50546FEF789FB70B128463F
:10046000FEF700FD002808D02846FEF7F8FC0446F9
:100470002846FEF7CEFC18B10C2070BD422070BD9E
:1004800064B12088FDF734FB20880021F1F774FB6C
:1004900020B141F2AF713920F1F71AF8002070BD98
:1004A00008B540F6881200236946F8F779FC08BDC4
:1004B00030B540F3000440F34000401C039D641C31
:1004C00000D019B100B10AB11CB901E0112030BD52
:1004D0000021197000B900222A70002030BDC0B27E
:1004E000C1060CD481064FEAC07103D5D1B981078A
:1004F00018D401E00029FAD1000713D410E0410616
:1005000010D481060ED4C1074FEA807104D00029AF
:1005100002DB400704D405E0010703D4400701D4FF
:1005200001207047002070471CB50121684600F08B
:1005300013F80AE0009C2046FEF794FC28B1204600
:10054000FEF739FB08B101201CBD6846F1F7C4FA7B
:100550000028EFD000201CBD0022134661F3174392
:10056000C0E90023704710B5FEF77FFC10B140F2E0
:10057000171104E0F3F73CFE20B14FF48E71012017
:10058000F0F7A6FFBDE810400120F1F7E5B90268D9
:1005900012B9016070470246506808B18A42FAD128
:1005A0008A42F7D05160704710B5044602E02068D7
:1005B00080476468002CFAD110BD10B50020F1F717
:1005C000CBF9F1F741FCF1F77DFEF2F723F80028B3
:1005D00003D0F9210120F0F77BFF10BD10B5FFF724
:1005E000C2FFFEF77BFF002804D040F2311101204A
:1005F000F0F76EFF10BDFBF7A9BA01000B00020077
:100600000A00050009000A000800140007001E0087
:100610000600320005004B00040064000300960051
:100620000200FA000100F40100002DE9F8434468DB
:10063000804604F180000D46064604F59877827FD7
:1006400001230B21FDF701FB18BBB27F0123002121
:100650003046FDF7FAFAC8B1707F252819D0284630
:10066000FDF75DFDB8B1687900F0070284F86320FA
:10067000287900F0070184F86210787B8DF800007B
:10068000009800909DF80000C8B90AE00120BDE87C
:10069000F8832020FBE729464046BDE8F843FDF7F4
:1006A00047BF387B01280AD004F16A0000F08FF8B8
:1006B00010B10220387302E04046F7F7BBF8222061
:1006C000B0774046FDF71EFF0020E0E710B5446814
:1006D0000378002194F89D2080342046FDF7B5FA78
:1006E00010B12020607710BD86217E20F0F7F0FE4B
:1006F00012220A70D0F80920C1F80320407BC8718B
:100700007047C10701D001207047810701D5022041
:100710007047400701D508207047002070472DE939
:10072000F05F074690468B4601260846FDF713FD0D
:1007300082465846FDF711FD8146FFF7E2FF044669
:100740005046FFF7DEFF054654EA050000D10026BB
:10075000F7F746F810EA090F00D10024F7F740F840
:1007600010EA0A0F00D1002597F86A00A04200D1D4
:10077000002488F8004097F86B00A84200D10025BB
:1007800088F801504CB945B95846FDF7D2FCB7F886
:10079000941000F010F800B100263046BDE8F09F3C
:1007A00010B5012806D0022804D04FF42571062088
:1007B000F0F78EFE10BD401A00B247F6FE71884277
:1007C00001DC002801DC01207047002070474378DD
:1007D0008B4204D10078904201D101207047002063
:1007E00070472DE9F041054616460F460846FDF7CD
:1007F000B2FC04463846FDF7B0FC014632462846B6
:1008000000F01BF8B8B122462046FFF77AFF60B12E
:10081000696891F86B30834207D091F83C01012858
:1008200006D091F86700104205D00120BDE8F081A4
:1008300091F83F01F7E70020F8E770B505460C4650
:100840000846FFF75EFF030029D0696891F86A0047
:10085000984224D091F83C51012D05D091F8665072
:10086000254213D01AB11AE091F83E51F8E791F8F9
:100870006310214213D158B104280ED0042B0CD0A0
:1008800008280AD0082B08D0984208D9002070BD4B
:100890004FF4BC710620F0F71BFE9842F6D30120FE
:1008A00070BD10B5F7F754FC00F01EF8F7F72CF9FF
:1008B000BDE81040F7F726BA10B5C824641EE4B2AC
:1008C000F7F740F9022803D0012800D0002010BD1E
:1008D000002CF3D14FF482713B20F0F7F9FD405822
:1008E000002800D0012070474FF0E0214FF4004075
:1008F000C1F88001BFF34F8FBFF36F8FF7F79CBA3A
:10090000002809DB00F01F0201219140400980000E
:1009100000F1E020C0F88012704700280DDB00F0E5
:100920001F02012191404009800000F1E020C0F841
:100930008011BFF34F8FBFF36F8F7047405800286F
:1009400000D00120704710B504460846F7F72EFD89
:100950004FF47A7100F2E730B0FBF1F0201A801EFC
:1009600010BD10B504460846F7F720FD4FF47A7124
:10097000B0FBF1F0201A10BDF8F748BA70B5144674
:100980000D46001B6FF07F01884201DA084602E045
:100990007F2800DD7F20194640B2F8F775FA2870ED
:1009A0006C7000212044A97040B270BD4FF0FF3040
:1009B000704700207047002070474FF0FF307047AD
:1009C00070477047002070470021017070474FF05A
:1009D000FF3070474FF0FF307047002101707047C3
:1009E0004FF0FF3070474FF0FF307047007800281D
:1009F00001D06FF015007047002070470022FFF70C
:100A0000BDBF042802D24FF02800704702D14FF03A
:100A1000100070474FF000007047002180F826104A
:100A200000F8241F4170704770B5F8F791FA054639
:100A3000002406E02046F8F791FAFFF7EEFF641C69
:100A4000E4B2AC42F6D370BDFBF75EBA10B500203D
:100A5000FBF7AAFD0068002818BF012010BD10B5E3
:100A6000FAF72CFEFAF7C2FD00F004F880B210BDD0
:100A7000FBF774BD410A43F609525143C0F3080025
:100A800010FB02F000F5807001EB50207047002849
:100A900009DB00F01F02012191404009800000F1B4
:100AA000E020C0F88012704700280DDB00F01F0224
:100AB000012191404009800000F1E020C0F8801140
:100AC000BFF34F8FBFF36F8F70474058002800D09F
:100AD00001207047D0F80C24D0F80C04C2F3004277
:100AE00000F001001AB1884201D1012070470020B6
:100AF000704710B501218807FBF7F2F8002800D0F5
:100B0000012010BD4FF080400121016070474FF07F
:100B10008042D2F81814D2F81824C1F3004102F030
:100B2000030219B1824201D10120704700207047B1
:100B300010B500214FF08040FBF7D2F8002800D01C
:100B4000012010BD002809DB00F01F0201219140A7
:100B50004009800000F1E020C0F8801270470028B2
:100B60000DDB00F01F02012191404009800000F1DF
:100B7000E020C0F88011BFF34F8FBFF36F8F704735
:100B800000100200FA000000921E8006C02B9F0C8D
:100B90009B0B21AC1AC551A8EEDC1F27002809DBEE
:100BA00000F01F02012191404009800000F1E02087
:100BB000C0F880127047EFF3108172B60278012AF4
:100BC00001D0012200E000220123037001B962B6C6
:100BD0000AB1002070476FF02200704700210170B9
:100BE00008467047EFF3108172B60022027001B917
:100BF00062B600207047FBF7A7BE4FF08050D0F8D8
:100C000030010F2801D000207047012070474FF0BD
:100C10008050D0F830010A2801D000207047012010
:100C2000704700B5FFF7F3FF20B14FF08050D0F8C8
:100C3000340108B1002000BD012000BD4FF08050FC
:100C4000D0F830010E2801D00020704701207047F5
:100C50004FF08050D0F83001102801D000207047AC
:100C6000012070474FF08050D0F83001062803D0A3
:100C7000401C01D0002070470120704700B5FFF7ED
:100C8000F1FF48B14FF08050D0F83401062803D36B
:100C9000401C01D0012000BD002000BD00B5FFF7C1
:100CA000E1FF38B14FF08050D0F83401062803D36B
:100CB000401C01D0002000BD012000BD4FF080503D
:100CC000D0F830010D2801D0002070470120704776
:100CD0004FF08050D0F83001082801D00020704734
:100CE00001207047FBF76ABEFBF768BEF0B480EAEC
:100CF000010C03461CF0030F3CD113F0030F0BD083
:100D0000002A04BFF0BC704711F801CB03F801CBF7
:100D1000521E13F0030FF3D1032A4FD9B2F1004F43
:100D20004CD2C2F1000C4FEAEC740CEB947C4FEA0D
:100D3000AC0CCCF1000CBCF1000F1BDD0D1F1C1F17
:100D40001CF0010F03D055F8046F44F8046F5FEAFC
:100D50006C0607D06F68676055F8087F44F8087F15
:100D6000761EF7D101EB8C0103EB8C03CCF1000C68
:100D700002EB8C02002A04BFF0BC7047B2F1004FB6
:100D800026D2002ADCBFF0BC7047491E5B1E12F061
:100D9000010F03D011F801CF03F801CF521004BFA7
:100DA000F0BC704791F801C083F801C011F802CF80
:100DB00003F802CF521EF5D1F0BC7047042AD9D3F4
:100DC00051F804CB121F43F804CB042AF8D2D1E720
:100DD00011F801CB03F801CB521EF9D1F0BC7047DA
:100DE00070B4034601F0FF0C10F0030F09D0002A85
:100DF00004BF70BC704703F801CB521E13F0030F01
:100E0000F5D1C9B241EA012141EA0145032A39D9A4
:100E1000B2F1004F36D25142CC1701EB94718910D8
:100E20004E42002E11DD191F16F0010F18BF41F8B8
:100E3000045F741004D04D6041F8085F641EFAD15D
:100E4000714203EB860302EB8102002A04BF70BCEF
:100E50007047B2F1004F1DD2002ADCBF70BC704752
:100E6000591E12F0010F18BF01F801CF521004BF34
:100E700070BC704781F801C001F802CF521EF9D151
:100E800070BC7047042AE0D3121F43F8045B042AA5
:100E9000FAD2DAE703F801CB521EFBD170BC7047DF
:100EA000034611F8012B03F8012B002AF9D17047F2
:100EB000034613F8012B002AFBD1181A013870479A
:100EC0000C0802170D0101020909010106020918A7
:100ED0001803010109090303050302012302022487
:100EE0000910040405050B0B040B2BD8ECF0F4F8E7
:100EF000FC000203040506070800000000000000D3
:100F000000000000000000000000000000010101DE
:100F1000010202020203030303040404040505059D
:100F20000506060708090A0B0C0D0000000000006A
:100F300000000000000000000000000000000101AF
:100F40000101020202020303030304040404050571
:100F5000050506060608090090B583B000AF00231A
:100F60003B80394642F62813381DBB8000F0EAFB6F
:100F700088B16C4688B03B796A461F495161192196
:100F8000C2E90613042342F8103F1C484FF40351F2
:100F90000FF050F9A546791C781D00F0D3FB88B1FD
:100FA0006C4688B07B796A46134951611921C2E9C0
:100FB0000613042342F8103F10484FF403510FF07A
:100FC00039F9A546B7F900000028B8BF03308010F2
:100FD000EFF78CFA06A3D3E90023EFF7F1FAEFF766
:100FE00001FD0C3700B2BD4690BD00BFAFF30080DD
:100FF00008AC1C5A643BCF3F0757020088430200ED
:1010000090B583B000AF00233B80394642F62A33C7
:10101000381DBB8000F096FB88B16C4688B03B79E8
:101020006A461F4951611921C2E90613042342F897
:10103000103F1C484FF403510FF0FCF8A546791CF3
:10104000781D00F07FFB88B16C4688B07B796A46DA
:10105000134951611921C2E90613042342F8103FD4
:1010600010484FF403510FF0E5F8A546B7F900001A
:101070000028B8BF03308010EFF738FA06A3D3E991
:101080000023EFF79DFAEFF7ADFC0C3700B2BD4639
:1010900090BD00BFAFF3008008AC1C5A643BCF3F4B
:1010A000075702008843020090B583B000AF0023C9
:1010B0003B80394642F62C53381DBB8000F042FB82
:1010C00088B16C4688B03B796A461F495161192145
:1010D000C2E90613042342F8103F1C484FF40351A1
:1010E0000FF0A8F8A546791C781D00F02BFB88B1FD
:1010F0006C4688B07B796A46134951611921C2E96F
:101100000613042342F8103F10484FF403510FF028
:1011100091F8A546B7F900000028B8BF0330801049
:10112000EFF7E4F906A3D3E90023EFF749FAEFF765
:1011300059FC0C3700B2BD4690BD00BFAFF3008034
:1011400008AC1C5A643BCF3F07570200884302009B
:101150001FB50223019002938DF80C300448836878
:1011600001229C6801A94723A04704B010BD00BF1D
:10117000A8410200F0B58BB000AF5B4C204612F0E6
:1011800097F8236890B96C4688B06A465749C2E917
:1011900005134FF400739383554B42F8103F4FF4FF
:1011A000E65154480FF040F8A5463AE06D4688B045
:1011B0006A4651494F48C2E905134FF400739383BF
:1011C0004B4B42F8103F4FF4E6510FF02DF801233E
:1011D00000223A76FA18C7E90473C7E907233B806F
:1011E0000723AD4687F82430A36802229E6807F1E2
:1011F000100147232046B0477B78B0B1502B14D064
:1012000088B03B786A463D4951614721C2E90613DF
:10121000042342F8103F37484FF403510FF004F80D
:10122000AD46FF202C37BD46F0BD6C4688B06A46FF
:1012300033493048C2E90513032342F8103F4FF405
:10124000C6510EF0F1FF42F23603A546381DBB80B1
:10125000FFF77EFF68B188B03B796A462949516142
:101260004721C2E90613042342F8103F4FF403510B
:1012700097E7254B1F487B6202263E6207F120025A
:101280004FF486510EF0D0FF372307F108003B8161
:10129000FFF75EFF20B188B03B7A6A461B49DEE764
:1012A0001B4B1448C7E9086307F120024FF486512D
:1012B0000EF0BAFF40F2373307F10C00BB81FFF7A5
:1012C00047FF054620B188B03B7B6A461149C6E717
:1012D000114B0848C7E9086307F120024FF4865113
:1012E0000EF0A2FF28469DE7A8410200CC4F020065
:1012F0000300000188430200F74F02001B50020068
:101300006350020085500200D950020001510200D2
:101310004B51020069510200B85102002DE9F04121
:101320002E4B8AB000AF064618689B88BB81FB1D18
:101330003B6101237B6100233B7607F10803FB61DE
:1013400006234FF01D083B6207230D46B86087F85F
:10135000078087F824302248836802229C6807F1BE
:1013600010014723A0470446B0B16C4688B06A46D6
:101370001C4B53614723C2E9063804231A4842F83C
:10138000103F4FF403510EF04FFF4FF0FF30A546D2
:101390002837BD46BDE8F081BA7A3B7A787A43EACD
:1013A000024343EA0020EFF7A1F8104B0022EFF7C9
:1013B00007F9EFF717FB7A7BFB7A3060387B43EA5B
:1013C000024343EA0020EFF781F8094B0022EFF7D0
:1013D000F7F8EFF707FB28602046D9E70045020041
:1013E000A8410200DB510200884302000000F03EE9
:1013F0000000903F01480EF080BF00BF1B5202006A
:1014000011B103480EF079BF02480EF076BF00BF5D
:1014100035520200515202002DE9F043604C614DFB
:1014200087B0002600AF6048214600F0B7FB50B1FE
:101430005E4B7B6102233B6107F110024FF4865142
:1014400028460EF0F4FE584BE84688B019882388E9
:101450006A465748D3610423C2E9050142F8103FA8
:101460004FF4035128460EF0E2FEC546FFF774FD27
:101470006080FFF7C5FDA080FFF716FE8AB003B2BB
:10148000E080B4F90410B4F902006A46DFF824C120
:10149000C2E907130523C2E905C04FF423512846CA
:1014A00042F8103F0EF0C3FE4349C546081FFFF740
:1014B00035FF50B1414B7B6102233B6107F11002C4
:1014C0004FF4865128460EF0B2FEE84688B0A16877
:1014D000E3686A463A48D3610423C2E90501284615
:1014E00042F8103F4FF403510EF0A1FE3548C546B7
:1014F00000F08AFC50B1344B7B6102233B6107F161
:1015000010024FF4865128460EF091FE2D4B3146C5
:101510001868EFF795FAE94688B0E8462B4BC8F80B
:101520001430EEF7F5FF42460423C8E906012846C9
:1015300042F8103F4FF403510EF079FE2448CD4697
:1015400000F098FC50B1234B7B6102233B6107F113
:1015500010024FF4865128460EF069FE206931468C
:10156000EFF76EFAE94688B0E8461B4BC8F814302E
:10157000EEF7CEFF42460423C8E9060142F8103FC9
:101580004FF4035128460EF052FE2046CD4600F09F
:101590003BFB00214FF480400CF088FD43E700BF87
:1015A000362D002088430200142D00205C520200DA
:1015B00076520200A2520200422D0020D9520200AF
:1015C000F8520200F828002027530200425302007C
:1015D000462D0020555302006E530200B0B588B06E
:1015E00002AF00F0BDF9022300284AD0444A454822
:1015F000C7E904324FF4865107F110020EF017FECE
:1016000000F0CAF8022300283DD03F4A3D48C7E910
:1016100004324FF4865107F110020EF008FEFFF776
:10162000A9FD022388B3394A3648C7E904324FF48A
:10163000865107F110020EF0FAFD00F01BFB0223A9
:1016400028B3334A2F48C7E904324FF4865107F1D3
:1016500010020EF0ECFD002004F0FEFBC8B16C4659
:1016600088B002AA2B4BC2E90530032342F8103F91
:1016700024484FF4C2510EF0DAFDA5461837BD4696
:10168000B0BD254AB3E7254AC0E7254ACCE7254A3D
:10169000D8E7254805F0C2FE6D46244B19487B610A
:1016A000022407F110024FF486513C610EF0BFFD99
:1016B000012300931E491F4B1F48224605F0CAF81C
:1016C00070B188B002AA1D4BC2E90530032342F86D
:1016D000103F0C484FF4C2510EF0A9FDAD46CDE7C6
:1016E000174B0848C7E9044307F110024FF486512D
:1016F0000EF09DFD00214FF400400CF0D7FCF9E7FF
:101700007F53020088430200B0530200E1530200FD
:101710001C5402004D5402009B530200CC530200A3
:101720000254020038540200E80400206D54020004
:10173000B0470200A8470200FC04002084540200C5
:10174000AA54020010B586B00123CDE9031301931A
:101750000022072300908DF808208DF814300448EB
:10176000836802229C6869461923A04706B010BD11
:10177000A84102001FB50223019002938DF80C309E
:101780000448836801229C6801A91923A04704B07A
:1017900010BD00BFA8410200F0B58BB000AF4E4CA9
:1017A000204611F085FD23686C46A0B988B06A46D2
:1017B0004A49C2E905134FF400739383484B42F83A
:1017C000103F4FF4E65147480EF034FDFF20A54688
:1017D0002C37BD46F0BD88B06A4643494148C2E94E
:1017E00005134FF4007393833D4B42F8103F4FF4C1
:1017F000E6510EF01FFD0F23A546791C38463B80AD
:10180000FFF7A0FF7B7878B1442B0DD088B03B78F0
:101810006A46364951611921C2E90613042342F888
:10182000103F4FF40351CEE76C4688B06A4630490A
:101830002C48C2E90513032342F8103F4FF4C65168
:101840000EF0F8FC44F62143A546381DBB80FFF797
:1018500091FF20B188B03B796A462649DAE7264BEA
:1018600020487B6202263E6207F120024FF4865137
:101870000EF0E0FC42F2205307F108003B81FFF735
:1018800079FF20B188B03B7A6A461C49C2E71C4BFD
:101890001448C7E9086307F120024FF486510EF09F
:1018A000C9FC4CF6257307F10C00BB81FFF762FF02
:1018B000054620B188B03B7B6A461249AAE7124B25
:1018C0000848C7E9086307F120024FF486510EF07B
:1018D000B1FC28467CE700BFA8410200EF5402009B
:1018E00003000001884302001E5502003D5502001E
:1018F0008A550200A2550200EC550200195602005A
:101900006356020090560200DA56020010B586B007
:101910000123019300238DF808300723CDE903123A
:1019200000908DF814300448836802229C68694650
:101930005B23A04706B010BDA84102001FB50223DB
:10194000019002938DF80C300448836801229C6852
:1019500001A95B23A04704B010BD00BFA84102004D
:10196000F0B58DB000AF7E4C204611F0A1FC23688D
:101970006C46A0B988B06A467A497B48C2E905132B
:101980004FF400739383794B42F8103F4FF4E651C4
:101990000EF053FC2820A5463437BD46F0BD88B074
:1019A0006A4673497048C2E905134FF40073938384
:1019B0006E4B42F8103F4FF4E6510EF03EFC0F2301
:1019C000A5460122791D381DBB80FFF79FFF7B795B
:1019D000A0B1E02B12D088B03B796A4665495161CD
:1019E0005B21C2E9061304235F4842F8103F4FF41D
:1019F00003510EF022FC0A20A546CDE76C4688B0C4
:101A00006A465D495848C2E90513032342F8103F6E
:101A10004FF4C6510EF011FC1023A546012207F128
:101A2000090107F108003B81FFF770FF7B7AA0B145
:101A30000D2B12D088B03B7A6A46504951615B2128
:101A4000C2E906130423484842F8103F4FF40351FB
:101A50000EF0F3FB0B20A5469EE76D4688B06A4664
:101A600047494148C2E90513032342F8103F4FF4A8
:101A7000C6510EF0E2FB48F24123AD4607F10C00DF
:101A8000BB81FFF75BFF90B188B03B7B6A463D4965
:101A900051615B21C2E906130423334842F8103F29
:101AA0004FF403510EF0C9FB1420AD4674E7364BDA
:101AB0002D48FB620226BE6207F128024FF48651D0
:101AC0000EF0BBFB40F6424307F110003B82FFF7EC
:101AD00035FF90B188B03B7C6A462C4951615B214F
:101AE000C2E906130423204842F8103F4FF4035183
:101AF0000EF0A3FB1520AD464EE7254B1A48C7E96B
:101B00000A6307F128024FF486510EF096FB40F26B
:101B1000431307F11400BB82FFF710FF044690B196
:101B200088B03B7D6A461B4951615B21C2E90613BF
:101B300004230D4842F8103F4FF403510EF07DFB93
:101B40001620AD4628E7144B0748C7E90A6307F19A
:101B500028024FF486510EF070FB20461CE700BFB0
:101B6000A84102004D570200884302000300000113
:101B7000785702009E570200EB57020009580200F6
:101B80004E58020064580200B7580200DE580200A6
:101B900031590200585902009B590200F0B583B038
:101BA000042200AF05460C4600235426B918F81C41
:101BB0007B60FE70FFF7AAFEA0B16C4688B06A4653
:101BC0000B4B53615B23C2E906360423094842F8F4
:101BD000103F4FF403510EF030FB1E20A5460C378A
:101BE000BD46F0BDBB882B80FB882380F7E700BF94
:101BF000B2590200884302004B1E59425941014B21
:101C0000197070474A2D002010B50C4B1B7886B018
:101C1000044683B100211822684612F020FA084BCE
:101C20006946CDE9013400201423ADF80C3007F0EB
:101C300017FE06B010BD6FF00C00FAE74A2D002029
:101C40004C48020010B586B00123019300238DF8A3
:101C50000830022207230090039104928DF814307B
:101C60000348836869469C683623A04706B010BDC8
:101C7000A84102002DE9F0438BB000AF554D284636
:101C800011F016FB6C462B68A8B988B06A46524919
:101C9000C2E905134FF400739383504B42F8103F91
:101CA0004FF4E6514E480EF0CBFAFF20A5462C37F4
:101CB000BD46BDE8F08388B06A464A494848C2E953
:101CC00005134FF400739383444B42F8103F4FF4D5
:101CD000E6510EF0B5FA0823FB70A5460023391D26
:101CE000F81CBB80FFF7AEFF68B188B0FB786A468E
:101CF0003D4951613621C2E90613042342F8103FE1
:101D00004FF40351CEE7BB8888B05BBA9BB26A46FA
:101D1000364933484FF00309C2E9051342F8109FD2
:101D20004FF4C6510EF08CFA314A07F108031188BE
:101D3000927839814FF00208C7E90439A546BA7292
:101D400087F81880AE683623D6F808C0012207F15C
:101D500010012846E04720B188B03B7A6A46254901
:101D6000C7E7254B1E48C7E9088307F120024FF457
:101D700086510EF065FA00214FF400500CF096F9F0
:101D80001E4A87F8188011889278B98107F10C03F0
:101D9000C7E90439BA7336232846B668012207F129
:101DA0001001B047054620B188B03B7B6A46144914
:101DB0009FE7144B0A48C7E9088307F120024FF454
:101DC00086510EF03DFA4FF4005000210CF06EF9F0
:101DD00028466CE7A84102000B5A020003000001EC
:101DE00088430200385A02005E5A0200A85A0200D4
:101DF00006450200C35A02000B5B0200975B02001B
:101E0000275B0200755B0200F0B583B000AF0023D2
:101E100005460226391DF81CBB80FE70FFF712FF35
:101E20000446A0B16C4688B06A460F4B5361362316
:101E3000C2E9063604230D4842F8103F4FF403511F
:101E40000EF0FEF9FF20A5460C37BD46F0BDB88860
:101E500040BAC0F30B10EEF7A7FE0549EEF740F9C4
:101E600028602046F0E700BF9A5B0200884302002A
:101E70000AD7A33AF0B583B0042600AF0023054685
:101E8000B919F81CBB80FE70FFF7DCFE044698B160
:101E90006C4688B06A46114B53613623C2E9063658
:101EA0000F4842F8106F4FF403510EF0C9F9FF20AC
:101EB000A5460C37BD46F0BD7879EEF775FE4FF0BC
:101EC0006E51EEF70DF906463879EEF769FE0146D8
:101ED0003046EEF7B5FD28602046EAE7EE5B0200EB
:101EE000884302002DE9F04F91B08407009302F07F
:101EF00004030293C2F3C20303F10103DDF8689007
:101F0000039205460E46059340F0BA81041D30B198
:101F1000072909D86FF01B0011B0BDE8F08F01F060
:101F20000706341DC6F10806009B4FF00008591E35
:101F30004FF0040A4FF0FF330193CDF8108047466D
:101F4000C34653460DB1009A22600598002800F35D
:101F5000E8809848009A824203D397488242C0F0B2
:101F6000E080039AA4EB050E92074FEA9E0000F171
:101F700003810F2F00F2B180002D00F0058107F1E1
:101F800040020DEB020C019A0CF8200C0CF8102CFE
:101F9000049801300490E7E07A285DD84B280ED8E9
:101FA000472859D829282DD8252852D054D8202858
:101FB0007AD02338D0F1000B4BEB000B74E04C3897
:101FC0002E2849D8DFE800F070484848484848487B
:101FD000484848484B484848484848484859484B6A
:101FE0004B595959704B6D487048184B18484882E6
:101FF0007F4B48484B487F0000204FF0000B4FF0CC
:10200000040A38E02A38C0B2012202FA00F010EACD
:102010000E0F49D110F0625C2FD110EA020B43D0B1
:102020006046013C5444B4FBFAF40AFB04F4002D6E
:1020300061D0A3EB050CA4446645FFF46BAF002808
:1020400068D1042B47D159F8043B2360043404239E
:102050002AE0019A013A01924FF0000B24E011F8B6
:10206000010C6C2834D111F8023C00206C2B834603
:10207000C5D14FF0080A5346D3E709F1070929F003
:1020800007090734F9E802AB24F0070435B10698D4
:102090002044B0423FF63EAFC4E900AB08344FF0F5
:1020A000000B4FF0080A534611F8010F002878D0B2
:1020B000BBF1000F7FF470AF2528F5D1019B0133F0
:1020C00001934FF0010B4FF0040AECE7584694E7F8
:1020D00000208346A5E7082B02D06FF015001BE710
:1020E00009F1070929F00709F9E80223C4E90023E7
:1020F00008340823D8E768B9042B02D109F1040990
:10210000A4E7082BE9D109F1070929F0070909F12A
:102110000809EDE7059A013A059259F8042B009257
:1021200010E7039A900720D5A4EB050E4FEA9E0016
:102130004FF0010CBEF5007FCFD20F2FCDD8F5B1F7
:1021400007F140020DEB020EC0B2019A0EF8200C0E
:102150000EF8102CBCF1000F3FF41AAF60F07F00B6
:102160000EF8200C08F101080137C5F1080204340B
:1021700006924FF6DA7E97E74FF0000CDAE7BCF1F3
:10218000000F01D00136EFE7029802360028EBD1AC
:102190000098CDE90631FEF78BFEDDE906310644F5
:1021A000E2E7631BB3F5806F97D23DB9A6F108044F
:1021B000E018B1E694400200CC7A0200029A28604E
:1021C0009B082B709DF81030C2B1EB7085F802802F
:1021D000B8F1000F05D008A80022C5F1010C974204
:1021E0000ED1C5F101030DF120094FF0000A019352
:1021F0000DF1300B574512D1601B8DE66B70E5E792
:1022000010F8013B190608D504EB0C0E764503F0D7
:102210007F03FFF47FAE04F8013B0132DFE7B8F142
:10222000000F03D099F90020002A17DB029BD3B1DD
:102230001AF80B2004F8012B0022019B9818204467
:102240008642FFF467AE99F8000004F8010B00998C
:102250000392204611F0F5FE039A14440AF1010A94
:1022600009F10109C6E799F8002055F822300093DA
:10227000029B45F822300098FEF71AFE421CDCE76C
:102280006FF00D0048E600BF2DE9F04F95B000AFAC
:1022900090F802B0BB61BB6F7A62C3F3C00304461F
:1022A0003B618A4641B9457800780BEB80002044B9
:1022B000554517D8A0EB040AE3787B61BBF1000F0A
:1022C00002D0BB6FD80716D47B6953BB7B6A1BB1A6
:1022D000BA69514620469847554628465437BD4668
:1022E000BDE8F08F461C3046FEF7E2FD0130304479
:1022F0000AF1010ADCE723783B629B00FB603B6A42
:102300006268FA6104EB83097B6A002B40F0FE806F
:102310005546C84609EB0B0A0026D04551D1D94491
:1023200013E0BB6F9907D1D523783B6299469B0098
:10233000FB606368FB617B6A04EB8909002B7AD13F
:102340005546BBF1000F4FD15E46BB6F13F0050F32
:102350007B6909EB430ABB6F03F002030CBF4FF02C
:10236000020B4FF0010B7B62D145B6D019F8021B6E
:1023700019F8013C54F82380AA4B984502D3AA4B84
:10238000984538D33B69002B42D0F8690DF08CFF9B
:1023900000283DD0E8468AB06A46A44B5361FB69E9
:1023A000C2E906314FF400731384A14B42F8103F89
:1023B000A04800234FF4125100F008FD023DC5462D
:1023C000D2E718F8013B54F82300FEF771FDFB6FCC
:1023D00001303BB1D7F880309E423EBFFB6F23F8FF
:1023E00016000136054498E7BB6F13F004061CBFC6
:1023F0007E6AD944A9E73B6923B1F8690DF054FF1F
:102400000028C7D1BB6FDA0705D4A5EB0B05ABE7F6
:102410007B6A002BA8D04046FEF74AFDFB6F43B114
:10242000D7F880309E423FBFFA6F431C22F8163027
:102430000136054498E7BBF1000F6DD0BB6F13F078
:1024400004066CD0D846002607F140005A4649469B
:1024500011F0F7FD7B695B007B607B69D94409EB78
:102460004303BB60BB6F03F002033B60BB684B459B
:1024700057D1B96F6378B86F890706EB030254BF71
:102480004FEA58010021C507D2B200F19A8010F03E
:10249000040F14BF40460020FB616270A070E17021
:1024A000BA69F9687B6A20469847051EFFF615AFA2
:1024B0003B6A2370FB6963707B69E3704146BA69CC
:1024C0007B6A84F802B007F140009847B0F1000839
:1024D000C0F2A480FB68BA69AAEB0B01C91A7B6839
:1024E0004846C91A7B6A98470028C0F29980A844D8
:1024F00008EB00054FF0000B07F1300AB34562D33B
:102500000021BA697B6A08469847E6E65E464FF0C6
:10251000000807F1300099E75E46D8469AE7B046D2
:1025200098E719F8021B3F4B19F8015C54F8250095
:10253000984202D33C4B98421DD33B6923B1F869C2
:102540000DF0B2FE002891D13B68FBB908F12803D9
:1025500007F1280208F1010003EB020C07F1500318
:1025600053FA80F008F102080CF8101C5FFA88F8A2
:1025700000F8105C7AE73B692BB1F8690DF094FE26
:1025800000287FF473AFBB6FDB0709D506F1280382
:1025900007F12802711C9E1806F8205CCEB265E790
:1025A000BB6F58077FF562AF08F1280307F12802D7
:1025B00008F1010103EB020808F8105C5FFA81F8EA
:1025C00054E7002068E71BF80A3087F82F3054F8EA
:1025D0002390FB6FFBB133F81B80BA697B6A012142
:1025E00007F12F00984700281ADB0544B8F1000FC7
:1025F00006D14846FEF75CFC00F101081FFA88F896
:10260000BA697B6A414648469847002808DB05447A
:102610000BF1010B72E7D7F87C80DEE745465CE6FC
:1026200005465AE694400200CC7A0200405C020063
:1026300004000001F0430200014B1860704700BF26
:102640004005002080B505460E46174698460BF01B
:1026500047FD034611F014FDDFF81890044649F8D1
:102660000030424630463946A84754F8090001F088
:1026700003FD00BF080000002DE9F047058B04466C
:102680002807904611D4022905F0070540F0CD80B7
:1026900020460EF00AF878B10138218B042811D8B1
:1026A000DFE800F0C3106D85950001290CBF45F0EF
:1026B000100545F02005258388F31188BFF36F8F3F
:1026C000BDE8F08701F0070AAA4500F0A6800027C0
:1026D000B9463E46A368002B00F0BD8041F00801DA
:1026E000218388F31188BFF36F8FA168002900F060
:1026F000BB800D68002900F0B780D1F80480334614
:1027000052462046C047002D76D02B6829461D46EC
:10271000F0E701F007035A1F012A1BD8002221F01D
:102720000701062B276889B2C4E9002209D13B467C
:1027300003E0628B013262831B68002BF9D141F008
:102740000201218320460DF0B0FF00287BD041F02C
:10275000200177E0042B0AD121F0070189B22183FF
:1027600020460DF0A2FF10B141F020012183218B02
:1027700001F0070AAA4550D00027B946AAE7236905
:1027800021F0070141F00601062DD3F800902183C6
:102790002DD1B9F1000F40D041F00801218388F319
:1027A0001188BFF36F8F3A492046C84729E021F0CE
:1027B0000701236941F0040189B2042DD3F8049084
:1027C0002183E6D000273E464FF0040A82E721F03D
:1027D0000701236941F0050189B2052DD3F808905E
:1027E0002183D6D000273E464FF0050A72E7002726
:1027F0003E464FF0060A6DE72B4687E7B9F1000F1A
:10280000D1D14FF04003EFF3118883F31288BFF367
:102810006F8F238B23F008032383258BEA062ED5A5
:1028200025F01003238305F007056669218B002E30
:10283000BFF66FAF00232768C4E9003321F007011A
:1028400041F001012183218B01F0070AAA454FF0D5
:1028500000097FF43FAF002F9BD041F00801218396
:1028600088F31188BFF36F8F002FC7D03D683946BA
:102870003346524620460DF044FF2F46F4E7AB06A0
:102880007FF51AAF25F02003238305F00705FFE647
:102890002F07020009F096BB2DE9F047DFF85880BA
:1028A000044607464FF0010914B93846BDE8F087E1
:1028B00094FAA4F5B5FA85F509FA05F32E0108EBAB
:1028C00005156FEA030A24EA03042B7B002BEBD0E7
:1028D00058F806301B694BB94644042273682846F1
:1028E000196807EA0A0700F05DFADDE7284698470D
:1028F0000028D9D1F0E700BF7044020030B510497C
:10290000104889B0002211F0D8F80F4D0F4900226D
:102910000023CDE9062300240E23CDE90334CDE9BD
:1029200001440B4B00944FF4407228460AF06CFDB2
:102930000849284610F075FD204609B030BD00BF9B
:1029400059290100A01A0020181600208037002005
:10295000492C0100F45C020001480AF0C7BE00BF28
:10296000EC0800202DE9F04780461F480F460EF086
:10297000FAF90646002830D000252846BDE8F08741
:10298000237B73B12368DB680BB12046984723682B
:102990001B69D3B9636804221968204600F002FA63
:1029A000013610344C45EBD3B8F1000FE5D0002DC3
:1029B000E2D02846FFF770FF0546002FF7D0002130
:1029C0004FF4A4700BF072FBF1E720469847002803
:1029D000E0D00AFA06F31D43E2E7044CDFF810905A
:1029E00005464FF0010ADDE724290020704402006B
:1029F00090440200014B53F82000704788480200C1
:102A000008B5034608462BB1044A136000F080FC69
:102A1000002008BD6FF01500FBE700BF4405002053
:102A200010B5044C237813B903480AF05FFE012364
:102A3000237010BD4B2D0020EC08002010B504467B
:102A400008480EF090F95CB1BFF35B8F064B53E87A
:102A5000001F013943E80012002AF8D1BFF35B8F51
:102A600010BD00BF1C290020202900200020064B9B
:102A7000BFF35B8F014653E8000F43E80012002AC2
:102A8000F9D1BFF35B8F70471C29002070B5FFF7A9
:102A9000EDFF084C084E0546B44200D370BD636894
:102AA0005B792BB123685B6813B1294620469847B0
:102AB0001034F1E7704402009044020010B5044C59
:102AC000044920460DF0E0FF034B1C6010BD00BF21
:102AD0002C0800207448020014290020084A0948E4
:102AE00008B500231370084A1360084A4FF40041E8
:102AF0001360FFF785FFBDE80840FFF7DFBF00BFA9
:102B00004C2D0020630D02001C29002020290020EC
:102B100001460022014800230DF0D7BF2C080020F9
:102B200001480EF070B800BF2C080020024B01468F
:102B300018680EF0BAB800BF1429002001480EF042
:102B4000F0B800BF2C08002070B5284B187800287A
:102B50004BD0FFF7E5FF054690B1BFF35B8F244BE9
:102B600053E8001F013943E80012002AF8D1BFF3EF
:102B70005B8F204C204EB4422DD32846FFF7D6FF62
:102B80001E4B1F4C1B68002B19DD10F04FFF4FF43C
:102B90007A72A0FB020302FB0131C30BD4E90020CF
:102BA00043EA41439B1A4FEAD13140F2E93261EBEB
:102BB0000001934271F1000101D3FFF767FFD4E9EF
:102BC000003213F57A7342F10002C4E90032BDE825
:102BD0007040FFF7B3BF63685B7923B12368294670
:102BE0001B68204698471034C5E770BD4B2D002068
:102BF0002029002070440200904402001C2900207B
:102C0000981A002070B50D4D297861B90120FFF7A1
:102C1000A9FE0B4C0B4EB44206D3FFF795FF0028DC
:102C2000FBD101232B7070BD63685B791BB12368F6
:102C300020469B6898471034EDE700BF4C2D0020DC
:102C4000704402009044020000212DE9F04708463C
:102C5000FFF788FE044658B340F267684FF000095A
:102C600011F00EFA1B4B1C4A1B58136033B11B4B5F
:102C70001B68092B02DD1A480AF038FD194FDFF8EE
:102C800060A0002544B12046FFF706FE044618B9AF
:102C90004FF0FF384FF0FF39FFF756FF064628B9CF
:102CA000B5B942464B4650460AF046FD3546E9E77F
:102CB0004FF0FF384FF0FF39D2E72B689B691BB10B
:102CC00000221146284698471035BD42F5D3E8E763
:102CD000054DFAE7080000001829002020290020EF
:102CE000EC080020904402007044020013B518481C
:102CF0000EF039F8174B1B787BB14FF04003EFF320
:102D0000118483F31288BFF36F8FFFF71DFF84F3E5
:102D10001188BFF36F8F02B010BD0F4B1B68002BE3
:102D2000F9D050B900220023CDE900230B484FF41D
:102D3000004200230BF018FCEDE70928EBD107480F
:102D400010F0C7FE064802B0BDE810400AF0CEBC45
:102D5000202900204C2D002018290020A01A002036
:102D6000EC08002010B5064B1B6804469847214626
:102D7000A06004480DF027FFBDE81040FFF7B6BF84
:102D8000440500202C080020044A054B9B1AB1EB97
:102D9000D30F34BF52F83100002070477043020057
:102DA00070440200084BC31A10B41B11446801336D
:102DB000237143689A7143681960436801225A710C
:102DC00010BCFFF72DBE00BF704402002DE9F04F8C
:102DD0008FB004AFC1F34A28B8600D4691467B60BE
:102DE0000C0DB8F1000F63D0002607F114034FF06B
:102DF000040B4FF00A0AC7F80C80C7E907667E6229
:102E00000193CDF808B0CDF800A007F11C03F968D4
:102E100032464846FFF738FAB0F5006F03461CD338
:102E20006C468AB0D9F8041004AB2648C3E9050102
:102E300040F2FF71D9611A464FF400711984224B98
:102E400042F8103F214833464FF41251FFF7BEFFBE
:102E5000A5462C37BD46BDE8F08FC0F30A0804F143
:102E60001700184420F0070080083B60FFF750FE71
:102E700068F35325044690B13B68154AC7E9083604
:102E800000F1100107F11403F961CDE900A3CDF8B9
:102E900008B0F96807F11C034846FFF7F5F968F335
:102EA00053257B68B9682A4620460DF092FFD0E78B
:102EB00004F1170020F007008008FFF729FE044600
:102EC000EDE700BF095D020004000001204402009C
:102ED000A70D02002DE9F04F87B0DDE91269DDE9A9
:102EE000105A04460F4693469846A6B31021CDF8D3
:102EF0000090334652460020CDF81490FEF7F2FFC2
:102F0000014605F117000844144B039104F007042F
:102F10000BF0070BE40020F0070003EA412344EA2A
:102F20008B1480081C43FFF7F3FD44EA0554054663
:102F300040B13EB10399CDF800903346524610306F
:102F4000FEF7D0FF434622463946284607B0BDE883
:102F5000F04F0DF03EBF3146D3E700BF00FE0F003B
:102F60000EB403B503AB014653F8042B0448019398
:102F700001F096F902B05DF804EB03B0704700BFB2
:102F8000390E0200CA0605D48B064CBF024903491C
:102F9000FFF7E6BF704700BF4B5702004A570200D9
:102FA0002DE9F04F89B09A46DDE914739DF84CB0D5
:102FB0000593169B179E069204460D460493BBF19B
:102FC000000F00F0858006F0080307930DF0E9FE7E
:102FD00006F002090246002849D086492046FFF73C
:102FE000BFFF8046B9F1000F08D016F0440F40D162
:102FF00081492A462046FFF7B3FF804406F00103CB
:1030000053B17E4B7E4953F82B207E4B2046002A3D
:1030100008BF1A46FFF7A4FF06F00803002B54D0A0
:10302000794B7A4953F82B202046FFF799FF054644
:10303000069B2BB176491A462046FFF791FF0544BF
:10304000BAF1000F05D0734952462046FFF788FFBA
:1030500005444544002F49D1049B002B4FD1F30771
:1030600000F1C18031462046FFF78CFFB5E0804675
:10307000B8E7694B18680028BFD0684B4FF47A79DD
:103080001B68B5FBF3F54FF46161B5FBF0F300FB92
:10309000135509FB05F54FF03C0CB3FBF1F201FBB6
:1030A0001231B5FBF0FEB1FBFCF300FB1E550CFB2F
:1030B000131109FB05F50091B5FBF0F55849CDE971
:1030C00001E52046FFF74CFF97E706F00805AFE75C
:1030D000BAF1010F06D1002F65D1049B002B7CD0E3
:1030E00000250CE0002FF8D04E485DE04E484F49D7
:1030F0003B4622460DF0A7F8049B002B69D0DFF871
:103100003081DFF83091049F3146102F204628BFD0
:103110001027FFF737FF4FF0000A554546DC059BA7
:1031200049461A782046FFF71BFF4FF0010A1AF0B4
:10313000070F03D141462046FFF712FF57453CD900
:10314000059B494613F80A202046FFF709FF0AF1BC
:10315000010ABAF1100FEAD1374920464FF0000AB0
:10316000FFF7FEFE5246059B9A5C344B995C11F0CA
:10317000970F08BF2E2232492046FFF7F1FE0AF1D1
:10318000010ABAF1100F1DD01AF0070F03D1414602
:103190002046FFF7E5FE57455246E4D84146204613
:1031A000FFF7DEFEEBE720485D46A0E741462046FC
:1031B000FFF7D6FE0AF1010AAFE722492046FFF7E2
:1031C000CFFEC4E7059B3B440593049BDB1B0493A4
:1031D00099D1BBF1000F7FF442AF204609B0BDE8A2
:1031E000F04F0DF01CBE074A05492046FFF7B8FE18
:1031F00038E700BF4D5D0200515D020098480200B3
:1032000066680200485D0200AC480200765D02007C
:103210007C5D0200805D02002C290020282900200E
:103220005A5D02006F0E0200390E0200A142010039
:103230008D5D0200855D02008F5D0200C179020094
:10324000915D02008B5D02002DE9F0410F884B6813
:103250008E6886B005460C469046C7F382175BB170
:10326000144A9B1A43F3CF01002920DB2078C0F3D6
:10327000C200FFF789FD03462146608851F8102BF4
:103280000197C2F34A22002A01EB0204C0F30B109B
:1032900008BF00210022CDE90408CDE90214009204
:1032A00031462846FFF77CFE06B0BDE8F0810023DA
:1032B000E2E700BF7043020073B542F20F738B4226
:1032C00028BF0B4605680F4A0446052168460BF0E7
:1032D0008BFD63680C495B6806460B2228460DF09F
:1032E00091FD63683246694628465B680DF08AFDA9
:1032F000636806495B681B2228460DF083FD02B017
:1033000070BD00BF6B780200B05D0200945D0200EA
:10331000074A00210123904206D8064A01B9012339
:103320001360054B1860704740085B000121F2E70D
:1033300040420F00282900202C290020014B0122A7
:103340001A7070474D2D0020014B00201960704706
:1033500044290020024B034801221A700DF05FBD82
:103360004E2D0020DC4802000148FFF7A5BF00BF3A
:10337000DC48020010B5064B18680C46FFF73AFB14
:1033800021460346BDE8104002480F22184700BFFF
:1033900044290020DC48020010B9074B1870704720
:1033A000064B1B781BB141F288300FF07CBFA42084
:1033B00000210AF07BBE00BF4D2D00204E2D0020C5
:1033C0002DE9F843DFF874901D4F80460E46042423
:1033D00099F8005095B909F0F5FD28463246414666
:1033E00009F0A2FD054609F0F7FDE5B101233B70A8
:1033F00099F8003073B93046BDE8F883324641464B
:10340000002009F091FD0546EFE72046FFF7C4FFD5
:10341000651E2C46002009F0CBFD0028EBD03B7840
:10342000002BF2D1E7E73B78002BE4D0013C2046AB
:10343000FFF7B2FF3B78002BCAD1DCE74E2D00200E
:103440004D2D0020014B0020196070475C290020A1
:10345000024B034801221A700DF0E1BC602D0020E0
:10346000084902000148FFF727BF00BF08490200D2
:1034700010B5064B18680C46FFF7BCFA2146034608
:10348000BDE8104002480F22184700BF5C29002009
:1034900008490200F8B5074F0D4604464618B442E5
:1034A00001D12846F8BD14F8011BBB6801485B68D0
:1034B0009847F4E7944102000449431E0F3013F883
:1034C000012F8A5C1A708342F9D17047065E0200B0
:1034D000F0B5264E07460C460FCE8DB001AD0FC598
:1034E0000FCE0FC596E8070085E807003846002F85
:1034F00038D0002C38D0381F2146024610344B7883
:103500000D781B0443EA0563CD782B438D78043195
:1035100043EA05238C4242F8043FF0D1144C0421C5
:103520008A07036916D1C3F30742A55C1A0EA25C91
:1035300042EA0562C3F30725DBB2655DE35C42EA5C
:10354000054242EA032221F0030330336B4453F86F
:103550002C3C534050F8042F013153402C29036177
:10356000DED101200DB0F0BD2046FBE79044020003
:10357000065E0200014910220A60704710ED00E06B
:1035800072B6404080F31188BFF36F8FBFF34F8F47
:1035900030BF62B6BFF36F8F704700BF72B649404D
:1035A00081F31188BFF34F8F20BF80F3118862B67B
:1035B000704700BF2DE9F047814600AF0C46002957
:1035C0004CD06E468AB0D1E90012A3686D462748F8
:1035D000A8464FF0050AC5E90501C5E9072348F8E3
:1035E00010AF2348424600234FF42151FFF7EEFB72
:1035F000B546D4E903126369AD461E48C5F810A06C
:10360000C5E90501C5E907231948002342464FF4DF
:103610002151FFF7DBFBB54688B0E3696D46164ADA
:10362000A8464FF0030AC5E9052348F810AF104833
:10363000002342464FF4C251FFF7C8FBB546A369C9
:10364000AD460E4AC5F810A0C5E905230848002379
:1036500042464FF4C251FFF7B9FBB54621464846F2
:1036600009F0C0FCBD46BDE8F08700BF065F020060
:1036700058440200355F0200645F0200735F02007D
:1036800040B2002807DB044A4109012300F01F0073
:10369000834042F82130704700E100E040B200284A
:1036A0000CDB4309064900F01F0020330122824051
:1036B00041F82320BFF34F8FBFF36F8F704700BFD8
:1036C00000E100E0054B420900F01F0053F8222002
:1036D000012303FA00F01040704700BF00E100E052
:1036E00040B2D30754BF023100210028ACBF00F123
:1036F0006040074A4FEA4113ACBF00F5614000F05B
:103700000F00DBB2B4BF135480F80033704700BF22
:1037100014ED00E030BFFFF7FDBF00BF0B4A08B556
:103720000B4B22F07F029A60BFF34F8FBFF36F8F76
:10373000D3F8882022F47002C3F8882009F010FD25
:103740000AF046FD00F00CFC09F05CFD00000000F2
:1037500000ED00E0094A0A4993680968D9670949F8
:1037600098674B6843F080534B60002383F31188C4
:10377000BFF36F8F9368D86F704700BFDC2C0020B9
:10378000F44D020000ED00E015498A684FF030006A
:103790001044EFF3098C80E8F01F402080F312887A
:1037A000BFF36F8F0F4F4FF000664A698A603E602B
:1037B0004FF07404141920680B4C2060906F0023A4
:1037C000936780F3118804B5104600F077FCBDE8DC
:1037D000044002F1300090E8F01F8CF30988704734
:1037E000DC2C002004ED00E0602900201EF0040F16
:1037F0000CBFEFF30880EFF30980816911F8021C18
:103800000229FFD001B50DF06BFD01BD42F8203C4F
:10381000009B42F81C3C0A49019B42F8183C029B61
:1038200042F8143C21F001014FF0807342F8043C4F
:1038300042F8081C0023203A02658367704700BFE6
:1038400045260100094A0346906870B113F1160F2E
:10385000406E05D0A0F140029A4205D8834203D2BF
:10386000814228BF0020704700207047DC2C0020D8
:1038700008B514460A4A0B4B9060426F1A600D4619
:1038800000F01CFC204685F30988002163B681F313
:103890001188BFF36F8F00220023FEF7D3FE00BF15
:1038A000DC2C00206029002001B5EFF30580A0F199
:1038B00010004FEAC0000449014409C99847BDE817
:1038C0000140024908470000D04102002D390100A3
:1038D000114B124A2DE9F041D518DFF84480013D23
:1038E000B5FBF3F55D430F4B08EB0304013CB4FB60
:1038F000F3F403FB04540E1B07460B49304610F04B
:10390000A0FB701942460021083E10F0A8FB7E671C
:1039100004F10800BDE8F081010000000000000093
:10392000040000000400000090440200044B996869
:103930005869884203D003494FF080520A607047AB
:10394000DC2C002004ED00E02DE9F04186B00646B5
:1039500000AF0D46474B7B6102244FF4825146482D
:103960003C6107F110020DF0CAFC444B9B6AD9047C
:103970006DD5434B4048C7E9044307F110024FF4AB
:1039800082510DF0BCFC17203C4B9B6A1A050BD5ED
:103990003C4B7B61022338483B6107F110024FF436
:1039A00082510DF0ACFC1820344CA36A9B0523D542
:1039B000E846354B7B6102232F483B6107F110023B
:1039C0004FF482510DF09BFCA36BA26A100412D538
:1039D00088B06A462D492848C2E90513032342F8F6
:1039E000103F4FF4C2510DF08AFCC5461EB1A36AC8
:1039F00023F40043A3621920204B9B6A59050BD581
:103A0000234B7B6102231C483B6107F110024FF4FA
:103A100082510DF074FC1A20184B9A6AD20518D501
:103A20001C4B7B61022314483B6107F110024FF4E9
:103A300082510DF064FC1B20104A936A43F47F43CB
:103A40009362183700232B70BD46BDE8F081162025
:103A50009AE79B6A9B04EFD50F4B7B6102230648D4
:103A60003B6107F110024FF482510DF048FC1C201D
:103A7000E2E700BFA15F02005844020000ED00E051
:103A8000B75F0200C85F0200DB5F0200F45F020064
:103A900009600200246002003C60020010B586B09C
:103AA000364B3748059304AA02244FF482510494FC
:103AB0000DF025FC334B9B6A9A015DD5324B3048A3
:103AC00004AA4FF48251CDE904430DF018FC1E20E6
:103AD0002C4B9B6ADB010AD52C4B2948059304AA81
:103AE00002234FF4825104930DF009FC1F20254B53
:103AF0009B6A1C030AD5264B2148059304AA02237E
:103B00004FF4825104930DF0FAFB21201D4B9B6A68
:103B100059030AD51F4B1A48059304AA02234FF4F0
:103B2000825104930DF0EBFB2220164B9B6A9A0303
:103B30000AD5194B1248059304AA02234FF4825167
:103B400004930DF0DCFB23200E4B9B6ADB030AD5AC
:103B5000124B0B48059304AA02234FF4825104939D
:103B60000DF0CDFB2420074A936A6FEA03436FEA06
:103B70001343936206B010BD1D20A9E76B600200DD
:103B80005844020000ED00E08360020096600200ED
:103B9000B0600200CE600200F36002000D6102001E
:103BA0002DE9F04786B0814600AF8A469046514BDA
:103BB0007B61022450483C6107F110024FF48251AE
:103BC0000DF09DFB4D4B9B6ADE0645D54C4B4A489C
:103BD000C7E9044307F110024FF4825111240DF09C
:103BE0008EFB464B9B6A1D070BD5464B7B61022320
:103BF00041483B6107F110024FF4825112240DF04D
:103C00007EFB3E4DAB6A980728D56C463E4B7B61E8
:103C100002233B614FF48251374807F110020DF047
:103C20006EFB6E6BAB6A190660D588B06A46374B7F
:103C30003148C2E90536032342F8103F4FF4C25120
:103C40000DF05DFBA546BAF1000F03D0AB6A23F07F
:103C50008003AB62132403E01024C2E76FF0150663
:103C6000264B9B6ADA070BD5294B7B61022322483E
:103C70003B6107F110024FF4825114240DF03FFB19
:103C80001E4B9B6A9B060BD5224B7B6102231A4875
:103C90003B6107F110024FF4825115240DF02FFB08
:103CA000164B9A6AD50602D49A6A90070AD55B68C1
:103CB000190507D549463046FFF7C4FD10B180F31A
:103CC000098802240D4B9A6A920642BF5A6A22F46E
:103CD00000525A629A6A42F0FF029A62204600231A
:103CE000183788F80030BD46BDE8F0876FF015063C
:103CF000B0E700BF386102005844020000ED00E068
:103D00004E610200C85F02008161020099610200F9
:103D1000AF6102003C6002002DE9F0437A4B8BB0AA
:103D2000D3F8048000AF0446C8F30805002686F3E4
:103D30001188BFF36F8F02F07F43B3F17F4F0ED135
:103D400002F00C03082B19D1704BFB610223704861
:103D5000BB6107F118024FF482510DF0D0FA002632
:103D600034460023FB71EB1E092B00F2AD80DFE827
:103D700003F00AA0A39CABABABABABA610074CBF48
:103D80000C460126EDE7E946624BFB614FF0020865
:103D900007F118025E48C7F818804FF482510DF001
:103DA000AEFA0023584DFB71EB6A9A070BD55A4BBC
:103DB000C7E90683564807F118024FF482510DF007
:103DC0009EFA002342E0EB6A002B01DA534BEFE747
:103DD000EB6A5B00F5D5524B4D48C7E9068307F106
:103DE00018024FF482510DF08AFA6B69A26943F40C
:103DF00080736B61BFF34F8FBFF36F8F6B6932F8C6
:103E0000022C23F480736B61BFF34F8FBFF36F8F6E
:103E10004DF602739A4209D0AB6ADBB2002B37D061
:103E2000FA1D01212046FFF7BBFE40E088B0236861
:103E30006A463C493648C2E90513032342F8103F5D
:103E40004FF4C2510DF05BFA2368CD46FA79DAB926
:103E500007F1080504F1200C206861682A4603C2B6
:103E6000083464451546F7D17A6A002E47D0C2F36C
:103E7000080121B96FEA52226FEA42227A6207F101
:103E800008011846FFF796FB2C37BD46BDE8F083C6
:103E9000AB6A13F47F4F04D0F91D0120FFF754FDE6
:103EA00005E0AB6AB3F5803F8BD3FFF7F7FD034620
:103EB000CCE7FA1D0021B5E7F91D0020EEE71A4B0B
:103EC000FB610223BB6175E7184A194B18F4F87FB0
:103ED000E8468AB018BF13466A4616490C48C2E93C
:103EE00005134FF400731384103D134BD5614FF449
:103EF000115142F8103F0DF002FAC54661E722F475
:103F0000FF7222F00102B9E700ED00E0FC6102005F
:103F100058440200276202003E6202005F62020013
:103F20006D6202008C620200A8620200E36102007E
:103F3000CE610200CC62020004000001024A536913
:103F400043F010035361704700ED00E0EFF3088089
:103F5000EFF3098101B57246FFF7DEFE01BD00BF38
:103F6000044800234021C2180133272B82F8001394
:103F7000F9D1704700E100E0002080F31488BFF31E
:103F80006F8FFEF787FC00200D490860BFF34F8F4D
:103F90000C4880F3088800F03DF8402080F3118839
:103FA00009484FF40461401880F30988EFF3148046
:103FB0000221084380F31488BFF36F8FFFF7AEFB35
:103FC00094ED00E0C064002000530020BFF34F8F49
:103FD0000549064BCA6802F4E0621343CB60BFF3A5
:103FE0004F8F00BFFDE700BF00ED00E00400FA05C1
:103FF0000749D1F890200023C2F3072218469342C4
:1040000000DB7047C1F89830C1F8A0000133F6E733
:1040100000ED00E008B572B6002383F31388FFF7C4
:10402000E7FF144B4FF0FF32C3F88020C3F8842021
:10403000C3F88820C3F88C20C3F89020C3F89420DC
:10404000C3F89820C3F89C20C3F88021C3F88421CA
:10405000C3F88821C3F88C21C3F89021C3F89421B8
:10406000C3F89821C3F89C2162B6BFF34F8FBFF30A
:104070006F8F08BD00E100E0084B9B6883420BD1C5
:10408000EFF3058343B1064B5A6842F080525A6001
:104090005A6A22F400425A620AF028B8DC2C002046
:1040A00000ED00E0024B034A0348012100F092B802
:1040B000000001200000002018490200426E054B5C
:1040C000403A1A60044A4021C3E90112184601210E
:1040D00000F08AB86429002000000B152DE9F0419A
:1040E000DFF8B4E09C4600AF154600238B421ADA95
:1040F0004468002C4DD0BCF1000F1DD0661E344228
:1041000015D06C4688B06A462449C2E905130323DA
:1041100042F8103F224800234FF4C251FEF756FEEA
:104120006FF01505A5462846BD46BDE8F0811F2C59
:10413000E7D902681642E4D1202C026886685FFA4B
:1041400085F814D9B4F1004F13D8013CB4FA84F4C3
:10415000C4F11F046400B8F1070F46EA04060AD947
:104160006C4688B06A460F4BC2E90535CFE7082494
:10417000F1E73E24EFE722F01F022A4342F010024B
:1041800046F00106CEF89850CEF89C200135CEF8C6
:10419000A06001330C30A9E700ED00E0E36202000B
:1041A0004044020006630200044B0522C3F8942039
:1041B000BFF34F8FBFF36F8F704700BF00ED00E07C
:1041C000BFF35F8F024B0022C3F89420704700BFFB
:1041D00000ED00E010B5034C01232278FFF77EFFCD
:1041E000207010BD612D002008B5094A0023127807
:1041F000FFF774FF10F1160F03D0064B00220728BB
:1042000000DD08BDC3F89800C3F8A0200130F6E730
:10421000612D002000ED00E014490868082810B561
:1042200021D8FFF7CDFF124C49680022904201F1DE
:104230000C0105D10F4B1870FFF7B6FF002010BD21
:10424000C4F8982051F80C3C23F01F03134343F0AB
:104250001003C4F89C3051F8043C43F00103C4F847
:10426000A0300132E2E74FF0FF30E8E724490200D6
:1042700000ED00E0612D002008B5024B1B68984757
:10428000002008BD70290020034B044A1860937871
:1042900043F0020393707047702900204805002006
:1042A000F0B587B007460E46144600211022684636
:1042B0001D460FF0D4FE02238DF802302A46054B2E
:1042C000019321466846CDE904760AF055FE07B011
:1042D000F0BD00BF0513020008B50649064821F0ED
:1042E0000701C1F1005202F580320CF0A1F9002063
:1042F00008BD00BF6F750020E86D0020044A01234F
:10430000C2F840354FF080420020C2F8783570473F
:1043100000E0014020B1034B800143F00103184746
:10432000704700BF1045020008B504480EF0C0FFFA
:1043300000280CBF6FF01200002008BD6C41020085
:104340000E4B402970B528BF40210D4C46181D4624
:10435000B04203F1020304D1002305F811300748ED
:1043600070BD02781209A25C03F8022C10F8012B30
:1043700002F00F02A25C03F8012CE9E7802D002077
:104380009E63020030B503788BB0044607AD032B63
:1043900021D8DFE803F0021A1C1E12492846FCF758
:1043A0007FFD059563780493A3780393E3780293E4
:1043B0002379019363790093A3790B4A0B481E215B
:1043C0000AF012FD09480BB030BD0949E6E709497A
:1043D000E4E70949E2E7094A0A2128460AF004FD10
:1043E000DFE700BF596302007B630200622D0020FB
:1043F0006063020067630200716302009E72020044
:1044000030B50A4D0A4B85B0002428460293039428
:104410000FF07AF902AB0093284606490A234FF4BD
:10442000A36209F0E5FA204605B030BDD81A002095
:10443000AF630200C03A00200146014809F010BBFA
:10444000D81A00200378012B30B513D0022B27D0C7
:104450007BB9194B0A4603F1100453F8045B42F888
:10446000045BA342F9D11B78137043884B731B0A7A
:104470008B7330BD104B0A4603F1100453F8045BF4
:1044800042F8045BA342F9D11B78137043684B7365
:10449000C3F307221B0CCB731B0A8A730B74E8E768
:1044A00000F1100350F8042B41F8042B9842F9D185
:1044B00003780B70DDE700BFB863020038B505462E
:1044C00005480EF021FA044620B100210C300EF010
:1044D00077FA2576204638BDE409002070B50246FB
:1044E0000D48BFF35B8F0B46002150E8004F40E8BA
:1044F0000015002DF9D1BFF35B8F24B9BDE87040E2
:104500000120FFF7DBBF012304F10C002376218299
:104510000EF056FA204670BDC004002070B5044667
:104520000F2C0D461046194605D80D2C0DD9BDE8A7
:104530007040FFF7D3BF132C07D10C480EF0E4F9FD
:10454000044638B90024204670BD02460B4645B1EA
:104550000748F3E700210C300EF032FA01232376EE
:10456000F1E7BDE870400120FFF7A8BF100A002066
:104570006009002070B50C4D06460FCD8EB06C461C
:104580000FC40FCD0FC40FCD0FC495E803000D2E3F
:1045900084E803009BBF0EAB03EB8606034856F886
:1045A000380C0EB070BD00BFBC440200D1630200E5
:1045B00038B5C368B3F801401B786BB90F212046AA
:1045C00002F058FE054640B9084B1A8822B96FEA36
:1045D00004506FEA1050188038BD012102F046FDEA
:1045E0002846BDE838400DF062B900BF162D002006
:1045F00010B5084C0146052294F86F0002F07CFFCC
:1046000038B994F86F000449BDE81040042202F064
:1046100073BF10BD880300203F63020080B5C368EC
:1046200000AF88B01B786A4606490748C2E90513FF
:10463000032342F8103F4FF4C4510CF007FFBD466E
:1046400080BD00BFD9630200B84302007FB5064BAE
:1046500005930648022304AA4FF4825104930CF0F8
:10466000F5FE07B05DF804FB01640200B8430200E8
:1046700098B5014600AF0D480EF04DF90C490D48B4
:104680000FF031F800280EDA6C4688B06A460A4B03
:10469000C2E90530032342F8103F08484FF4C251E5
:1046A0000CF0D4FEA546BD4698BD00BFC404002052
:1046B00094050020F81B00201B640200B843020090
:1046C000B0B50B460D8A00AF04462946D868FFF7FF
:1046D00037FE8AB06A46094BC2E9053440F202430C
:1046E0009384074BC2E907504FF4325142F8103F10
:1046F00004480CF0ABFEBD46B0BD00BF38640200FC
:1047000005000001B843020080B5012100AF0C3064
:104710000EF081F988B003786A4606490648C2E976
:104720000513032342F8103F4FF4C2510CF08EFEE4
:10473000BD4680BD5A640200B8430200B0B5C368EC
:104740001C8800AF0121204602F094FD80B96D461F
:1047500088B06A46084B0948C2E90534032342F889
:10476000103F4FF4C2510CF071FEAD46BD46B0BDD6
:104770000DF09DF8FAE700BF7C640200B843020028
:10478000B0B5C368B3F8014000AF0121204602F084
:1047900071FD80B96D4688B06A46084B0848C2E989
:1047A0000534032342F8103F4FF4C2510CF04EFE83
:1047B000AD46BD46B0BD0DF07AF8FAE77C64020064
:1047C000B84302002DE9F041C5682E7800AFB6B9B4
:1047D000B5F801800F21404602F04CFD044688B92F
:1047E0006C4688B06A460C4B0C48C2E90538032376
:1047F00042F8103F4FF4C2510CF028FEA546BD46CA
:10480000BDE8F081EB784372314602F02FFC204680
:104810000DF04DF8F3E700BFA0640200B8430200BA
:10482000B0B502EBC30300AF0446934203D1204668
:10483000FFF746FF18E0104610F8085BA54219D1B3
:104840000B8A5078984211D96D4688B06A460A4959
:10485000D461C2E90513042342F8103F07484FF41E
:1048600001510CF0F3FDAD46BD46B0BD536808469E
:104870009847F9E70246D8E7C6640200B843020049
:104880002DE9F0415D4800AF0EF05BF804460028CA
:104890007CD0037E012B7CD0032B40F0A980038ABF
:1048A000032B0CD8564A574957484FF400730BF066
:1048B000E4FF404080F311884FF0030002DF042141
:1048C00004F10C000EF0A7F84588B0F800804F4EB8
:1048D000204605F041F9C8F30B0326F81030238A6F
:1048E0009D4213D06E4688B06A464949D561C2E9F7
:1048F0000513042342F8103F46484FF401510CF0D1
:10490000A5FDB546204605F0CDF926E0204605F088
:1049100023F90F2136F8100002F0ACFC0546A0B9CF
:10492000204605F019F96D4688B036F810306A4611
:1049300039493848C2E90513032342F8103F4FF4C0
:10494000C2510CF083FDAD46DCE74FEA1832214638
:1049500002F01EFA28460CF0AAFF304BD3F83C3187
:10496000A3B12F492F480EF0BEFE00280EDA6C4688
:1049700088B06A462C4BC2E90530032342F8103F49
:1049800024484FF4C2510CF061FDA546BD46BDE878
:10499000F081038A012B0CD8194A1A491A4840F6AB
:1049A0005D230BF06AFF404080F311884FF0030055
:1049B00002DF022104F10C000EF02DF8054600780C
:1049C0000CF016FD83070CD40D4A18490E4840F62A
:1049D00061230BF052FF404080F311884FF0030039
:1049E00002DF134A287804232146FFF719FF89E7DD
:1049F0006D4688B06A460F499BE700BFC40400209B
:104A0000E86402001C65020035650200182D0020D4
:104A100052650200B8430200766502008803002058
:104A200094050020F81B00201B640200986502001A
:104A3000CC490200C665020010B5012104460C30C5
:104A40000DF0E9FF2146034A0078BDE81040072336
:104A5000FFF7E6BEEC490200F8B5C568B5F801609D
:104A600000AF0121304602F005FC044680B96C46D7
:104A700088B06A46104B1148C2E90536032342F854
:104A8000103F4FF4C2510CF0E1FCA546BD46F8BD05
:104A90002B783BB9D5F80330C0F8AD30D5F80730E6
:104AA000C0F8B1304FF48051201D0CF0B4FC20460A
:104AB0000CF0FDFEEAE700BF7C640200B843020090
:104AC0002DE9F843064600AF907A434D88461446D8
:104AD00005F03AF8854218D0A47A204605F034F85B
:104AE000E8468AB06A463D4B5562C2E90536062360
:104AF000C2E907404FF4425142F8103F38480CF0E9
:104B0000A5FCC546BD46BDE8F883204605F024F85F
:104B1000344D4FF00C0909FB00504388B34216D0C6
:104B2000204605F019F809FB00506C4688B0438810
:104B30006A462D49D3610423C2E90516284842F884
:104B4000103F4FF402510CF081FCA546DAE7274EE6
:104B5000D6F8380120B105F0A5F80023C6F83831A1
:104B6000204604F0F9FF0C2606FB00504368ABB169
:104B7000B8F1000F12D1204604F0EEFF06FB005002
:104B800001214268D2E90003127A03F01F06B14006
:104B90005B09DAB100EB83000CF03DFC204604F029
:104BA000DBFF0C2606FB00508368002BAAD02046B2
:104BB00004F0D2FF704305F80080204604F0CCFFDB
:104BC00006FB0055A86808F091FD9BE7C94300EB80
:104BD00083000CF03EFCE1E7B8090020DA65020032
:104BE000B8430200742900200F66020088030020E9
:104BF00038B5042104460C300DF00DFF45780178DE
:104C000040882246FFF75CFF25B10348BDE83840E5
:104C100008F06CBD38BD00BFA804002038B50321E2
:104C200004460C300DF0F7FEE36805781978B0F80B
:104C300001002246FFF744FF25B10348BDE8384094
:104C400008F054BD38BD00BFA80400202DE9F04F86
:104C500087B0D0F80C80018A98F80040012303EB5C
:104C600084038B4200AF40F28D806D468AB06A4665
:104C70004748C2E907310523C2E905044FF4215131
:104C800042F8103F43480CF0E1FBAD461C37BD46EF
:104C9000BDE8F08F6C4688B06A463F4B3D48C2E99C
:104CA000053B032342F8103F4FF4C2510CF0CEFBFA
:104CB000A546013598F800309D42E7DA08EB8503F8
:104CC0000F21B3F801B0B3F80360584602F0D2FAEE
:104CD00004460028DED000F1280B46B34FF0400315
:104CE000EFF3118283F31288BFF36F8FE3696BB127
:104CF000013BE36182F31188BFF36F8F204602F01E
:104D000009F8013E08F0F2FCB6B2E6E7636993B930
:104D100082F31188BFF36F8F02231E48C7F814A0D7
:104D200007F110024FF482513B610CF08FFB2046DB
:104D30000CF0BDFDBDE7A169186860618B4208BF3A
:104D4000A06182F31188BFF36F8F4FF04002EFF341
:104D5000118182F31288BFF36F8FDA68E261C3F8C2
:104D60000C90C3F80090626A4AB9C4E9083381F331
:104D70001188BFF36F8F584608F034FEBEE713600A
:104D80006362F4E70025DFF814A0A94692E700BFAC
:104D900042660200B84302006C66020088660200A8
:104DA000F0B583B0C568B5F8016000AF01213046A9
:104DB00002F060FA044688B96C4688B06A462E4B09
:104DC0002E48C2E90536032342F8103F4FF4C25182
:104DD0000CF03CFBA5460C37BD46F0BD2B781A2BDA
:104DE00000F1040617D1C378012B28D14FF480615C
:104DF00030460CF010FB42050DD4D4F8A0303B60D7
:104E00003946D4F8A8307B60204602F05DFE20468B
:104E10000CF04DFDDFE72B788BB9B5F80330A4F823
:104E20009E30B5F80530A4F8A430B5F80730A4F8E2
:104E3000A6306FF4807130460CF00BFB17E0BFF327
:104E40005B8F6368BFF35B8FDB05F2D52B78202B7C
:104E5000EFD194F8AC30002BEBD0013B84F8AC30B0
:104E60004FF42032002304F1580008F023FE2046BE
:104E700002F04EFACBE700BF7C640200B8430200A8
:104E800010B5C1E900239DF808300B720C4604F000
:104E900063FE034B0C2202FB00335C6010BD00BFBD
:104EA000742900202DE9F0474FF0FF324FF0FF3317
:104EB00006461748174D0F460DF026FD044600F133
:104EC0000C0A00214FF0000850460DF079FD84F8DF
:104ED0001880204604F040FE4FF00C0909FB0050FA
:104EE0004680204604F038FE09FB0050C0F80880D8
:104EF000204604F031FE09FB005503215046C5F859
:104F000004800DF061FD068087702046BDE8F087C3
:104F1000B8090020742900202DE9F04387B08046AD
:104F200000AF15460C4621B9FFF7BCFF0446002828
:104F30005DD00122002138460EF025FB204604F00A
:104F40000BFEDFF8B8900C2303FB0090876020462F
:104F50000DF010FD01462A480DF00AFD4FF4A02285
:104F60000023384608F0E8FB064688B14FF4A973E1
:104F7000244A254925480BF080FC25483246414605
:104F80000BF07BFC404080F311884FF0030002DF00
:104F9000204604F0E1FD0C23584319F80060F6B1F7
:104FA0006D4688B06A461B4BD661C2E905380423BA
:104FB00042F8103F18484FF402510CF047FA2046CF
:104FC000AD4604F06FFE092E14D00D2E0CBF6FF00D
:104FD0000B006FF004001C37BD46BDE8F08315B12F
:104FE0002C600020F7E7204604F05CFEF9E76FF044
:104FF0006800F0E76FF06E00EDE700BF7429002055
:10500000CC040020E86402009F66020035650200BF
:10501000A8660200D4660200B843020070B588B0EA
:1050200006460D4601AA002142F22F00FFF774FF49
:10503000044660B10B4B07930B48022306AA4FF4BA
:10504000825106930CF002FA204608B070BD019818
:10505000C368B3F801203280B3F803302B8004F02A
:1050600021FEF1E7F0660200B8430200F7B5144BE9
:1050700093F99B30002B05460C461DDA14B92046E7
:1050800003B0F0BD082C01AA4FF0000142F2180055
:10509000264628BF0826FFF73FFF0028F0D1019FD2
:1050A000F9683246013128460EF0CBFF384604F04D
:1050B000F9FD3544A41BE1E76FF08500E0E700BF90
:1050C000880300202DE9F0478CB0AB4BB0F801808D
:1050D0001988047848F4704291424FF0000608BFE6
:1050E0001E8002AF054608BF0126A4B33C2C22D186
:1050F00001F07AFA6FF0800110300CF0AAF900206C
:10510000FFF776FA054670B99C4B7B6202239C48F8
:105110003B6207F120024FF482510CF097F92837D7
:10512000BD46BDE8F0874472002101F09FFF28468C
:105130000CF0BDFBF3E76D4688B002AA914B904896
:10514000C2E90534032342F8103F4FF4C4510CF078
:105150007DF9AD46E3E7C378012B08BF8A4B00F128
:105160000409484608BF93F86F400CF03DF94946E2
:1051700040B307F110000CF02CF905F1110107F113
:1051800009000CF057F901233B72EB78012B27D073
:105190004846FFF7F7F86C4688B002AA7B4BC2E995
:1051A00005304FF400739383794B42F8103F7448F5
:1051B0004FF4E2510CF04AF91321A54640460CF099
:1051C00054F9ACE720460CF00BFA014607F1100049
:1051D0000CF035F9494607F108000CF030F9D4E736
:1051E00007F11000FFF704FAEB78012B04460AD10F
:1051F00001F0FAF96FF08001824610300CF029F9C5
:1052000050460CF003FB002CC2D02046B5F801300C
:1052100020F8883B07F110010CF011F9B5F81730B0
:10522000A4F89E30B5F81930A4F8A430B5F81B30B6
:10523000A4F8A630EB78E3700022012B627216D13D
:1052400007F1080104F18F000CF0F9F801F0CCF936
:10525000217A4D4AC1EBC101114404F196000CF0D2
:10526000EEF8D2F8E4305D0601D501F07DFB0721B0
:10527000204601F0FBFE1EB10121204601F0F6FEA2
:1052800020460CF052FBA37A072B70D1BFF35B8F43
:1052900063683D4DBFF35B8F13F4805F29D1E378E2
:1052A0001BB195F8D830180723D5022142F2160019
:1052B000FFF7F8FD064600285BD002210C300DF008
:1052C00083FB238803800022314642F21600FFF759
:1052D00023FE70B16E4688B002AA2E4BC2E905309B
:1052E000032342F8103F26484FF4C2510CF0AEF8A9
:1052F000B54695F8D930D90716D50021022300917B
:105300001A4620460CF0EAF870B16E4688B002AA40
:10531000214BC2E90530032342F8103F18484FF4EF
:10532000C2510CF093F8B54695F8D8309A061ED5C0
:10533000D5F85C319B689B0719D5B91D381DFFF75F
:105340006DFEA0B9FA88B98820460CF0A9F870B1B2
:105350006D4688B002AA114BC2E90530032342F81A
:10536000103F07484FF4C2510CF070F8AD4620468C
:10537000DEE66FF06800ADE7162D00201067020032
:10538000B843020031670200880300204A67020028
:105390000300000166670200876702009E67020043
:1053A00000B5C16889B00B788DF80030B1F80130D4
:1053B000ADF80130CB788DF80330B1F80B30ADF893
:1053C0001730B1F80D30ADF81930B1F80F30ADF835
:1053D0001B304B7C8DF81D3001A804310CF02FF8E8
:1053E00007490DF10B000CF025F80DF111000CF040
:1053F00021F86846FFF766FE09B05DF804FB00BFC0
:1054000053630200024BD3F85C315B69184700BF5D
:1054100088030020F8B5054600AF0C4619B9FFF720
:1054200041FD044618B340F635439D4219D120464C
:10543000FFF7E8FF054688B16E4688B06A460D4B17
:10544000C2E9053003230C4842F8103F4FF4C25123
:105450000BF0FCFF2046B54604F024FC2846BD4670
:10546000F8BD064821460DF083FA0025F6E76FF0F7
:105470006805F3E7BA670200B8430200CC040020D5
:10548000F0B583B0C368D9789A781E8800AF42EA35
:1054900001223A8059791A7942EA01227A80D9792F
:1054A0009A7942EA0122BA801A7A5B7AB4B242EA65
:1054B000032301212046FB8001F0DCFE0546A8B94C
:1054C0006D4688B06A461E4B1E48C2E90534032368
:1054D0004FF4C25142F8103F0BF0B8FF0221AD4625
:1054E00020460CF047F80C37BD46F0BD394601F0B8
:1054F0005BFF38B91E2120460CF03CF828460CF022
:10550000D6F9F0E70E2142F22000FFF7CBFC04466B
:105510000028F3D00E210C300DF056FA002306803F
:10552000C0F80A303B8843807B888380BB88C38077
:10553000FB880381214642F22000FFF76BFFDDE785
:105540007C640200B84302002DE9F04FDFF854817B
:10555000DFF8549187B000AFD8F80C3053486FF3A0
:105560009433C8F80C3001F02FFD451C4D484FF026
:10557000FF324FF0FF33294609F026F860B14C495D
:105580004C4840F6DE234A460BF077F9404080F362
:1055900011884FF0030002DF424E4FF0030A15B9A5
:1055A00008F002FDD8E7F368C3F38633022B60D915
:1055B000042B68D1337B002B5ED13F4800220023AF
:1055C0000DF0A7F9044660B93C493A484FF4276307
:1055D0004A460BF052F9404080F311884FF0030027
:1055E00002DFDFF8DCB037484FF0FF334FF0FF3217
:1055F00008F0A2F8DBF838318BB1334B33487B61CC
:1056000007F1100202234FF482513B610BF01EFFA1
:10561000DBF8380104F046FB0023CBF83831204694
:105620000DF0A8F9CBF838012046FFF7EBFE00B3E8
:10563000EB4688B06A46264BC2E90530032342F8A0
:10564000103F22484FF4C2510BF000FFDD461D48C9
:1056500008F04CF8204604F07FFA1E4B0C2202FBA7
:1056600000301F2140882246FFF72AFA204604F026
:1056700019FB1436013D92E7012BFAD13069383815
:1056800002F032F8F5E76C4688B06A4612490F48D6
:10569000C2E9051342F810AF4FF4C4510BF0D6FE27
:1056A000A546E6E758050020E86402006C050020E6
:1056B0009F66020035650200CC04002019750200C7
:1056C00088030020A8040020DC670200B843020021
:1056D000BA67020074290020F76702002DE9F04143
:1056E000044600F10C0630460DF0A5F9B4F8108020
:1056F000B8F1010F05460CD81C4A1D491D4840F65B
:1057000085630BF0BAF8404080F311884FF0030036
:1057100002DF304602210DF07EF9074600780BF0DB
:1057200067FEC20706460CD4104A1349114840F6DA
:1057300089630BF0A2F8404080F311884FF003001A
:1057400002DF05230D4A38782146FFF769F8B307D1
:1057500007D56369A4F8108013FA85F5E560BDE804
:10576000F0812046BDE8F04104F09CBAE8640200F4
:105770001C6502003565020018680200A449020099
:10578000B0B5037E012B00AF044606D0032B12D127
:10579000FEF76EFF0020BD46B0BDC36818780BF061
:1057A00027FEC207054602D52046FFF797FFAB0745
:1057B000F0D52046ECE76D4688B06A4608490948AE
:1057C000C2E90513032342F8103F4FF4C2510BF016
:1057D0003DFE2046AD4604F065FA6FF01500DAE7AD
:1057E00031680200B8430200084A0346D2F85C015F
:1057F00030B9D96839B1596929B1C2F85C317047FB
:105800006FF0770070476FF0150070478803002035
:105810002DE9F84F3D4C3E483E4D00AF04210BF0C2
:10582000FAFDE2793C4B2046012A88BF1D466E46B0
:10583000FEF7A8FD8AB06A46384BD061C2E905354B
:10584000374B1362374B42F8103F3748DFF8DC80A4
:10585000DFF8D4904FF423510BF0F8FDB546344EE9
:10586000A3460125E3799D420BF1070B38DB94F841
:1058700070502846FEF77EFE6E468CB0B4F872106B
:10588000B4F876306A46DFF8ACC05362C2E907511B
:10589000294B4FF40075C2E905C015854FF45351EB
:1058A00042F8103F20480BF0D1FDB54694F87160E6
:1058B0003046FEF75FFE8AB0B4F874306A461F497E
:1058C0009584C2E907631E4BC2E9051042F8103FF8
:1058D00015484FF433510BF0B9FDBD46BDE8F88FC4
:1058E0005846FEF74FFDEA468AB06A4640F2013359
:1058F000C2E90565D06113844FF4135142F8108F4B
:1059000048460BF0A3FD0135D546ABE788030020E0
:105910005C0400204C570200456802004968020000
:105920000002010304000002B84302000400000169
:10593000586802006968020006000001A7680200BA
:1059400005000001F0B5C54D89B0D5F85C31996806
:1059500011F0010100AF22D107F1080240F6034027
:10596000FFF7DAFA0446002878D1B868C3681B78D4
:105970009BB9BFF35B8FD5F8D430BFF35B8F05F1D4
:10598000D40203F00903BFF35B8F52E8001F42E823
:105990000034002CF9D1BFF35B8F04F083F907F1D9
:1059A0000802002141F20300FFF7B6FA044600287E
:1059B00054D1BB68AA4EDA68D2F80100D2F80510BB
:1059C00003C6184604F06EF9214607F1080241F2B9
:1059D0000100FFF7A1FA044600283FD1B868C36868
:1059E0005A7885F870205A88A5F872201A7985F8B7
:1059F0007120B3F80720A5F87420B3F80530A5F896
:105A0000763004F04FF9214607F1080241F2020016
:105A1000FFF782FA044608BBD7F808C0DCF80C2070
:105A2000531C413218685968344603C40833934202
:105A30002646F7D1604604F035F995F87C305E06CD
:105A400010D4884BFB6102238748BB6107F1180221
:105A50004FF482516FF012040BF0F8FC204624370B
:105A6000BD46F0BD07F10802002142F20300FFF736
:105A700053FA04460028F1D1BB687C4EDA68D2F8AC
:105A80000100D2F8051003C6184604F00BF92146B0
:105A900007F1080242F20200FFF73EFA044600282E
:105AA000DCD1BC68E368B3F8012091B249B1D97880
:105AB00039B1A5F80421DA78114606F128000DF075
:105AC00062FD204604F0EEF895F87C6016F02006A2
:105AD00018D1022140F66D40FFF7E4F90446002892
:105AE00000F0A88002210C300CF06EFF012303703F
:105AF00046702146324640F66D40FFF70DFA0446E7
:105B00000028ABD195F89C301C0713D507F108028B
:105B1000002142F21C00FFF7FFF9044600289DD146
:105B2000B868C368D3F80120D3F80530C5E9382335
:105B300004F0B8F895F8D830980620D5391DB81C6F
:105B4000FFF76CFA0446002888D1042142F22400B1
:105B5000FFF7A8F9064600286CD004210C300CF0A1
:105B600033FF7B880380BB8843802246314642F264
:105B70002400FFF7D1F9044600287FF46FAF082115
:105B800042F20100FFF78EF90446002852D00821A6
:105B90000C300CF019FF95F8D82012F0020F14BF4A
:105BA0002F230F23910695F8D92048BF43F04003D7
:105BB00012F0090F18BF43F4006300220370C3F30F
:105BC000072343708270C270027142718271C27188
:105BD000214642F20100FFF79FF9044600287FF4B6
:105BE0003DAF95F87C30B5F804119A0625D4D1B9AB
:105BF00007F1080241F20500FFF78EF9044600287C
:105C00007FF42CAFB5F80431BC684BB9E368B3F846
:105C10000120A5F804219A88154811460DF0B3FC1F
:105C2000204604F03FF8082140F60140FFF73AF91A
:105C3000044608BB6FF0680410E70029F3D10D4B50
:105C4000FB6102230848BB6107F118024FF482513F
:105C50000BF0FCFB6FF0040400E700BF880300209A
:105C600000040020CE680200B84302006004002057
:105C700090040020F268020008210C300CF0A4FE11
:105C80001023037088230022437002262023827091
:105C9000C670027142718271C371214640F60140A3
:105CA000FFF73AF9044600287FF4D8AE01463A1DC2
:105CB0004FF60140FFF730F9C0B1544BC7E9066316
:105CC000534807F118024FF484510BF0BFFB00F06A
:105CD0006DFB044600287FF4C1AE01F095FD04463B
:105CE00000287FF4BBAEFFF793FDB7E67B68DC6866
:105CF000B4F80130032B96BF464A474952F82310A7
:105D00006E468AB06A464548D3614FF400731384E7
:105D1000434BC2E9050142F8103F3D484FF413518F
:105D20000BF094FBB4F80120B4F80330022AB54616
:105D30004CD1032B4AD83B4A52F823106E468AB006
:105D40006A463948D3614FF400731384344BC2E977
:105D5000050142F8103F4FF413512D480BF076FB2C
:105D6000637994F806C0D4F80900032BB54698BFB0
:105D70002E4AB4F8076094BF52F8231026496C46A7
:105D80008CB06A46DFF8A8E0C2E9073C4FF4007324
:105D90009385284BC2E905E1C2E909604FF47351CC
:105DA00042F8103F1A480BF051FBA546786803F003
:105DB00079FF3A1D00214FF60240FFF7ADF8044687
:105DC00030B11D4BFB610223BB6179E71249B5E796
:105DD0007868C368B3F80130A5F8C13003F062FFFA
:105DE00095F8C1305B077FF572AF3A1D21464FF63B
:105DF0000340FFF791F808B1104BE3E77868C368F8
:105E00005B7885F8C03003F04DFF60E7156902004C
:105E1000B843020094490200D163020039690200CC
:105E20000400000184490200526902007449020022
:105E30006A6902000700000197690200C069020058
:105E400010B5FFF77FFD034B1B6813B1BDE8104091
:105E5000184710BD8C290020F0B53C4D8FB0D5F807
:105E60005C3108AF064683B9394B7B613948022360
:105E700007F110024FF482516FF012043B610BF0F6
:105E8000E5FA20461C37BD46F0BD6FF0020105F172
:105E9000D4000BF0DEFA01210BF0BDFA10EA010488
:105EA00050D12D4B1E600A4605F590700DF06BFB2E
:105EB00005F5A2700DF042FB00220023CDE9062378
:105EC0006FF00803CDE90243CDE90044234B244998
:105ED00004944FF4C062234807F096FA22492148FF
:105EE0000DF09FFA21480DF00FFC21491F48009446
:105EF0006FF007034FF4806207F07AFD1D491B48DD
:105F00000DF08FFAD5F85C31DB689847044678B11C
:105F10006D462A4688B0184BC5E90530032342F880
:105F2000103F0C484FF4C2510BF090FAAD46A8E771
:105F30001EB9FFF707FD0446A3E705F1C40007F00B
:105F400051FD9EE76FF077049BE700BF88030020B8
:105F5000E9690200B84302008C290020495501007C
:105F600040400020781B0020026A0200F81B00203D
:105F700080460020086A02000E6A0200044BBFF34C
:105F80005B8F1868BFF35B8FC0F38000704700BF62
:105F90005C040020004870472A6A0200F8B50A4DE8
:105FA000EF7906460024E3B29F4202D86FF0010069
:105FB00007E0294630460BF0FCFA0735631C08B1B0
:105FC0002046F8BD1C46EEE78803002037B504469E
:105FD0000D4671B1124928460BF0EBFA48B9114849
:105FE000C4EBC404294620440BF0F0FA002003B0AF
:105FF00030BD68460BF0DFF90028F8D16846FFF79E
:10600000CDFF0028F5DA074BC4EBC40018446946FD
:106010000BF0DCFA002DE9D001462846E4E700BF8A
:10602000466302008803002038B51249062205465F
:106030000DF0CAFEC8B1062142F20500FEF732FF9C
:106040000446A0B1062229460C300CF0C3FC002205
:10605000214642F20500FEF75FFF38B905482946A0
:106060000BF0AFFA012300F8013C002038BD6FF0BF
:106070006800FBE7F103002070B50D4686B00446CA
:10608000F0B124490BF095FAD0B92378012B04D153
:10609000A37903F0C003C02B0DD01F4B05931F48FD
:1060A000022304AA4FF4825104930BF096FA6FF086
:1060B000150006B070BD2046FFF770FF002823DAF8
:1060C000002DF4D1164DEB79012B20D0BFF35B8F5F
:1060D000D5F8D430BFF35B8FDB0707D4002CE6D0B4
:1060E0000C4920460BF065FA0028E0D1EE792146F4
:1060F000731C3046EB71FFF769FF08B93046D8E7EB
:10610000EB79013BEB71D4E76FF07700D1E76FF0EB
:106110000B00CEE746630200246B0200C04302007E
:1061200088030020F0B5044689B060B9194B079385
:106130001948022306AA4FF4845106930BF04DFA36
:10614000002009B0F0BD01AA002141F20900FEF7CC
:10615000E3FE064608B1114BE9E7019F1049FD68CF
:106160000135062228460DF02FFE28B10D490622E2
:1061700028460DF029FE18B9384603F093FDDFE7F5
:106180002946601C0BF01DFA3846267003F08AFD84
:106190000120D6E7526B0200C04302006B6B020085
:1061A000536302004D63020007B56846FFF7BAFF6C
:1061B000044BD87118B169460020FFF707FF03B000
:1061C0005DF804FB88030020F0B5244B93F8C2303F
:1061D000DB0789B005460E460DD4214B07932148B5
:1061E000022306AA4FF48451002406930BF0F5F91C
:1061F000204609B0F0BD01AA00214FF60940FEF784
:106200008BFE034608B1184BE8E70198C268547842
:10621000B44228BF3446023216279C420EDC03F0FB
:1062200041FD002CE4D1114B07930E48022306AA2E
:106230004FF4845106930BF0D0F9D9E7114607FBD0
:10624000035602F1140C51F804EB46F804EB6145D7
:10625000F9D10988318001331632DEE78803002046
:10626000896B0200C0430200B56B0200D56B0200CF
:1062700070B5154DEC7988B02CB9012102A8FFF753
:10628000A3FFE871C0B90021084608B0BDE870401E
:10629000FFF7F2BE02AB06FB02310DF101000BF07D
:1062A00090F90123694610468DF80030FFF78EFE05
:1062B000013410B108B070BD1626EB79E2B29342FA
:1062C000E8D80020F6E700BF880300202DE9F04160
:1062D000904686B00E461D46024678B173B1310332
:1062E000047816D573070ED52D4B05932D48022340
:1062F00004AA4FF4825104930BF06FF96FF015006C
:1063000006B0BDE8F0810BF078F90028F8D1012340
:1063100041E0F70730D5244FB8F1000F13D0B00695
:106320000AD4C4EBC403FB5C012B13D02B70B20660
:1063300020D543F002030BE097F8D8305906F0D48B
:106340006FF08500DCE7C4EBC403FB5C012B01D0DC
:106350002B700FE0072101FB0471013110460BF097
:1063600044F90028CCD1C4EBC4043B5D2B70B8F1D8
:10637000000FDCD10020C3E773070ED50A4EC4EB33
:10638000C407F35D012BE3D1072111FB0431314434
:106390000BF02BF9F35D2B70B2E70BF02EF9B6E79B
:1063A000FE6B0200C04302008803002030B5134D8D
:1063B000EB7987B01BB10024204607B030BDFFF752
:1063C000F3FE044650B10E4B05930E48022304AA77
:1063D0004FF4825104930BF000F9EDE7EB79002BB9
:1063E000E9D1FFF745FF04460028ECD1681CFFF710
:1063F0001BFE04460028DFD0034BE5E7880300209E
:106400001D6C0200C04302003C6C02002DE9F04FFD
:1064100089B00C46202100909246FEF743FD0546C8
:1064200000285BD020210C300CF0CEFA2022002175
:1064300081460DF014FE09F1010B04EBCA0A002697
:10644000D4F800800023626893420CD30834A2453C
:10645000F6D1009889F800600022294609B0BDE80D
:10646000F04FFEF759BD98F8012098F800C0B01C15
:1064700011181F291BD9BCF1090FC0F11F0201D14E
:10648000002A12DC174B07930223069316480023B9
:1064900006AA4FF48251FCF799FC284603F002FC4F
:1064A0006FF0150009B0BDE8F08F4FF0080CD7B2BF
:1064B000791C0BF80610711CC9B25BFA80F00BF85E
:1064C00001C0D8F80410019302370DF0BAFD019B0A
:1064D0003744FEB2013308F10808B4E76FF06800F2
:1064E000E0E700BF5F6C020090430200F8B545682A
:1064F0006905064635D4046914B115F0010330D09E
:10650000194F3078FB7983422BD9C0EBC000174973
:10651000072238440DF058FCA8B115F0010306D14C
:1065200097F87020082A02D8B2689F2A19D915F066
:10653000300F09D0ACB1EA060AD405F46035B5F5E0
:10654000603018BF0120F8BDEB0601D4002CF4D157
:10655000D6E902239A4204D81F2A02D9B3F5804F04
:10656000EBD90020EFE700BF88030020466302005C
:1065700008B50449072209300DF026FC003818BF81
:10658000012008BD46630200F8B5154B067883F874
:106590006F6004460D46FFF7EBFF70B911493046B6
:1065A00000F044FF044610B96FF00B00F8BD042161
:1065B00000F05CFD2C600020F8E704F10907394683
:1065C000304600F069FF40B92078394600F02EFFD0
:1065D00004460028E8D00521EAE76FF01500E5E75A
:1065E000880300203F63020000487047A00300209A
:1065F0002DE9F04F93B0D1F810A005930023BAEB2A
:10660000030407468E48079318BF01240BF01FF8B8
:1066100046070D46934640F109810846FFF766FF9D
:1066200028B96FF01504204613B0BDE8F08F284656
:106630000AF0FAFF81460028F3D007F1100840461F
:106640000BF005F8C0F3C013000600F1F280CDE9AD
:106650000933CDF82B30AB686868ADF82030EB68B3
:10666000ADF822300AF0E4FF6FF400518DF82D00F0
:1066700073480AF0F2FF734A2B783B7082F86F3050
:10668000696822460DF125033846FFF71FFE0446D0
:106690000028C8D107F10900BAF1000F13D0296909
:1066A0000AF0EAFF28460BF07CF86B68D90706462B
:1066B00016D49B0503D41C9B0BB9022E59D102237F
:1066C0008DF8243019E060490AF0D6FF28460BF017
:1066D00068F86B68DA070646EBD58DF824A00CE065
:1066E00013F0100F0CBF0123042329698DF8243007
:1066F0000DF126000AF0C0FFA1460F2142F206006C
:10670000FEF7D0FB0446002800F096800F2208A96F
:106710000C300CF05FF92146002242F20600FEF731
:10672000FBFB044600287FF47EAFBAF1000F26D0B1
:106730006B68DC0731D4012138460BF042F804467F
:1067400000286BD0414B1193022310934048002343
:1067500010AA4FF48251FCF739FB079D002D3FF43E
:1067600062AF2846002100F081FC28460BF09FF81C
:1067700059E70323DDF870908DF82430BDE71D9BA9
:106780000093CDE901961C9B059A594638460AF0BC
:1067900091FF04460028CBD045E707A93846FFF70C
:1067A000F3FE04460028C6D010F10C0F7FF43BAF77
:1067B000BAF1000F7FF437AF6B6898073FF533AF3E
:1067C0006C6884F00204C4F3400404F001020E215A
:1067D00040460AF058FF731E5A425A41082140466B
:1067E0000AF051FFB11E4A424A41404609210AF0CF
:1067F0004AFF6A680A2102F0010240460AF043FF9C
:106800004A460B2140460AF03EFF6A680D21C2F35A
:10681000800240460AF037FF002404E7079808B1D9
:106820000BF045F8BAF1000FCFD1C9E76FF00A04B9
:10683000F9E66FF07704F6E66FF06804F3E600BF60
:106840005C0400208803002046630200786C02008C
:106850009043020073B51546069A0C46CDE9003206
:106860002B460A4601461148FFF7C2FE214606465E
:10687000002340F201109D4202D1304602B070BDAB
:106880000A88824204D14A6812B11278D20702D42F
:1068900001330831EFE7064906480CF03BFF4FF49F
:1068A00070220023034807F039F9E6E7A00300202F
:1068B00031690100B803002010B519480AF0A6FF9D
:1068C00018486FF480410AF0C8FE16480AF0BFFE6F
:1068D00003461A06C0F3C01021D512480AF0B7FECD
:1068E000430513D50E48FFF743FE0F490346087EC4
:1068F00093B90E49042200F0FFFD044630B1002197
:10690000417200F0B3FB20460AF0D1FFBDE8104011
:10691000034800210AF055BF05222131EBE710BDE5
:10692000A0030020B0030020880300203F63020082
:1069300098B500AFFFF7C0FF78B16C4688B06A46E3
:10694000074BC2E90530032342F8103F05480023F6
:106950004FF4C451FCF73AFAA546BD4698BD00BFB6
:10696000936C020090430200F0B583B03948394C73
:1069700000AF0AF06CFE10F4804F41D020460AF0C0
:1069800066FE03063CD420460AF061FE460537D574
:10699000391DA4F11000FFF7F7FD88BBA4F110002A
:1069A000FFF7E6FD024620460AF051FEC0F38031B3
:1069B00020460AF04CFE81F0010145054FEA4101F5
:1069C000244848BF41F001010AF041FE800448BF5D
:1069D00041F004012048FB1CFFF778FC054690B10C
:1069E0006C4688B06A461D4BC2E90530032342F865
:1069F000103F1B4800234FF4C251FCF7E7F9A546AE
:106A00000C37BD46F0BD144801210AF0DAFE7E685D
:106A100018B930460AF04BFFF2E72946304600F03D
:106A200025FB6FF480410B480AF017FE05463046FF
:106A30000AF03DFF6B04E3D5BFF35B8F54E8003FE2
:106A400043F4804344E80032002AF7D1BFF35B8F60
:106A5000D6E700BFB0030020A0030020B26C020004
:106A60009043020070B50B4B1D68044625B90A4DD2
:106A70000A4EB54207D370BD2B6813B1617A204628
:106A800098472D69F2E72B6813B1617A2046984741
:106A90001435EEE7C0290020584302005843020095
:106AA0007FB5074B05930748022304AA4FF484518E
:106AB00004930AF0AEFE002007B05DF804FB00BFAF
:106AC000EF6C0200A04302002DE9F041154F04468F
:106AD0004FF000084FF04002EFF3118382F3128869
:106AE000BFF36F8F216A29B983F31188BFF36F8FCA
:106AF000BDE8F081606A0A682262814208BF626272
:106B000083F31188BFF36F8FD1E90156C1F80C8070
:106B1000C1E9018838460CF01DFD002231462046AF
:106B2000A847D7E71C09002070B5D1E9015600221B
:106B3000C1E901220446CA6005480CF00BFD31464C
:106B400020462B466FF06D02BDE87040184700BF2D
:106B50001C0900202DE9F04FDFF8A89183B098467A
:106B6000B9F80431002B00AF04460D4609F58470D6
:106B7000164608BF00200022002306F0DDFD002895
:106B800040F0BD80002E00F0908006F10C0BB9F8AB
:106B900004317B6058460BF052FF7B6898427FD9E6
:106BA000B9F8042155F80C1F7A6058460BF012FF13
:106BB0007A68284611460BF026FFA37AB569072BA1
:106BC00040F09A804FF04003EFF3118283F3128874
:106BD000BFF36F8F002D73D000232B60A369002BB0
:106BE0006BD1C4E9055582F31188BFF36F8F04217F
:106BF00006F10C000BF0FFFE238808F0FD0843EAC5
:106C00000838A0F80080338A043B4380022333769F
:106C10003046FEF7F7FB804600283CD0EB4688B0B4
:106C20006A46394BC2E90530032342F8103F374822
:106C30004FF4C2510AF0EDFDDD464FF04003EFF393
:106C4000118183F31288BFF36F8F002D4ED06369DB
:106C500000225BB19D4246D12B68002A3DD1A2693A
:106C60006361954200D1A36100232B6081F31188F9
:106C7000BFF36F8F6FF00408B9F804312448002B7C
:106C800008BF002006F032FD2DB10023B361294674
:106C90002046FFF749FF40460C37BD46BDE8F08F60
:106CA00058460BF0CCFE82B27CE70022002304F1B0
:106CB00038000BF02EFE06467FE71D60A56192E7C7
:106CC000A36933B103F10C0ADB680133CAF8003061
:106CD00089E7E36904F11C0AF7E71360A3699D42A1
:106CE00008BFA261C0E71A461B68B2E7DAF80030B5
:106CF000013BCAF80030B9E76FF07F08BCE76FF0DE
:106D00006808C8E788030020BA670200A0430200B1
:106D1000900400200448B0F80431002B00F5847082
:106D200008BF0020704700BF8803002038B500224C
:106D300004468A4202D10024204638BD04F1BC0337
:106D40000120BFF35B8F53E8005F002D04D143E8BF
:106D5000000CBCF1000FF6D1BFF35B8F02D0C03442
:106D60000244E6E7002CE6D0BC22002120460DF0CC
:106D700076F904F1580004490CF0CCFC034904F105
:106D800028000CF083FCD7E7A97501001918020050
:106D90002DE9F04186B0164600AF04460D46FFF7D8
:106DA00093FE012E30D0022E6AD1236963B1404B8D
:106DB0004048C7E9046307F110024FF482510AF01A
:106DC00028FD20460AF02BFD25612169088A01284B
:106DD00030D9CB681B8804339BB298422AD35FD941
:106DE0006D4688B06A463449D3610423C2E9051070
:106DF00042F8103F2F484FF401510AF00AFD204697
:106E0000AD460AF00CFD15E0206970B92B4B7B6193
:106E1000022328483B6107F110024FF482510AF027
:106E2000F8FC20460AF0FBFC01E02E8A36B9284621
:106E300002F038FF1837BD46BDE8F0810C300BF08A
:106E4000FEFD864212D91E4B7B6102233B6119482D
:106E500007F110024FF482510AF0DBFC0022216995
:106E6000204600F0F3FD00232361E0E720692A8A31
:106E7000E9680C300BF0AEFD284602F013FFA4E7E2
:106E8000E84688B06A460F4B0A48C2E90536032334
:106E900042F8103F4FF4C2510AF0BBFCC546C0E7B0
:106EA000002323610122204600F0D0FDC2E700BF8D
:106EB000186D0200A0430200986D0200356D0200BB
:106EC000536D02007A6D02002DE9F04387B09946B8
:106ED000CB7A072B00AF06460D46904616D86C4677
:106EE00088B06A4631493248C2E905130823D361A4
:106EF000042342F8103F4FF401510AF08AFC6FF06E
:106F00001500A5461C37BD46BDE8F083837A072BE4
:106F10000DD0284B7B61022325483B6107F110020D
:106F20004FF482510AF075FC6FF07F00EAE7002A07
:106F300036D00DF0A5F8204B1A58204B9A42204825
:106F400007BF002200234FF0FF324FF0FF3306F05F
:106F500099FB044630B3B37A072B13D0194B7B61EE
:106F600002233B61124807F110024FF484510AF0EA
:106F700050FC0023C4E901331148E36021460CF0C2
:106F8000E9FAD1E7C0E901890023C360AC610024BC
:106F900006F138002C7729460BF0EAFC2046B1E7D1
:106FA0001446F3E76FF06800ACE700BFB36D020072
:106FB000A0430200D86D020008000000382800201D
:106FC0001C090020E76D020070B5044623480CF050
:106FD000EBFE224B0022204601210CF0C8FEBFF33D
:106FE0005B8F1F4B1A68BFF35B8F04F114000AB963
:106FF000012070BDA3F1BC0113F8B23C93B9BFF3FB
:107000005B8F0B1D53E8002F22F0400543E800562C
:10701000002EF7D1BFF35B8F530603D508460AF065
:1070200007FCE5E78B7A072BE2D10E4BB3F804217E
:10703000002ADDD0D3F81021896B51B14AB903F58C
:10704000847302210CF093FE012384F82030022087
:10705000CFE7054B00220421F4E700BFA405002080
:10706000541D002088030020D01C00202DE9F04191
:10707000867A8E4200AF04460D4618D1082E96BF80
:10708000734B744B53F826306C4688B06A4672498D
:10709000C2E905134FF400739383704B42F8103F1D
:1070A0004FF4E4516E480AF0B4FBA5464FE08172FC
:1070B00026B98378082B01D00AF0DDFBA37A082BD0
:1070C00000F2C180DFE803F0460543434343432514
:1070D0004300644D4FF0000805F584764FF0400200
:1070E000EFF3118382F31288BFF36F8FE269002AF6
:1070F00000F08480013AE26183F31188BFF36F8F5F
:10710000B5F80431002B14BF3046002006F0EEFA2B
:10711000E4E7A378042B1AD004F138000CF00EFA3F
:107120005148002107F0ACFA0023C4E91433E37896
:10713000012B0CD1A378012B04BF032384F8AC30BE
:107140004FF42032002304F1580006F0B3FCBD4692
:10715000BDE8F081A378042B03D120460AF0A7FBF9
:10716000F5E7082EF3D801A353F826F0E5710100E6
:1071700091710100D77101005B7101005B71010029
:10718000D7710100D7710100E5710100E5710100BF
:107190002046FFF799FCA378012B0AD104F158058A
:1071A00028460CF0C3FA10F00C0F02D028460CF061
:1071B000BFFABFF35B8F043454E8003F43F0400351
:1071C00044E80032002AF7D1BFF35B8F0021264844
:1071D00007F056FABBE7637A002BBED02046FFF7D4
:1071E00041FCBAE76C4688B06A46204BC2E90535D7
:1071F000032342F8103F4FF4C45153E7616921B9AA
:1072000083F31188BFF36F8FA1E7A0690A686261F9
:10721000814208BFA26183F31188BFF36F8F4FF0E3
:107220004002EFF3118382F31288BFF36F8FCA68B5
:10723000E261C1F80C8083F31188BFF36F8F2046A1
:10724000FFF772FC5CE76C4688B06A46084BCDE7F6
:10725000344A02000D6E0200176E020003000001A6
:10726000A043020088030020A4050020286E02002D
:107270003F6E0200F8B5024600AF05460E461048C4
:1072800001210AF030FB044618B900242046BD460F
:10729000F8BD83781E42F9D16E4688B06B46094A24
:1072A0000948C3E905251A46032342F8103F4FF465
:1072B000C4510AF0AEFA2046B5460AF0F8FAE4E7FF
:1072C000981C00205B6E0200A0430200034BC01A12
:1072D000034B80115843C0B2704700BF981C002078
:1072E000ABAAAAAA38B50D460849002808BF084627
:1072F0000BF00AFB044618B9BDE83840FFF7D0BBD5
:10730000291D0C300BF05CFB204638BD34090020F1
:10731000F8B5BFF35B8F4268BFF35B8F92050446FD
:1073200000F1040319D5B0F89E20B0F8A0109142E6
:1073300013D8B0F8A21091420FD3D0E9291291428C
:107340000BD1BFF35B8F53E8001F21F4007143E8BA
:107350000012002AF7D1BFF35B8F104B1D6825B9CF
:107360000F4D104FBD420CD3F8BDEE683EB1B4F8DE
:10737000A630B4F8A420B4F89E102046B0472D697A
:10738000EDE7EE683EB1B4F8A630B4F8A420B4F846
:107390009E102046B0471435E4E700BFC029002006
:1073A00058430200584302002DE9F04107460846C1
:1073B0000C460AF0BEF8054618B900252846BDE877
:1073C000F081134B1E6846B9124EDFF84C804645DB
:1073D000F4D2B36883B91436F9E7B3680BB93669E8
:1073E000F1E72146384698470028E6D020460AF0C3
:1073F000A0F80028F3D1E0E7214638469847002856
:10740000DBD020460AF095F80028E4D1D5E700BF8C
:10741000C02900205843020058430200024B1A685A
:1074200002611860704700BFC029002038B50546CA
:107430000C460A480121FFF779FC70B105722368F8
:10744000C0F88830A388A0F88C30A37980F88E30FB
:1074500001238370024BC0F8A03038BD981C002077
:107460001800280070B505460A480E460AF003FACF
:10747000044620B18378012B04D00AF018FA0024C6
:10748000204670BD324629460AF058FA0028F7D146
:107490002046F2E7981C0020B0B500AFFFF7E2FFEE
:1074A0000446E0B1837A082B96BF0E4A0E4B52F881
:1074B00023306D4688B06A460C490D48C2E9051371
:1074C0004FF4007393830B4B42F8103F4FF4E45199
:1074D0000AF09FF92046AD460AF0E9F90120BD46C1
:1074E000B0BD00BF344A02000D6E0200726E020091
:1074F000A043020003000001F8B505460E480E4601
:1075000017460AF0B8F9044620B18378012B03D05E
:107510000AF0CDF900240DE036B1324629460AF0D2
:107520000DFA08B92046F3E7A37ABB42FAD1237AD1
:10753000AB42F7D12046F8BD981C002038B5044670
:1075400008460D4609F0F5FF48B3164B93F8D830BE
:10755000990707D4E37883B129462046BDE838402F
:1075600000F0B2BA94F8AD309A07F3D5BFF35B8F51
:107570006368BFF35B8F5B05ECD4294620460AF0B5
:10758000FFF958B92B88A4F8A0306B88A4F8A23072
:10759000AB88A4F8A830EB88A4F8AA3038BD6FF007
:1075A0001500FBE7880300202DE9F04182B010F8B8
:1075B0004E3C00AF0446A0F158060BBB30460AF023
:1075C0003CFA3F4B1D685DB93E4DDFF8FC804545F8
:1075D0000ED330460AF06BF90837BD46BDE8F0819E
:1075E0006B681BB114F84F1C304698472D69EAE7C9
:1075F0006B681BB114F84F1C304698471435E6E70A
:1076000010F8563C012BE7D1BFF35B8FA0F1540576
:1076100055E8003F23F4007245E800210029F7D126
:10762000BFF35B8F990531D5A36C3B60236D7B6005
:1076300039463046FFF782FFC0B9BFF35B8F55E88C
:10764000003F23F4807345E80032002AF7D1BFF3EE
:107650005B8FBFF35B8F55E8003F43F0800345E845
:107660000032002AF7D1BFF35B8FB5E76C4688B0D4
:107670006A46164BC2E90530032342F8103F14480E
:107680004FF4C4510AF0C5F8A546E2E7114A4FF499
:107690002813C7E9002339463046FFF74FFF50B99A
:1076A000BFF35B8F55E8003F43F4807345E8003239
:1076B000002ACCD0F6E76C4688B06A46064BD9E77C
:1076C000C02900205843020058430200956E020072
:1076D000A043020018002800BA6E020001460148CB
:1076E000FFF700BE8C0900202DE9F047837A05469C
:1076F00093B9BFF35B8F031D53E8002F22F04001C5
:1077000043E80014002CF7D1BFF35B8F530603D579
:10771000BDE8F0470AF08CB805F138000BF02FFFF8
:10772000044660B9344A3549354840F2973309F088
:10773000A4F8404080F311884FF0030002DF204698
:107740000BF018F9DFF8BC90028AB9F804319A42BC
:107750000446027F07D832B9022321462846FFF7A4
:10776000F9F9064632E017464FF0000A228AB9F8C6
:1077700004319A4204D80123237700220323ECE743
:107780004FF0FF334FF0FF320020FFF7A7FFAB7A37
:10779000072B804606D002F085FA2046BDE8F04768
:1077A00002F080BAC0F818A080F81CA0637F43776D
:1077B00002463B4621462846FFF7CCF90646B8B1BB
:1077C00007F001072777404602F06CFA204602F0E6
:1077D00069FA05360ED1A6690023A361204602F09E
:1077E00061FA3EB131462846BDE8F047FFF79CB943
:1077F0000127BBE7BDE8F087E46E020019750200BF
:10780000356502008803002010B50C480BF096FE89
:107810000B490A480BF09EFE0A4908480BF09AFEF5
:10782000094906480BF096FE01F066F90BF064F882
:10783000044608B90AF03FF9204610BD1C09002093
:1078400090290020A0290020B029002080B500AF99
:1078500088B06A46064BC2E90530032342F8103F60
:1078600004484FF4C2510AF0B4F80020BD4680BD70
:107870008D6F0200C843020080B500AF88B06A4631
:10788000074BC2E90530032342F8103F05484FF487
:10789000C2510AF09EF86FF00B00BD4680BD00BFDC
:1078A000B56F0200C8430200044B1A680AB1FFF723
:1078B000E3BF034858600B6010467047C42900209E
:1078C000784A0200F7B5244D244F04460026BD42F5
:1078D00001D303B0F0BD6B6801A92046984700288A
:1078E00034DB019B2A889A829A8403F11002A868EB
:1078F000BFF35B8F52E8001F42E8006CBCF1000F41
:10790000F8D1BFF35B8F9E60616D03F10802F9B996
:10791000C4E914221C60D860019843681B6803B155
:107920009847019BBFF35B8F103353E8001F41F072
:10793000010143E80012002AF7D1BFF35B8F0198E1
:107940004368DB6913B100F1100198470C35BEE7BD
:107950000A606265DEE700BF34430200584302005C
:10796000F0B589B00B8A032B02AF06460D460BD843
:10797000304B7B61022330483B6107F110024FF42A
:1079800082510AF026F819E0042105F10C000BF0F1
:1079900042F8298A43889942044613D06C4688B03D
:1079A00002AA2648D3610423C2E9050142F8103F28
:1079B00021484FF401510AF00CF8A54600201C376D
:1079C000BD46F0BD43780BB91D4BD2E70378012BC0
:1079D000F4D0132B03D10129F0D81A4BC9E76D4617
:1079E00088B002AA18491448C2E90513032342F8D3
:1079F000103F4FF4C45109F0ECFF02226178AD460C
:107A00000120356809F0E8FF04460028D6D002219D
:107A10000C300AF0D9FF0023037043702246009314
:107A2000052128460AF024F80028C7D0204602F095
:107A300039F9C3E7DC6F0200C8430200FA6F0200A5
:107A40001B7002003C70020058700200B0B586B096
:107A50000B8A032B00AF05460C4610D8174B7B61F1
:107A60001748022307F110024FF482513B6109F0DD
:107A7000B0FF204602F016F91837BD46B0BD04210C
:107A800004F10C000AF0C7FF418828460AF009F803
:107A900078B96D4688B06A460A4B0948C2E9053193
:107AA000032342F8103F4FF4C45109F092FFAD4652
:107AB000DFE7436821465B699847DAE78070020098
:107AC000C84302009D70020073B5174B0E4619782B
:107AD0000131C9B2012938BF01210546082212200F
:107AE000197009F079FF0446D0B108210C300AF072
:107AF0006BFF3388038073884380B3888380F38867
:107B0000C3800023284600932246052109F0B0FFD8
:107B1000054610B1204602F0C5F8284602B070BDF7
:107B20006FF00B05F9E700BF012E002023281FD8B6
:107B30001A2804D8431E182B0ED906207047A0F12E
:107B40001B03082B1ED8DFE803F0051D1B231D199E
:107B5000251D0500032070470F4A012383401A406A
:107B6000C2B90E4A1A40002A14BF012006207047ED
:107B700000F07F03522B05D1002070470120704791
:107B80000520704710F0400F0CBF06200020704702
:107B90000420704702207047AAAA8A025455450162
:107BA000011F01480BF011BC8C08002010B50446E1
:107BB00078B10B4B98420CD33C33984209D2002148
:107BC00014220CF04CFA21460648BDE810400BF098
:107BD000C1BC20461422BDE8104000210CF03FBA81
:107BE000F4290020040900202DE9F04F93B0166815
:107BF00002AF73687B60002542F601038146884628
:107C0000006887F82C50FB8507F12C01144609F019
:107C100084FB00287ED04FF42053D9F8000087F869
:107C20002C50FB8507F12C0109F077FB40B1A368CC
:107C300023B15A88424501D2A3F8028001200EE008
:107C40006168084609F042FF728D738B9A4294BFB7
:107C5000C0EB0200C0EB0300032804D80020443727
:107C6000BD46BDE8F08F08460AF088FE054660680C
:107C700009F02CFF728D738B05F10C0A9A4294BFA8
:107C8000C0EB020BC0EB030B50460AF0D8FE834555
:107C900043D2606809F01AFF728D738B9A4294BFC9
:107CA000C0EB0200C0EB030070B96368987A01F082
:107CB0004BFF002200230AF027FE05460028CDD006
:107CC000014660680AF06BFE00230093D9F8046057
:107CD0007868102307F108024946B047061E19DBF1
:107CE000227CE068B2423FD0014607F12C0009F047
:107CF00042FBB0B96D4688B0237C02AA1D49C2E997
:107D00000513032342F8103F1B484FF4C45109F0F8
:107D1000D2FFAD460023A36090E750460AF08FFEE5
:107D2000C2E7F2B207F1080107F1180009F023FBDE
:107D300030B96D4688B002AA104BC2E90536E0E7BB
:107D400007F1180107F12C0009F0E7FA0028E1D14A
:107D500000236374042105F10C000AF035FEA060D5
:107D6000A0F80080A36867E707F108010CF02CF881
:107D7000ECE700BFD970020098430200F8700200DF
:107D80007FB5064B05930648022304AA4FF482519F
:107D9000049309F090FF07B05DF804FB177102002F
:107DA000984302007FB5837A072B0DD0124B0593C1
:107DB0000223049304AA4FF48451104809F07BFF76
:107DC000002007B05DF804FB042109F06AFE38B911
:107DD0000B4B05930223049304AA4FF48251ECE762
:107DE000BFF35B8F036BBFF35B8F5B0701D4054B66
:107DF000EFE750F8040CE4E74171020098430200F9
:107E00004F7102006A71020010B500F130030446A0
:107E1000BFF35B8F53E8001F41F0040143E80012F9
:107E2000002AF7D1BFF35B8F201F09F0A5FE04F1F4
:107E30006C0004490BF06EFC2068BDE8104001F0B6
:107E400015BE00BF018D01002DE9FF4105460E461C
:107E50004FF000084FF42053006817688DF8088031
:107E600002A91446ADF80A3009F057FAA0B142F65B
:107E7000010328688DF80C8003A9ADF80E3009F0D5
:107E80004CFA48B123691BB15A88B24200D25E80D5
:107E9000012004B0BDE8F0816168286809F03DFA6E
:107EA00010B100232361F3E7E368A0681A786AB190
:107EB000B7F81AC0798D038A8C4594BFC3EB0C03C5
:107EC000C3EB0103934201DA0020E2E704210C3006
:107ED0000AF07AFD2061068023695E80074B0093DB
:107EE0000194A26800232946384609F0E7FE0028DD
:107EF000EADB2069003818BF0120CAE7DF1B020057
:107F00002DE9F04786B0531C8A46428B418D914241
:107F100028BF11468B4200AF064615D96C4688B083
:107F20006A463E48D3610423C2E9050142F8103F86
:107F30004FF402513A4809F0BEFEA54600242046FF
:107F40001837BD46BDE8F0875046FFF7EFFD022821
:107F500014D004283DD04FF0FF384FF0FF390021F6
:107F600042464B46084609F080FD0446B0BB6C46CD
:107F700088B06A462B4BC2E9053A0DE0BAF10F0F03
:107F800027D0BAF1210F24D0B36D5BB16C4688B015
:107F90006A46254BC2E90536032342F8103F4FF4E9
:107FA000C251C7E7706D0AF0E5FC04460AF0A7FC71
:107FB000082104F10C0006F158050AF001FD2E60BD
:107FC0000121A56104F10C000AF0FEFC80F800A07C
:107FD000B5E74FF470284FF00009C0E70CF050F8F7
:107FE000124B1A58124B9A42124807BF0022002324
:107FF00042464B4605F046FB05460028DFD10E4BB6
:108000007B610748022307F110024FF484513B6162
:1080100009F051FE204601F045FE8FE78471020011
:10802000984302008D6F0200A97102000800000051
:108030003828002004090020D17102002DE9F743FF
:10804000176805468846006851687E68144609F03E
:1080500064F98146002842D13046952229460AF02B
:108060003DFB0646207540B1E3681B780BB184F8F0
:108070001490002003B0BDE8F083A0680AF07EFCF5
:1080800002210C300AF0A0FC164B2061A0F8008001
:1080900000930194A26833462946384609F00EFE43
:1080A000002807DA10F1FF0F26BF4042C0B20E20B1
:1080B0002075DEE72369002BDBD0A06809F006FD00
:1080C0007B8D7A8B9A4294BFC0EB0200C0EB030019
:1080D000E3681B78984294BF00200120CAE7012082
:1080E000C8E700BFDD1A02002DE9F04182B000AF01
:1080F00004460E463E4800220023394605F016F994
:108100000546A8B16D4688B06A463A4B3A48C2E97E
:108110000534032342F8103F4FF4C25109F0CBFD60
:10812000AD466FF00B0528460837BD46BDE8F08127
:108130000BF0A6FF314BD7F800801A58304B294678
:108140001A6008F1040028220BF089FFC8F80040EB
:108150003C682C487D60C4E90155C4E909550022FA
:108160000023391D05F0E2F8054680B123686C460E
:1081700088B06A4624492048C2E90513032342F81F
:10818000103F4FF4C45109F096FDA546C9E77B683E
:108190000146A82218460BF062FF1C4A82603C3060
:1081A0000BF0CCF97B68BFF35B8F343353E8002FBF
:1081B00043E800510029F9D1BFF35B8F7B681C6055
:1081C000636AD7F804801BB904F10C000BF0B6F910
:1081D000626AC8F8A020A26A08F1A003636202B92B
:1081E000A3627B6817225A855A83043333609AE767
:1081F00070080020F071020098430200080000009F
:10820000302A00208C08002015720200B4050020DE
:108210002DE9F047D1F81880CB68D8F80090BFF36B
:108220005B8F426BBFF35B8F520788B006460C46EC
:108230000FD42F4B07932F48022306AA4FF48251E5
:108240006FF01505069309F036FD284608B0BDE825
:10825000F0871B78D22B16D1036818680AF049FB07
:10826000054680B1244B079306AA02234FF482519E
:108270002048069309F01FFDA069FFF797FC2046F0
:1082800001F010FDE1E704F10C000AF0D4FBB4F8B2
:1082900010A0C8F8006033681D68E36807461878C6
:1082A000FFF744FC052896BF144B154B53F82030BC
:1082B000CDF8008028462246042109F0D9FB054666
:1082C0000028C2D010F1690F09D10E4B079309485D
:1082D000022306AA4FF48251069309F0ECFC63696D
:1082E000A4F810A013FA87F7E760C8F80090ACE78D
:1082F0006A710200984302003A720200A04A02002A
:108300005D2102004D7202002DE9F04F87B00B8A0B
:1083100000AF04460D467BB9514B7B6102235148A7
:108320003B6107F110024FF4825109F0C4FC0020B8
:108330001C37BD46BDE8F08F012105F10C000AF0A5
:108340006AFB54F8043C0646002BF0D00278DFF8B4
:1083500018A1A4F1040800231AF8331091424FEA3F
:10836000C30B0AEBC30920D128460AF003FB99F896
:1083700002902065B9F1010F3CD1002104F13000D9
:1083800009F06DFD002840D0384B7B610223354851
:108390003B6107F110024FF4845109F08CFC206D11
:1083A00001F080FC00232365C1E701330E2BD3D1FC
:1083B00028460AF0DFFA6D46206588B033786A46B1
:1083C0002B492848C2E9051303234FF4C45142F84E
:1083D000103F09F070FC3178AD460846FFF7A6FB68
:1083E0000028DCD00528DAD006230022404609F018
:1083F00067FED4E7B9F1050F07D1012104F1300080
:1084000009F02DFD08B11B4BBFE7DA442B8A9AF81F
:1084100001209A4216D9E94688B031786A46164852
:10842000D1610425C2E905034FF4015142F8105F00
:108430000C4809F040FC9AF80230012BCD46AED131
:108440002B460AE0DAF80430294640469847B9F14D
:10845000010F0346A3D10028A1D031780022C5E73F
:108460007072020098430200B84A0200A57202002E
:108470008B720200C1720200E0720200F0B51D466C
:1084800003680E46003987B0044618BF01211868FA
:1084900017460AF0C3F948B9052104F1340009F080
:1084A000DEFC002846D0002007B0F0BD002D43D0F0
:1084B0001822002168460BF0D2FD57BB23681F4AE3
:1084C0001B6800930023ADF812300C9B0393BDF89A
:1084D0003430ADF8103001238DF8143029466B4646
:1084E00028468DF8086009F03CFB9DF81430D3B1A4
:1084F000002FD8D0019B9869FFF758FB019801F035
:10850000D1FB9DF814302A463146204609F0D8FDAB
:10851000C9E7002239462046FFF7F2FC0190002807
:10852000CCD11120C0E701990029BCD0204609F028
:10853000B9FDB8E71220B7E70120B5E7011B02003B
:108540002DE9F04100AF88461646FFF72BFC00B33B
:10855000436A18461BB150F8A03903B1A03B741C04
:10856000214638B1428B458DAA4228BF2A46A242F5
:1085700011D2BBB96D4688B06A460E4B0E48C2E9AF
:108580000534032342F8103F4FF4C45109F093FB24
:10859000AD46002003E032464146FFF7B1FCBD4640
:1085A000BDE8F081D3F8A05005B1A03D18460C46B7
:1085B0002B46D7E7FF72020098430200F8B5458DBD
:1085C000468BB54202F1010428BF3546AC4200AFEC
:1085D00013D96E468AB06A4609490523C2E90510D7
:1085E000C2E90754074842F8103F4FF4225109F0FE
:1085F00062FB0020B546BD46F8BDFFF781FCFAE7F7
:108600001A730200984302002DE9F0410E8A043EDD
:10861000F6B2022E04468CB0084601D0102E6BD163
:1086200004210C300AF0F7F90DF108080588478895
:10863000011D3246404608F09EFE00285ED0002D07
:1086400039D00026002F35D0BD4234D84FF4205306
:1086500001A940468DF80460ADF8063008F05DFED3
:1086600068BB1422002107A80BF0F9FC012211219C
:108670002046FFF7A3FF099000283BD001210C30D2
:10868000CDE907480AF0A0F900230A901C4A0370BC
:1086900039460B93284607AB09F063FA0A9B1B780F
:1086A0001BBB099B9869FFF781FA099801F0FAFA58
:1086B0000A2301E03D4601232A4610210EE042F63E
:1086C000010307A940468DF81C60ADF81E3008F084
:1086D00024FE0028C5D010232A461946204609F05A
:1086E000EFFC00200CB0BDE8F0810999204609F0AC
:1086F000D9FCF6E71120F5E70420F3E70E20F1E7B7
:10870000497E01002DE9F043036885B004460D461B
:10871000186801210AF082F850B9052104F13400EB
:1087200009F09DFB00283BD1122005B0BDE8F08385
:108730001022002168460BF092FC002221212046E5
:10874000FFF73CFF029068B3DFF85C90009405F1FE
:108750000C074FF001082B8A012B04D80299204600
:1087600009F0A0FC1CE038460AF05DF96B464A4669
:10877000014606468DF80C8009F0F3F99DF80C309F
:10878000002BE8D0029B9869FFF710FA029801F0DD
:1087900089FA9DF80C3032462021204609F090FCE1
:1087A0000020C2E71120C0E7CF1E02002DE9F043F0
:1087B000036885B004460D46186801210AF02EF8BA
:1087C00050B9052104F1340009F049FB00283BD1E0
:1087D000122005B0BDE8F0831022002168460BF09E
:1087E0003EFC00220F212046FFF7E8FE029068B30E
:1087F000DFF85C90009405F10C074FF001082B8A1C
:10880000012B04D80299204609F04CFC1CE03846A4
:108810000AF009F96B464A46014606468DF80C8077
:1088200009F09FF99DF80C30002BE8D0029B986965
:10883000FFF7BCF9029801F035FA9DF80C3032468A
:108840000E21204609F03CFC0020C2E71120C0E7C1
:10885000891E0200F0B51D46036885B004460E4629
:1088600018680121174609F0D9FF40B9052104F124
:10887000340009F0F4FA70BB122005B0F0BD8DB3DE
:108880001022002168460BF0EAFB00223946204600
:10889000FFF794FE029038B3BDF82830ADF80430ED
:1088A00001238DF80C30114A00946B462946284666
:1088B00009F057F99DF80C307BB1029B9869FFF7DE
:1088C00075F9029801F0EEF99DF80C302A46314610
:1088D000204609F0F5FB0020CFE70299204609F079
:1088E000E1FBF8E70120C8E71120C6E7891E020076
:1088F0002DE9F0410D8A043DEDB2022D04468CB005
:10890000084601D0102D50D104210C300AF083F814
:108910000DF1040806884788011D2A46404608F0E4
:108920002AFD002843D096B187B1B7420FD3182251
:1089300000210DEB02000BF092FB012209212046E1
:10894000FFF73CFE089060B9112007E03E46012386
:1089500032460821204609F0B3FB00200CB0BDE8E8
:10896000F08101210C30CDE906480AF02DF80023F2
:10897000099003700A238DF82C300E4A06AB394655
:10898000304609F0EEF89DF82C304BB1089B986901
:10899000FFF70CF9089801F085F99DF82C30D7E71E
:1089A0000899204609F07EFBD7E70420D6E70E2081
:1089B000D4E700BF3D8001002DE9F0430F4687B0AA
:1089C0000446062107F10C000AF025F80588B0F8E6
:1089D00002808288D7F80C90C5B10023B8F1000F4F
:1089E00013D0454512D88DF800308DF8043001A918
:1089F0004FF420536846ADF80220ADF8063008F079
:108A00008CFC064660B10A2301E0454601232A4654
:108A10000621204609F054FB002007B0BDE8F08392
:108A20000146142201A83F7C0BF019FB32460721B6
:108A30002046FFF7C3FD0290F8B10A238DF81530E8
:108A40000F4A019401AB41462846CDE903698DF8F0
:108A5000147009F086F89DF815304BB1029B9869A7
:108A6000FFF7A4F8029801F01DF99DF81530CEE744
:108A70000299204609F016FBCEE71120CDE700BF92
:108A8000E97B01007FB5CB681D885E8804468DB107
:108A90007EB1B5420ED81022002168460BF0DFFAF5
:108AA000002205212046FFF789FD019058B91120C9
:108AB00007E0354601232A460421204609F000FB41
:108AC000002004B070BD6B460A4A00943146284627
:108AD00009F047F8029B43B9019B9869FFF766F8D4
:108AE000019801F0DFF80A23E5E70199204609F033
:108AF000D9FAE5E7FF1B020038B50B4C0B4D2046B9
:108B00000AF01CFD294620460AF024FD05F1140157
:108B100020460AF01FFD05F1280120460AF01AFD43
:108B2000BDE8384000F020BB04090020F4290020F3
:108B300013B50B46002101910E4902460BF0A0FA35
:108B40000C680D4909580D488C4208BF002201A944
:108B500008BF134604F0EAFB014640B9019B10220E
:108B600018460BF07CFA0346184602B010BD0023ED
:108B7000FAE700BF302A002008000000A808002003
:108B800010B5836804463BB19869FFF70FF8A068F9
:108B900001F088F80023A36021460248BDE8104098
:108BA0000AF013BCA80800202DE9F047044688B05D
:108BB00070300E4617461D460AF0BAFDA06B80B90C
:108BC000194B07931948022306AA4FF484510693C0
:108BD00009F071F8206809F0F1F9002008B0BDE84B
:108BE000F087134B98424FF0000802D1C4F8388048
:108BF000F0E7D0F80490C0F80480A06BD0F80CA087
:108C0000FFF7BEFF2068C4F8388009F0D7F9B9F142
:108C1000000FE2D02068CDF800A000683B46324645
:108C20002946C847D9E700BF4973020098430200AC
:108C3000342A00202DE9F34150F8044C0546002C5D
:108C400059D000F19C0104F1240009F0DEF82F1F37
:108C500005F1380800220023404609F05AFE064676
:108C600040BB6B6B2BB1024601460E233846FFF723
:108C70009BFF002345F8043C022105F1300009F078
:108C8000DDF8636A002B36D104F10C0700220023C3
:108C9000384609F03EFE064698B96668C6B91748D8
:108CA000266021460AF091FB286802B0BDE8F04139
:108CB00000F000BFB069FEF779FF304600F0F2FF28
:108CC000C8E7B069FEF772FF304600F0EBFFDDE762
:108CD000A26833686360964208BFA360776837B1C3
:108CE000F3680093002320681A460E21B8473046E7
:108CF000FFF746FFD1E702B0BDE8F0817008002021
:108D00002DE9F04192B050F8703C06AF0646186865
:108D100008F034FE037804463D1D032B3AD8DFE803
:108D200003F0023335371E492846F8F7B9F8A3791E
:108D3000059562780492A2780392E27802922279F1
:108D400001926279009207F11008164A1E214046EE
:108D500006F04AF86C4688B006AA134B1348C2E9DD
:108D600005384FF400739383114B42F8103F4FF4D2
:108D7000E25108F0A0FFA6F16C00A546FFF75AFFEC
:108D80003037BD46BDE8F0810A49CDE70A49CBE757
:108D90000A49C9E70A4A0A21284606F025F8C6E723
:108DA000596302007B630200607302009843020073
:108DB0000300000160630200676302007163020048
:108DC0009E72020008B530B90749084809F049FB0E
:108DD00038B1074808BD054A12F8011C08F0AEFD7D
:108DE000F6E70020F6E700BF466302005D2A002098
:108DF0005C2A002010B5074C2378834207D1601C01
:108E000009F02FFB002814BF2046002010BD0020D1
:108E1000FCE700BF282D002010B54A1C0C4638B1D5
:108E2000097808F08BFD08B1204610BD0020FCE752
:108E30000249104609F015FBF5E700BF4663020042
:108E40001FB51046074A19464FF42813CDE90223EF
:108E500008230093BDF818206B4409F025FB05B0EA
:108E60005DF804FB180028002DE9F04387B01E468A
:108E7000BDF83830D1F80C8081460F46002B4BD11D
:108E8000731E012B4BD8012E4146157818BF15884B
:108E9000FFF7C2FF0446F0B91DB9304607B0BDE880
:108EA000F0834146FFF7B8FF044660B91D4B1E48EA
:108EB000059304AA02234FF48451049309F07CFB28
:108EC0006FF01000EAE709F18801013009F0E0FADB
:108ED00099F808302370D8F810308BB92581B8F88C
:108EE0000A30AB4203D04146384609F046FA002D1D
:108EF000D3D10E49601C09F0CBFA25702581CCE74F
:108F00002A463946484698470028C7DB01380128D9
:108F1000E4D96FF00D00C1E76FF00600BEE76FF017
:108F20000C00BBE781730200B043020046630200FD
:108F3000024608B50849013009F0AAFA0023137265
:108F40000C32BFF35B8F52E8001F42E8003000286C
:108F5000F9D1BFF35B8F08BD466302002DE9F041F4
:108F600086B080460F4616461D46FFF743FF04466F
:108F7000B0B91249FFF73EFF044660B9104B0593A4
:108F80001048022304AA4FF48251049309F014FB01
:108F900006B0BDE8F08100F8018B394609F078FA97
:108FA000228963891AB92BB926816581F0E7964237
:108FB00038BF26819D42EBD9F7E700BF4663020028
:108FC0009B730200B04302002DE9F041234B15468C
:108FD00082689A42074602D1C468638933BB012084
:108FE000BDE8F08108F063FCE36800216181002B9B
:108FF000F5D038469847F2E705F18808287A4146C7
:1090000008F0D5FA68B9164B9C4202D1284609F0FF
:10901000D6FA1449304609F03BFA00232370238125
:10902000E2E74146304609F033FADDE72389002BB9
:10903000DAD02646284616F8011B324608F07EFC98
:109040000028D9D120783146FEF70CFA0028CBD081
:10905000837A072BC6D108F02AFCC0E7698E01008D
:10906000F4050020466302002DE9F04186B01F465A
:10907000BDF83030012B064690463AD83B44012BD0
:109080003D4639DCFFF79EFE044698B9FFF79AFE8D
:10909000044678B91B4B05931B48022304AA4FF4DE
:1090A00084516FF01005049309F086FA284606B043
:1090B000BDE8F08197B1217A98F80020002321FAC9
:1090C00003F0C70703D522FA03F0C00717D5013311
:1090D000032BF4D102F0070211432172601C06F148
:1090E000880109F0D5F9337A2370204609F088FA0F
:1090F000DCE76FF00605D9E76FF00C05D6E76FF0F7
:109100001205D3E7BA730200B043020010B504465B
:109110001448BFF35B8F50E8003F23F0020340E8A0
:109120000032002AF7D1BFF35B8FBFF35B8F036878
:10913000BFF35B8FDA0704D500220023303804F038
:10914000EDFC204609F0F0F850B12046FFF73AFE5A
:1091500030B1037ADB0703D5BDE8104009F050BAFF
:1091600010BD00BF101E002010B51748012109F0E6
:1091700080F9C30727D40221134809F07AF908407F
:1091800007D11249124A0B88124CA24215D300B1E2
:109190000B80114B114912480022C3E900220AF04A
:1091A000B9FA0F484FF4A4720023FBF745F9BDE864
:1091B00010400C490C480AF0ADBA506803449BB209
:1091C00008320120E1E710BD6C2A0020342D002078
:1091D0005843020070430200702A0020FD930100F2
:1091E000681D002029960100E01D00202DE9F041B6
:1091F000034648B1008A38B91249DFF84CE001242F
:109200004FF0140C714501D3BDE8F081D1E900762F
:10921000BB4204D30CFB0672143A93420ED9344479
:10922000A2B208311446EDE70CFB0578434507D0A0
:1092300001356219B54292B2F6D1F2E70025F8E79E
:109240001046E1E758430200704302002DE9F74F52
:10925000BDF83050009199464FF6FF73002D08BFBE
:109260001D46244B1B888342074690463CD203B0E0
:10927000BDE8F08F73682344BB4232D29CB20836FB
:109280001D4B9E42F6D3F2E789580193404608F001
:1092900044F8019B90B101340AF1010AA4B2736849
:1092A0005345ECD9009B9C42E1D8BC423168F2D3D3
:1092B0000BFB0AF28B18B8F1000FE5D1B9F1000FE2
:1092C0000BD1013DADB218460E9A0D9B2146984731
:1092D000002DCCD00028DED1C9E7DA689145DAD17B
:1092E000EFE74FF0000ADAE7044E01244FF0140BC9
:1092F000C6E700BF342D002070430200584302002F
:1093000010B5CEB0002422AA69460AA8CDE90044CF
:10931000CDE9024407F01AFF58B9154B09931548D7
:10932000022308AA4FF48251089309F045F94EB080
:1093300010BD4FF6FF7101200F4A0AAB09F0C3F9C7
:109340000E480AA907F097FF08B90D4BE6E70B4B4B
:10935000214603F110020131187812F8014D03F88B
:10936000014B08291070F6D1064809F082F8DEE7B3
:10937000E6730200B0430200BD230200581D002026
:10938000FF730200101E00202DE9F0411849BDF8BE
:1093900018700446A1F130001E4615460AF0DCF9AB
:1093A000BFF35B8F134B1B68BFF35B8F190701D4AF
:1093B000FFF7A6FF2046FFF705FD044670B1037ACC
:1093C000DA070BD5BFF35B8FE368BFF35B8FDB0777
:1093D00000F10C0002D4022109F04BF8102306938F
:1093E0003A4631462846044BBDE8F04109F05CB8E6
:1093F000981D0020101E0020581D0020054BBFF3B3
:109400005B8F1B68BFF35B8F1B0701D4FFF778BF2F
:10941000704700BF101E002007B500230193FFF71F
:10942000E5FE411C89B20846034A01AB09F04BF93D
:10943000019803B05DF804FB752302002DE9F047A5
:10944000894651684F8A17F0140786B08046154642
:109450000FD0334B05933348022304AA4FF48451B1
:109460004FF0FF35049309F0A7F8284606B0BDE891
:10947000F087022209F04EF960B92B4B0593294879
:10948000022304AA4FF4845104936FF0150509F0E8
:1094900093F8EAE74FF470200021AE8AFFF748FB0B
:1094A00002360446B0B1214B4360C56032461D21EF
:1094B0004046FFF745F8064678B91D4B1948059315
:1094C00004AA02234FF48451049309F075F820464E
:1094D000FFF756FB6FF00B05C7E701233A46394605
:1094E00006F10C0A08F03FFF0221504609F06CFA21
:1094F0000746504627F8029BA98A09F065FAAA8A0E
:10950000296938460AF09DFDA6602146404608F0CC
:10951000F6FE05460028A8D02046FFF731FBA4E759
:1095200018740200B04302002E7402008F23020060
:109530005974020030B5394BBFF35B8F1B68BFF322
:109540005B8F5A078BB004460D4661D510B1837A04
:10955000072B60D168680590FFF748FE2A68ADF8D0
:1095600018003AB305A902912D4901910121002368
:1095700000914FF6FF710593FFF768FE059B1BB93D
:109580006FF001000BB030BD6B60059B18680023C5
:109590008DF8103004A942F60303ADF8123007F03D
:1095A000BCFE70B90598C3689B799B0605D46FF023
:1095B0001500E7E70028E8D1E2E709F03DF8ADF84B
:1095C0001800BDF818003CB101230146AB752A46CE
:1095D0002046FFF733FFD5E76FF07F0307930223A1
:1095E000ADF8203042F60213ADF8123005ABAC7581
:1095F00002930C4B01930123009304AA23464FF6D8
:10960000FF7109958DF81040FFF720FE0798B9E724
:109610006FF00A00B6E76FF07F00B3E75C0400204C
:10962000B52302004D99010013B550F8082C0192A2
:109630000346A0F1200100F13004BFF35B8F54E832
:10964000002F22F0010244E800200028F7D1BFF3E8
:109650005B8F0D4A43F81C2C0C4A43F8182C01AAC6
:10966000002043F8102C042223F8080C23F8060CE1
:1096700023F80C2CFFF75EFF18B90221204608F0F2
:10968000F8FE02B010BD00BF504B02000D9101006A
:10969000F0B587B01568354B82689A4200AF044632
:1096A0001ED1C6683389721CD3B13178284608F0C0
:1096B00045F9A8B14FF495722146284609F00EF8F5
:1096C000032811D16D4688B06A46294B4FF4C45126
:1096D000C2E9053442F8100F264808F06DFFAD4688
:1096E00001201C37BD46F0BD3146204608F045FE3E
:1096F000214B9E42F4D1287A05F18801FFF77AFBCD
:1097000004460028ECD0038913B94389002BE7D025
:109710002846FDF7DBFD194A238922F8203002EBA9
:109720008003618959801649164C182303FB0013E6
:1097300000B202EB800200EB40005C601A61124C48
:109740009C60042201EBC00128469A82FFF7F2FEDA
:109750000028C5D00D4B7B610648022307F110029B
:109760004FF482513B6108F027FFB9E7698E010091
:1097700080740200B0430200F4050020242D002074
:10978000442A0020504B0200092602009474020073
:109790002DE9F043884651684B8A03F0140387B0E3
:1097A0000746144673B12A4B2A48059304AA02239C
:1097B0004FF48451049308F0FFFE4FF0FF3007B0E0
:1097C000BDE8F083012208F0A5FF60B9224B2148D3
:1097D000059304AA02234FF48451049308F0ECFE8D
:1097E0006FF01500EBE7A2891B2102323846FEF725
:1097F000A7FE054660B9194B1648059304AA022333
:109800004FF48451049308F0D7FE6FF00B00D6E7B5
:1098100000F10C090221484609F0D6F806464846F0
:1098200026F8028BA18909F0CFF8A289A1683046F9
:109830000AF007FCD4E904122846012308F093FD3E
:109840002946384607B0BDE8F04308F028BD00BF00
:1098500018740200B04302002E740200B1740200BA
:1098600030B5374BBFF35B8F1B68BFF35B8F5A0775
:109870008BB004460D465DD510B1837A072B5CD1C1
:1098800068680590FFF7B2FC2A68ADF818003AB393
:1098900005A902912B4901910121002300914FF666
:1098A000FF710593FFF7D2FC059B1BB96FF0010018
:1098B0000BB030BD6B60059B186800238DF810302D
:1098C00004A942F60303ADF8123007F026FD70B983
:1098D0000598C3689B79DB0605D46FF01500E7E7B0
:1098E0000028E8D1E2E708F0A7FEADF81800BDF8BF
:1098F00018002CB101462A462046FFF749FFD7E75A
:1099000042F60212ADF8122005AA6FF07F03029210
:109910000D4A07930123CDE90032ADF8203004AAA7
:1099200023464FF6FF7109958DF81040FFF78EFC26
:109930000798BDE76FF00A00BAE76FF07F00B7E75E
:109940005C040020B52302004D990100F0B5414BA5
:10995000144682689A4287B0074602D0012007B0B9
:10996000F0BDC6683C4B9E425BD03289A3899A42C7
:1099700006F10101F2D13078FDF774FD05460028AB
:10998000ECD0837A072B05D007F091FFE6E707F0CC
:109990008EFFEAE7736923B13946984708B928462C
:1099A000F2E77B8A13F014070AD02C4B05932C485E
:1099B000022304AA4FF48451049308F0FDFDEEE75E
:1099C000A389022B14D1338913F0020604D128464F
:1099D00007F06DFFA660C1E72269A1882846FFF75E
:1099E0002DFD0646A8B92269937D01339375EEE7F4
:1099F000012B04D0284607F05AFFA760AEE7338951
:109A000013F00106E3D02269A1882846FFF7C0FEC3
:109A10000646284607F04BFF002EA6609EDA00207F
:109A20009DE7104D1049284608F01BFD00289CD1E9
:109A300015F8010C07222946FDF75EFD0028A6D186
:109A4000236915F8010C1A69294653881288FFF713
:109A500085FA8AE7698E0100F40500201874020077
:109A6000B0430200292D00204663020007B5064AD4
:109A700000906B4601204FF6FF718DF8040008F04E
:109A800022FE03B05DF804FB91960100F8B5084B87
:109A90001C6805460E4617464CB154F8043C043C7D
:109AA0001BB13A463146284698476468F4E7F8BD4A
:109AB000702A002070B503460F4A04464FF6FF7126
:109AC000012008F000FE2046FFF77CF9054688B12A
:109AD00004F18806207A314607F069FD20B928464E
:109AE000BDE87040FFF724BA3146681CBDE87040FD
:109AF00008F0CEBC70BD00BFC98F010080B500AFBB
:109B000088B06A46074BC2E90530032342F8103F8C
:109B1000054800234FF4C251F9F758F96FF00B00D4
:109B2000BD4680BDE9740200E8430200044B1A6898
:109B30000AB1FFF7E3BF034858600B601046704757
:109B4000782A0020544C0200024B2C2202FB0030E9
:109B5000704700BF34090020827A064B2C2101FB9C
:109B600002339A6A1B7F1B33801A23F00303B0FB76
:109B7000F3F070473409002038B50A4B827A2C2460
:109B800004FB02330C685B6A5B681A68944294BFFA
:109B90000C600A60D3E90054FFF7DEFF05FB0040CC
:109BA00038BD00BF340900202DE9F04385B00546DB
:109BB0006846039190461C4609F03AFFDDE90067CC
:109BC0004FF04003EFF3118983F31288BFF36F8FD7
:109BD0006B8B002B45D02A8B9A4229D90022002377
:109BE000284603F04FFD044610B389F31188BFF3F4
:109BF0006F8F039B002B45D032463B46684609F0E9
:109C00003BFF264DA37A2C2606FB035303A95B6A70
:109C10001B6820461F68DDE90023B8476061002803
:109C200031D1A07A214600FB065009F09EFC24E0C9
:109C3000698B4B1E6B8389F31188BFF36F8F2B7F6A
:109C40002A8BAC6A1B3323F00303521A02FB034432
:109C5000124B134AEB1A9B105343A3722B7FE372F0
:109C6000C7E789F31188BFF36F8F23464246284622
:109C700003F008FD04460028BBD10024204605B0AF
:109C8000BDE8F083636100230122636022812382A7
:109C9000039A63696282E360F0E700BF3409002041
:109CA000A38B2EBA2DE9F041164D044600262C2731
:109CB0000CB9BDE8F081237AD4F80480013BDBB213
:109CC0002372002BF5D1616959B1637ADB0707D4A0
:109CD000A37A07FB035320465B6A1B689B6898477F
:109CE0006661A07AE66007FB005366601B6A1BB1E1
:109CF000204698474446DBE7214600FB075009F021
:109D000034FCF7E734090020084B70B5C31A0D4640
:109D100007499B10044659430648402208F0B3FE09
:109D20002B4601462046BDE870401847BC2A00205B
:109D3000B76DDBB64441020073B50C4C0C4A4023AE
:109D4000041B00930D460B460A49A41061430646C6
:109D5000094808F0C4FE011E05DA30462B4602B061
:109D6000BDE87040184702B070BD00BFBC2A00209B
:109D7000492B0200B76DDBB64441020010B54FF02D
:109D80004003EFF3118483F31288BFF36F8F074A08
:109D9000136823F00201DB07116002D4012009F0EF
:109DA000F0F884F31188BFF36F8F10BD0C2B0020E7
:109DB000002270B5012104461046F9F791FC0F48C6
:109DC00002F0DCF80E4B984215D109F0DFF8266955
:109DD0000C49304606F0B9FC00280BDB0125356440
:109DE0002469084904F11C0006F0AFFC002801DBDF
:109DF000E564002070BD6FF00400FBE73D9E0100AC
:109E00000000AD0B884C020070B501460C230948D8
:109E10004B43C418D4E90E56403300221844A263C1
:109E200008F01EFE2DB132462B460348BDE87040B7
:109E3000184770BDBC2A00204441020010B101281F
:109E400004D07047034B1B6C5B0701D1FFF7DCBFED
:109E5000704700BFBC2A002008B54FF04003EFF365
:109E6000118183F31288BFF36F8F124A136843F096
:109E700002001060DA0708D481F31188BFF36F8FF6
:109E80000120BDE8084002F069B84FF08043D3F8E4
:109E90000C24D3F80C34DB07EED5074808F0E0FDBE
:109EA00081F31188BFF36F8F0020BDE80840FFF7F2
:109EB000ABBF00BF0C2B0020FC2A00207FB5002286
:109EC0000123CDE9022304ABCDE90433094ACDF8DF
:109ED00000D06B46CDF804D008F02FFE002805DB3B
:109EE0004FF480420023684603F026FC07B05DF87B
:109EF00004FB00BF612B020010B5074C23782BB97F
:109F00004FF4A57009F0CFF901232370BDE810408C
:109F1000002002F023B800BF022E00202DE9F041FE
:109F20003849BFF35B8F0746012251E8003F41E803
:109F300000200028F9D1BFF35B8F33B93249334891
:109F40004B60CB608A6006F013FC7B1E012B2BD884
:109F5000012F07D14FF08043D3F81C3403F00303E3
:109F6000012B21D009F057FA0546F8B9284B1B7888
:109F7000E3B14FF080430222C3F808230646DFF81E
:109F800094804FF08044D4F81824D4F81834D203C5
:109F900016D503F00303012B01D0012F10D15DB3BF
:109FA00086F31188BFF36F8FBDE8F0814FF0400357
:109FB000EFF3118683F31288BFF36F8F0125DEE77D
:109FC000ADB13046F9F7EAFAD4F81835002BDAD1FA
:109FD000D4F80421002AD6D0C4F80431D4F80431CE
:109FE0000123C4F81835C8F88031A360CBE70021FD
:109FF000212004F05BF8E7E74FF080430222C3F82A
:10A000000423D1E7B82A0020A82A0020D82A00205B
:10A010000233002000E100E008B5074809F048F9E4
:10A0200038B10648FAF730F90448F8F705FB002084
:10A0300008BD6FF01200FBE79441020041A001004F
:10A040000A2838B5074D044604D1AB680D215B687A
:10A0500028469847AB6803485B68E1B298472046BA
:10A0600038BD00BF944102004FF04003EFF311826E
:10A0700083F31288BFF36F8F094BD3F8001161B1DE
:10A080000021D3F80805C3F80011D3F80031C0B29D
:10A0900082F31188BFF36F8F70476FF00A00F7E704
:10A0A00000D00040F0B5034610469C7893F803C0FA
:10A0B0004FF04005EFF3118285F31288BFF36F8FE5
:10A0C0001F7893F801E0E41B04EA0C04A04288BF67
:10A0D000A0B23E180CEA06063D461E7082F31188B7
:10A0E000BFF36F8F0A188A4217D177450DD14FF011
:10A0F0004001EFF3118281F31288BFF36F8F19785B
:10A10000597082F31188BFF36F8F1B79241AA34211
:10A1100022BF064B01221A60F0BD5E190135767927
:10A1200001F8016B05EA0C05DDE700BF00D0004037
:10A13000DB432DE9F04713F001050E46144604D029
:10A140002348FFF7AFFFBDE8F087A2B34FF040030D
:10A15000EFF3118883F31288BFF36F8F0D20F9F7A7
:10A16000B1FA07460D20F9F799FA88F31188BFF381
:10A170006F8FDFF860A0DFF86080CAF80051DAF86E
:10A1800000314FF400590123CAF800302546C8F8C1
:10A190008091DAF8003183B1FFF766FF031EC8F83B
:10A1A0008091F6DB013DADB27355002DF1D117B1B1
:10A1B0000D20F9F765FA2046C5E74FF04003EFF3AD
:10A1C000118083F31288BFF36F8FF9F7E7F9E0E7A7
:10A1D000402B002000D0004000E100E02DE9F041DC
:10A1E000124F0D46144607F1450814B92046BDE844
:10A1F000F0814FF0FF334FF0FF32384603F09CFA06
:10A20000224629464046FFF74DFF0646384603F0F2
:10A210006DFA3EB94FF0FF324FF0FF33044803F0C0
:10A220008BFAE6E7A41BA4B23544DEE7102B00202E
:10A23000282B002038B5194C01221146204609F080
:10A24000A2F90122002104F1180009F09CF940F262
:10A250000743A4F848304FF0706323630C2384F85D
:10A26000343000250E4B84F84550A4F84650D3F8FE
:10A27000042522F00102C3F804250121C3F800518E
:10A28000D3F80021C3F804132A4619600D20F9F70A
:10A2900027FA0D20F9F7F4F9284638BD102B0020D5
:10A2A00000D0004010B5FFF7DFFE002820DB174B81
:10A2B00093F8322093F8314093F83310141B31EAAD
:10A2C0000404C0B20DD193F8472093F8464093F8A8
:10A2D0004810141B31EA04040BD10D4B01225A60C3
:10A2E0000EE09C180132114084F8350083F83210DA
:10A2F00010BD9C180132114084F84A0083F84710C1
:10A300000448BDE8104003F0F1B900BF102B002055
:10A3100000D00040282B002030B54068057B01F0BC
:10A320001F04B2F5001F85B044EA451405D120464C
:10A3300002F02AFA002005B030BD0025B2F5800FEA
:10A34000CDE9025514D1B3F1007F0CBF04230523DE
:10A350008DF808300023194602AA204602F048F87A
:10A36000214B984239D10121204602F0C1F9E1E7A1
:10A37000B3F1C06F26D0B3F1007F14BF01230223D5
:10A380008DF80830836823FA01F111F00101E1D161
:10A39000B2F1A07FDED104F01F03620903F5E07380
:10A3A0001ED14FF0A04252F82330DB07D2D40DF17A
:10A3B00007052946204602F047F90C4B984203D086
:10A3C0000395C7E70323DBE7284602F08BF9064B2A
:10A3D0009842F5D06FF00B00ADE76FF01500AAE7DB
:10A3E00051F82330FFDE00BF0000AD0B0400AD0BC1
:10A3F00010B502F067F9044668B902F03BF9084B62
:10A4000098420AD10748214602F018F92246052150
:10A410000620F9F765F9002010BD6FF00400FBE796
:10A420000000AD0B29A40100430970B507D10B4B07
:10A43000596821B101250C68094E854001B970BDEC
:10A440008A682A4002D04B68304698471CB123687E
:10A4500021461C46F2E72346FAE700BF642B0020A2
:10A46000584102002DE9FF4147683B7B01F01F0581
:10A4700045EA43150E4628460DF10701144602F041
:10A48000E3F814F4403F80460DD1284602F0A2F9CB
:10A490003D4B984503D19DF8070002F01DF90020BF
:10A4A00004B0BDE8F0810023194602AA2846CDE990
:10A4B000023301F09DFF344B984214D1804503D103
:10A4C0009DF8070002F008F9A3034ED540F20633C9
:10A4D0002340B3F5837F1AD00DD8062B18D005D8AA
:10A4E000B3B1022B33D06FF01500D9E7B3F5807FFD
:10A4F000F9D101230CE040F20222934229D0B3F5B6
:10A50000407F28D0B3F5007FEDD1022300E0072380
:10A510008DF8083084F48033C3F30043E0068DF8EF
:10A52000093054BFC4F34013032321038DF80A30CC
:10A5300013D57A680123B340C2F80835002202A976
:10A54000284602F005F8104B9842A8D0CBE7042328
:10A55000DEE70523DCE70323DAE7620341BF0123DB
:10A560007A68B340C2F80C35E8E7E3064FF0000321
:10A5700054BFC4F3401403241A4602A928468DF898
:10A58000084001F035FFDEE70000AD0B08B5436879
:10A590001B68D3F80805D3F80C1502F027FC034B11
:10A5A000984214BF6FF00F00002008BD0000AD0BF3
:10A5B0000378012B08D0022B08D04BB9054B0B6355
:10A5C00001F1180003F092B8034BF8E7034BF6E7EC
:10A5D000034BF4E70000AD0B0100AE0B0200AE0B25
:10A5E0000100AD0B80B500AF88B06A46094BC2E9E7
:10A5F00005304FF400739383074B42F8103F074830
:10A6000000234FF4E251F8F7E1FB6FF00F00BD4675
:10A6100080BD00BF867502000300000118440200DF
:10A6200010B5044640682369074A00F1080102F0AA
:10A63000D3FA064B984204D02068BDE81040FFF7DB
:10A64000D1BF002010BD00BFB1A501000000AD0BBF
:10A6500010B511F001034268046986B00FD1C1F34F
:10A66000420001280ED0022815D00D4A0592022280
:10A6700004920C4804AA4FF48251F8F7A7FB6FF03C
:10A68000150006E013684FF0CC72C3F824250020B3
:10A69000616306B010BD13684FF0CD62F5E700BFEF
:10A6A000A6750200184402002DE9F04F8BB000AFF0
:10A6B00006460C469246BB60D0F80490D0F8108055
:10A6C0004FF0FF324FF0FF33404603F035F808F10A
:10A6D0001803FB600022002308F1180003F02CF897
:10A6E000484602F0D9FADFF804B10025554501D3F8
:10A6F000002453E0237A3B6013F0080172D1122248
:10A7000007F11600796009F0AAFC3B686068B96837
:10A71000B86103F001022068797513F0020F7968BF
:10A720003A75386216D10AF1FF33AB4202D9237D64
:10A730005B0711D5002A55D1202207F114014846A4
:10A7400002F0D6FA584509D0294B984224D16FF02F
:10A750000F0423E00A46F0E74022EEE70023F86802
:10A760004FF4804202F0E8FF034610B36C4688B015
:10A770006A46204BC2E90535032342F8103F1E48C4
:10A7800000234FF4C251F8F721FB4846A54602F0DA
:10A7900093FA3046FFF7FAFE6FF00404484602F0E1
:10A7A0008BFA404602F0A2FF20462C37BD46BDE89A
:10A7B000F08FD8F83010594504F10C0410D06C46D5
:10A7C00088B06A460D48D561C2E90501042142F806
:10A7D000101F09484FF40151F8F7F8FAA546DBE7D6
:10A7E000013583E76FF08504D8E700BF0000AD0BAB
:10A7F0000B00AD0BB875020018440200E2750200B0
:10A80000F0B5524D00EB8101814201D10020F0BD35
:10A81000046804F07F03C4F343267F2B4FEA1444FB
:10A8200008BF4FF0FF33192C7ED8DFE804F00D137A
:10A83000191C1F251C7D7D7D7D345D7D7D7D7D7D8D
:10A840007D7D7D7D6074777AC2F80C355F1C57D1B1
:10A850000430D9E7C2F814355C1CF9D0002458E064
:10A86000C2F80835F2E7C2F81035F5E75F1CC2F808
:10A870000835EDD0002404E05C1CC2F80C35E7D0AC
:10A8800001245F0953D101274FF0A04C07FA03FEC2
:10A89000CCF80CE508E0C2F80835002EDCD15C1CD1
:10A8A000D6D0002427460626D0F800E00EF4005C3F
:10A8B000BCF1000F1CBF0124002703F01F0C5B0933
:10A8C0003DD14FEA8C0C0CF1A04CCEF3C11EDCF84C
:10A8D00000372B4043EA8E0343EA06233B4343EA17
:10A8E0004403CCF80037B3E7C2F80C35D5E7C2F81B
:10A8F00060355F1C0468ABD0C4F38034002CBFD03B
:10A900005C0918D101244FF0A04704FA03FCC7F8F2
:10A9100008C52746C8E7C2F86435EAE7C2F86835D3
:10A92000E7E7C2F86C35E4E76FF085006FE70023D6
:10A93000C3F80C35FFDE0023C3F80835FAE70CF541
:10A94000E07C002353F82C30F4E700BFF0F8FCFF64
:10A9500070B54B79012B20D18B79032B1DD1CD798B
:10A960000DB1012D19D10A7912B1022A15D10E2289
:10A970000B684468B3F5164F266864D02BD8B3F53E
:10A98000165F63D014D8B3F5966F61D008D8B3F5CD
:10A99000967F60D0B3F5167F60D06FF0850051E0F0
:10A9A000B3F5166F5DD0B3F5965FF6D1374B3CE04B
:10A9B000B3F5E14F58D007D8B3F5615F56D0B3F582
:10A9C000964FEAD1324B30E047F61224A342E4D14D
:10A9D0004FF4000329E0B3F5613F49D013D8B3F534
:10A9E000963F48D009D84DF6C024A34245D0B3F5D0
:10A9F000614FD2D14FF46B0317E0B3F5E13FCCD1F7
:10AA00004FF0EB7311E0B3F5612F39D008D8214C2A
:10AA1000A34238D0B3F5E12FBFD14FF0E86304E093
:10AA20001D4CA342B9D14FF080530469C6F82435B8
:10AA300043681B682A43C3F86C2503C9231D83E8B8
:10AA40000300002070BD4FF41D03EEE7134BECE74D
:10AA50004FF49E23E9E74FF4A033E6E74FF41C33AD
:10AA6000E3E74FF41D23E0E70D4BDEE70D4BDCE79A
:10AA70004FF06C73D9E70C4BD7E74FF46503D4E77D
:10AA80004FF07063D1E74FF08063CEE700B0130062
:10AA900000A04E0090D0030040420F00005027005D
:10AAA00000C0750000F03A0000903A012DE9F04333
:10AAB000002287B0804601210220F8F711FE022013
:10AAC000F8F7DEFDD8F80470D8F810603C68002173
:10AAD000C4F80015C6F80080D7F80C906A464846BE
:10AAE00008F0DDF8051E25DB009BD9F80020197958
:10AAF0001868FFF785FE051E1CDB311D4046FFF779
:10AB000027FF0546B0B97B68990723D506F11800E1
:10AB100001F04AFF234B984210D0234B05930223A8
:10AB2000049322482B4604AA4FF482516FF0040587
:10AB3000F8F74CF9284607B0BDE8F083307E04F101
:10AB40000C0204F5907108F035FA337E012098402C
:10AB500001F0B8FB0823C4F800353B7A53B9C4F8B8
:10AB60001031D4F810317369C4F834350123C4F8B6
:10AB7000383523607B689A075CBF4FF48073C4F854
:10AB800004337B68DB0644BF4FF48003C4F804330E
:10AB90003369C4F844350023C4F848350123A36061
:10ABA000E360C7E70000AD0B2E76020068440200A8
:10ABB000F8B5044607690D4608F02DFCB0B92E4BD8
:10ABC0001B789BB16426606808F09FF800BB0120E9
:10ABD00008F0EEF9013EF6D10021212003F066FADB
:10ABE000F0E786F31188BFF36F8FF5E74FF040036E
:10ABF000EFF3118683F31288BFF36F8F60683146DD
:10AC000008F083F890B986F31188BFF36F8FEDE7F2
:10AC10004FF04003EFF3118683F31288BFF36F8F79
:10AC20006068314608F071F80028DAD03B691D7081
:10AC3000626838691368C3F844050120C3F8480501
:10AC40000020C3F82001D3F82051C3F858015268FE
:10AC5000D3F85801D20608D5626812680820C2F8F5
:10AC600000054FF48002C3F8042301229A6081F3A7
:10AC70001188BFF36F8FF8BD0233002070B5012338
:10AC800083400E4ABFF35B8FDC4352E8001F01EAAA
:10AC9000040542E80056002EF7D1BFF35B8F4FF456
:10ACA000803282400648C0F80823BFF35F8FBFF3AD
:10ACB0006F8F0B4214BF0120002070BD742B002049
:10ACC0000010014070B40E49D1E90034D01AC31805
:10ACD00044F1000422F07F46C1E90034A6F50013D8
:10ACE000B3F5400F09D2074B1B681A0A1B069C19C3
:10ACF000054B42F10005C3E9004570BC03F03EBBC3
:10AD0000281E0020782B0020301E002011B3BFF336
:10AD10005B8F0123104A834052E800CF4CEA030CBA
:10AD200042E800C10029F7D1BFF35B8F0B4A4FF413
:10AD300080338340C2F80433094BBFF35B8F1B6839
:10AD4000BFF35B8FC340DB0742BF064B4FF40032BB
:10AD5000C3F80021704700BF742B00200010014091
:10AD6000702B002000E100E00D4B1868010A00067E
:10AD7000BFF35F8F0B4BD3F80435181841F1000176
:10AD8000B3F5801F0AD2084BD3E90023904271EB40
:10AD9000030303D210F1807041F10001704700BF3E
:10ADA000782B002000100140301E00202DE9F04FCC
:10ADB00085B016461F469DF840A00446FFF75EFF8B
:10ADC0000190FFF7D1FFB04271EB070354D23E4B25
:10ADD000301A67EB0101984271F100014FD23B4BF1
:10ADE00003EB0413D3E902239F4208BF96425ED0CF
:10ADF00037494FF4803804F1500508FA04F8AD00E3
:10AE0000C1F848832046ADB207F0C8FF26F07F4B5B
:10AE100005F1804504F5A87305F58835DC464FF04B
:10AE200003090293029A2CF07F4341F82230C1F8C3
:10AE30004483D1F80435274A6FF00200C01A6044F9
:10AE400020F07F40904232D9286868B1D1F80435AB
:10AE50000393A3EB0B0020F07F40B0F5000F26D941
:10AE6000204607F09BFF039BBAF1000F07D109EBC7
:10AE7000030C09F10109D5E7BAF1000F09D06FF011
:10AE8000150520460199FFF741FF284605B0BDE8AA
:10AE9000F08F0123104ABFF35B8FA34052E8000FED
:10AEA000184342E800010029F8D1BFF35B8F07493E
:10AEB0000E98230101EB0412C8500F9B5360C2E9A6
:10AEC00002670025DDE700BF01008000181E00209A
:10AED00000100140FDFF7F00702B00207FB51C4C4F
:10AEE0001C4BC4F80833C4F848331B4B00254FF003
:10AEF000FF304FF0FF31C4F80855C3E902014FF4A9
:10AF00008033C4F80433154B02264FF4003201217C
:10AF1000C4F804631120C3F880212A46F8F7E0FB47
:10AF20001120F8F7ADFB0E4A0123A36023601360E4
:10AF30000C4B0D4A0093CDE9015500232846FFF73D
:10AF400035FF3046FEF7EAFF284604B070BD00BF6B
:10AF50000010014003000F00181E002000E100E077
:10AF6000742B0020C5AC0100FFFF7F002DE9F743E3
:10AF70002B4CD4F8043399070BD5D4F8043143B1E2
:10AF8000284A0023C4F80431D4F80431136801338B
:10AF90001360D4F80433DA0323D5BFF35B8F224B5D
:10AFA00053E8002F22F0010143E800100028F7D1F8
:10AFB000BFF35B8FD30702D4D4F840318BB10025A7
:10AFC000C4F84051D4F84031FFF7CEFEEFF31082C1
:10AFD00072B6164BD3E90267B042B94104D282F38C
:10AFE000108803B0BDE8F0834FF0FF384FF0FF3911
:10AFF000C3E90289D3E900101D604FF48033C4F81F
:10B000004833C4F84051D4F8403182F31088002905
:10B01000E7D0009032463B4628468847E1E700BF2C
:10B0200000100140782B0020702B0020181E0020FB
:10B030001FB5431C23D0012823DD134A134B904234
:10B04000D4BF04461C46FFF78FFE114B0F49D3E9CE
:10B050000023801AB0F5000F28BF002404448C425E
:10B0600028BF0C46A2180B4900914FF00000CDE913
:10B07000010043F10003FFF799FE04B010BD034C3B
:10B08000E1E70124DFE700BFFEFF7F00FFFF7F0055
:10B09000281E0020C5AC010008B5FFF765FE024B75
:10B0A0001B68C01A08BD00BF281E002002460B46C0
:10B0B000014802F031BA00BFC4080020014802F084
:10B0C000A5BA00BFC40800207FB5F7F79BFD074B6A
:10B0D0000593022304930648002304AA4FF48251E7
:10B0E000F7F774FE0020F8F771FF00BF7F760200CB
:10B0F0000844020098B500AF6C468AB06A460C4B13
:10B10000D161C2E905304FF400731384094B42F852
:10B11000103F094800234FF41151F7F757FEA54699
:10B12000404080F311884FF0030002DFBD4698BD18
:10B130009C76020004000001E043020038B504469A
:10B14000074883685D680A4635B100232146A84751
:10B1500020EAE070C0B238BD6FF08500F8E700BFAC
:10B160006C4102000149024808F0BDBA7C2B002066
:10B170009826002010B403460A46034881680C68EC
:10B180001946234610BC18476C410200B0B582B086
:10B19000354800AFFAF728FB3448E6F75DF9E6F7E3
:10B1A000CBF920B16FF085000837BD46B0BDE6F79A
:10B1B000F3F90028F6D1E6F7CFF90028F2D1E6F747
:10B1C000DBF90028EED1E6F7F7F904460028E9D1CB
:10B1D00001253A1D02213D71E6F7BAF80028E3DBAC
:10B1E00008233A1D07212046BB80E6F7B1F8002866
:10B1F000DADB1F4B7B603A1D03212046E6F7A8F8F7
:10B200000028D1DB3A1D042120463D71E6F7A0F865
:10B210000028C9DB1F233A1D06212046BB80E6F724
:10B2200097F80028C0DB40F2DA73984219DD6C46CB
:10B2300088B06A460F49D061C2E90513042342F879
:10B24000103F0D4800234FF40151F7F7BFFDA5460D
:10B25000404080F311884FF0040002DF6FF00B00D4
:10B26000A2E70020A0E700BFDC4D0200F5B001001E
:10B270001B1B0302C1760200E043020090B58DB0B3
:10B280003649374800AF08F001FA00F06DFD381D6F
:10B29000E6F750F86C4688B06A46324B5361324B41
:10B2A00093614FF400739383304B42F8103F304961
:10B2B00030483B1DF7F78AFDA5462F4807F0F8FFF9
:10B2C000034680B92D4AFA620222BA62294807F180
:10B2D00028024FF482516FF01204F7F777FD2046F1
:10B2E0003437BD4690BD264A07CA07F1180383E8E4
:10B2F00007001846E6F7A2F988B188B06A46214BE4
:10B30000C2E90530032342F8103F1A4800234FF4E6
:10B31000C251F7F75BFDA5466FF01504DFE74FF06C
:10B32000FF304FF0FF31FFF7C1FE04460028D6D1B1
:10B3300015491648E6F766F8044610B1FFF7BEFE59
:10B34000CDE741F64C5338463B60F1F757FF0028F4
:10B35000F4D0FFF7B3FE6FF08504C0E7512E020072
:10B360007C2B002066680200E376020003000001E7
:10B37000C01C4001E04302006C4102000A77020059
:10B38000F44402002A770200381E002065B1010053
:10B39000F0B589B04FF0FF3000AF4FF0FF31FFF74D
:10B3A00085FE40BB394DF91D284600F0ABFB044635
:10B3B000FFF784FEFCB9FE79042E33D128783E28AD
:10B3C0001CD0FF2821D04FF0FF324FF0FF33214631
:10B3D000F9F7A4F80646D8B95CB92D4BFB610223F6
:10B3E000BB612C48234607F118024FF48251F7F74E
:10B3F000EDFCFFF7B7FE2437BD46F0BDAB78022B5E
:10B40000E1D1002200230124E1E7AB78802BF7E7AC
:10B410006A781E4902320C3007F0DCFA3046FAF73F
:10B42000AFF9E6E7022E0CD14FF0FF324FF0FF33B9
:10B430000320F9F743F8044668B9174BC7E90663D8
:10B44000CFE7082E10D14FF0FF324FF0FF33052029
:10B45000F9F734F804466A882946043204F10C00EE
:10B4600007F0B8FA2046DAE76D4688B06A460B4B1B
:10B47000C2E90536032342F8103F064823464FF43D
:10B48000C251F7F7A3FCAD46B3E700BF052E00207D
:10B490004E770200E04302006877020081770200E5
:10B4A000F7B5874C068823780546002B40F02683A5
:10B4B00004238DF80730834B1F68B7B10DF10603E5
:10B4C0000DF10702611CB84701280ED09DF8063027
:10B4D000002B40F071819DF80730A3700E220123EC
:10B4E0006270E370A680A0716FE1B6F5105F4FEA5D
:10B4F00096230BD2002B00F0DE82013B072B08D8ED
:10B50000DFE803F009073481070707E63F2B00F067
:10B510002282012050E1284640F2064230F9033BE6
:10B5200093420ED040F21D42934213D0012040F2CC
:10B5300006439E4200F0738240F21D439E4247D173
:10B540006DE2F1F7C1FE42F226039E4204D942F2B7
:10B550003203F3E7F1F7BAFE42F20C039E42E6D95A
:10B56000A6F500530D3B584A9BB2ABE2284640F685
:10B57000634230F9033B934239D016DC40F6034274
:10B58000934228D040F62D42934227D040F6014204
:10B5900093421BD00F2363700423A3700123E37035
:10B5A0002371A4F80560237066E040F67B42934265
:10B5B00020D040F67C429342ECD19DF807304349BD
:10B5C00002338DF80730F1F713FE01E0F1F706FEC4
:10B5D000012880D19DE7E6F7CBF8F9E79DF8073021
:10B5E0003A4903338DF80730F1F7F6FDF0E7F1F74C
:10B5F000FAFDEDE79DF80730344904338DF8073044
:10B60000F1F7E8FDE4E72B88A3F58053013B082B15
:10B61000C0D801A252F823F03DB601004FB6010098
:10B620007FB6010095B5010095B5010095B5010003
:10B6300095B5010095B50100ADB601009DF8073044
:10B64000224808338DF80730F1F7FFFDC0E79DF879
:10B6500007301E4D403328468DF8073007F0FAFBBF
:10B660009DF80730A3700E22012362700022E37060
:10B67000A680A27105F8073C002003B0F0BD134A74
:10B680009DF80710A680002313605360A371E37A2E
:10B69000083123F060030E20A17043F06003012104
:10B6A0006070E170E37202F8071CE5E79DF807306F
:10B6B000064806338DF80730F1F7C5FD88E700BF6F
:10B6C0004B2E00208C2B002041120003522E002014
:10B6D000284642F24B0130F8033B1AB28A4254DC4E
:10B6E000B2F5005F5ADDA3F50053013B4A2B55D854
:10B6F000DFE813F056007800810054008B008E00C4
:10B7000091009A009D00A000540054005400540081
:10B71000A600AF00B200B50054005400B800C1004C
:10B72000C400CD005400D600DF00E80054005400EF
:10B73000540054005400F200FB00040107010A0108
:10B740005400540054005400540054005400540059
:10B750001001190122012501540054005400540025
:10B760005400540054005400540054005400540039
:10B770005400540054005400540054005400540029
:10B780005400540054005400280142F25E039A42CF
:10B7900000F0BD8042F27C039A424ED0012001E0CD
:10B7A000F1F785FD42F244039E4200F2968142F297
:10B7B00042039E427FF6C7AE0F2363700423A3703B
:10B7C0000123E0702371A4F805600123237042F285
:10B7D00083039E427FF450AF63780E2B7FF44CAF0F
:10B7E0000023E0E69DF80730B94803338DF80730B1
:10B7F000F1F73FFDD6E79DF80730B54808338DF8DF
:10B80000073007F062FB0020CCE7F1F757FDC9E7EE
:10B81000F1F745FDC6E79DF80730AD4801338DF8D7
:10B820000730F1F724FDBDE7F1F735FDBAE7F1F791
:10B8300047FDB7E7F1F731FDB4E7F1F734FDB1E7C4
:10B840009DF80730A24801338DF80730F1F715FD58
:10B85000A8E7F1F7FEFCA5E7F1F7F9FCA2E7F1F79D
:10B8600018FD9FE79DF80730994907338DF8073099
:10B87000F1F701FD96E7F1F706FD93E79DF8073034
:10B88000934910338DF80730F1F7E5FC8AE79DF80E
:10B8900007308F4808338DF80730F1F7E6FC81E771
:10B8A0009DF807308A4902338DF80730F1F7D9FC4B
:10B8B00078E79DF80730864902338DF80730F1F7B5
:10B8C000CCFC6FE79DF8073008338DF807308F23E5
:10B8D000E371C023E37296E79DF807307C49023399
:10B8E0008DF80730F1F7DDFC5CE79DF8073078480C
:10B8F00004338DF80730F1F7C8FC53E7F1F7E2FCA9
:10B9000050E700F061FA4DE707F0F9FA4AE707F06F
:10B91000F9FA47E79DF807306D4808338DF807308E
:10B92000F1F7ADFC3EE79DF80730694904338DF827
:10B930000730F1F7A6FC35E7F1F7B7FC32E7F1F78E
:10B94000BBFC2FE79DF80730614802338DF80730C4
:10B95000F1F79DFC26E728464FF60B4230F8033BF3
:10B96000934227D8B3F57C4F16D826F008034FF63C
:10B97000025293427FF4CDAD012050E0A3F57D4308
:10B980000C2B00F2B980DFE803F06F8184878A8D89
:10B99000B7B7B790B7B79300A3F57C43013B0A2B29
:10B9A00000F29A80DFE803F0111E98989854989856
:10B9B000424B570003F5407292B20C2A26F008025F
:10B9C000DCD94FF602539A42D4E79DF8073040483D
:10B9D0000C338DF80730E5F773FF26F008034FF6B8
:10B9E000025287E09DF8073040338DF80730384B1E
:10B9F00000221A80E37923F0230343F02303E37149
:10BA0000237A23F0070343F0070323724FF6025211
:10BA100026F0080393424FF000007FF45CAD0F2343
:10BA200063700423A370E0700123B9E59DF807302B
:10BA3000274817338DF80730E5F7F6FECDE79DF878
:10BA40000730234820338DF80730E5F7A5FEC4E71B
:10BA5000F1F7F7FBC1E79DF807301D4801338DF87A
:10BA60000730F1F7DAFBB8E79DF8073040338DF87F
:10BA70000730174B00211980E37923F03F0343F08F
:10BA80003F03E3714FF602539A42C4E7F1F7B8FB64
:10BA9000A3E7F1F7B1FBA0E7F1F7ACFB9DE7F1F706
:10BAA000B5FB9AE7F1F7AAFB97E7F1F7ABFB94E751
:10BAB000F1F7B1FB91E701208AE5A6F50153283B98
:10BAC000044A9BB222FA03F3DB077FF581AD73E6EC
:10BAD000522E00202F800020012042F285039E423A
:10BAE0003FF67BAF42F267039E42E6D826F00203A0
:10BAF00042F26402934222E501206EE74FF0FF30EC
:10BB0000BBE500BF38B5094C23780D461BB9BDE82D
:10BB10003840F1F74FBBA278611C023208F091FA6D
:10BB20000020042320702B7038BD00BF4B2E002056
:10BB300070B505460E46084C204607F0B9FB38B1F3
:10BB4000A368B2B2294620461B68BDE8704018477A
:10BB50006FF0120070BD00BF6C410200F8B5244BBD
:10BB6000244903F12002002808BF194600AF1046FF
:10BB700002F0E8FD044680B16D4688B06A461E4B6F
:10BB8000C2E90530032342F8103F1C4800234FF45C
:10BB9000C251F7F71BF91224AD464FF0FF324FF0B8
:10BBA000FF330120F8F78AFC00F10C06022105465C
:10BBB000304606F009FF3E23037022234370012123
:10BBC000304606F001FF092303702121304606F0BC
:10BBD000FBFE00F8014B34B12022FF2108F03FFAB0
:10BBE0002846BD46F8BD064907F07FF9F8E700BFD3
:10BBF000922E00202E780200F0770200D843020037
:10BC0000B22E0020F0B5424CBFF35B8F2368BFF328
:10BC10005B8F022B87B027465AD0042B5DD0012BB7
:10BC20005DD13C4C3C4E20212046FFF781FF00288F
:10BC300043D120223146204608F0C6F80028F2D031
:10BC40003648214602F06AFD05460028EBD14FF048
:10BC5000FF324FF0FF330120F8F730FC00F10C0603
:10BC600002210446304606F0AFFE3E230370422315
:10BC700043700121304606F0A7FE082303704121DE
:10BC8000304606F0A1FE064600F8015BBDB1402239
:10BC9000002108F0E4F9BFF35B8F002357E8002F81
:10BCA00047E800310029F9D1BFF35B8F6CB3204620
:10BCB00007B0BDE8F040F9F763BD1F25C7E7174996
:10BCC00007F013F9203106F1210007F00EF9E2E741
:10BCD0000020FFF743FF0446DDE70120F9E7104BA2
:10BCE00005930223049300230E4804AA4FF48451C1
:10BCF000F7F76CF8BFF35B8F002354E8002F44E89C
:10BD000000310029F9D1BFF35B8F07B0F0BD00BF50
:10BD1000A02B0020922E00202E780200B22E0020B0
:10BD200011780200D843020010B586B0102200211D
:10BD300001A808F094F90B4C059401238DF81130FB
:10BD40004FF0FF324FF0FF33012101A802F03CFC1D
:10BD5000204608F02EF8049B6FF394330493FFF70A
:10BD600051FFEDE7902B002010B588B00E4808F089
:10BD70001BF80E4C0E4900220023CDE906230023B8
:10BD80000A22CDE90323CDE9013300934FF4627217
:10BD9000084B204601F038FB0749204608B0BDE8B3
:10BDA000104007F03EBB00BF902B0020182600205B
:10BDB000C04A002029BD0100217802000148F8F79F
:10BDC0005BB900BF1826002008B50B4BBFF35B8F93
:10BDD000012253E8001F002903D143E80020002876
:10BDE000F7D1BFF35B8F05D10448002102F048FC76
:10BDF000002008BD0C20FCE7A02B0020902B002089
:10BE000010B50029114BBFF35B8F04460CBF022213
:10BE1000042253E8001F002903D143E80020002832
:10BE2000F7D1BFF35B8F0ED12146094807F05DF8CB
:10BE3000084804F1200107F058F80748002102F0F3
:10BE40001FFC002010BD0C20FCE700BFA02B002031
:10BE5000B22E0020D22E0020902B00200149024853
:10BE600007F041BCA42B00209826002037B53223D0
:10BE7000ADF80430104A00230125192168468DF8D9
:10BE80000630ADF800508DF80230F0F781FC044622
:10BE900070B901462A460820F7F722FC2A462146B7
:10BEA0000B20F7F71DFC2A4621462846F7F718FC19
:10BEB000204603B030BD00BFBDBE010098B500AF45
:10BEC0006C468AB06A460C4BD161C2E905304FF42A
:10BED00000731384094B42F8103F094800234FF4C4
:10BEE0001151F6F773FFA546404080F311884FF0DB
:10BEF000030002DFBD4698BD5A780200040000012D
:10BF00003844020037B50D4D0D49002400946FF000
:10BF100009034FF48062284601F06AFD094928466A
:10BF200007F07FFA0849094807F0B0FB22460421D0
:10BF30001920F7F7D5FB204603B030BD9826002026
:10BF4000C04E00206E7802002F2F0200A42B00208C
:10BF5000014B00201B681847B42B002020B101289A
:10BF600006D10448EFF786BD034B01201B68184734
:10BF7000704700BF51BF0100B42B0020014B186077
:10BF800001487047B42B00200000AD0B4FF0704308
:10BF900093F8E02F062A09D1D3F8E83FC3F303133F
:10BFA000033B042B02D8024AD05C70470020704744
:10BFB00091780200024AD2F80034002BFBD070477F
:10BFC00000E0014010B506F0E4FF40B14FF08053AF
:10BFD0008E4AD3F82433C3F30423C2F84035FFF765
:10BFE000D5FF10B18A4B8B4A5A6706F0D2FF48B191
:10BFF0004FF080534FF08042D3F84432C3F34233C2
:10C00000C2F83C35FFF7C2FF30B1834AD2F8FC30AA
:10C0100023F08073C2F8FC3006F0BBFF40B14FF054
:10C0200080430022C3F80C21C3F81021C3F838253F
:10C03000FFF7ACFF20B14FF080430322C3F8A025E7
:10C04000FFF7A4FF60B1754B0522C3F8102601224B
:10C05000C3F888260022C3F818263F22C3F8142606
:10C060004FF08053D3F83021511C09BF4FF070437B
:10C07000D3F8343193F8E02FD3F8E83F08BFC3F387
:10C080000313062A4DD1033B042B03D8644AD35C27
:10C09000002B46D04FF08052624BD2F80414C3F804
:10C0A0002015D2F80814C3F82415D2F80C14C3F8DC
:10C0B0002815D2F81014C3F82C15D2F81414C3F8AC
:10C0C0003015D2F81814C3F83415D2F81C14C3F87C
:10C0D0004015D2F82014C3F84415D2F82414C3F83C
:10C0E0004815D2F82814C3F84C15D2F82C14C3F80C
:10C0F0005015D2F83014C3F85415D2F83414C3F8DC
:10C100006015D2F83814C3F86415D2F83C14C3F89B
:10C110006815D2F84014C3F86C15D2F84424C3F85B
:10C12000702506F036FF48B14FF080534FF0804243
:10C13000D3F8583203F04F03C2F8E43E06F029FF6B
:10C1400048B14FF08043D3F80024D20744BF6FF0CA
:10C150000102C3F800244FF08053D3F83021062A9F
:10C1600026D1D3F83431033B042B02D82E4AD35CBA
:10C1700063B12E4AD2F83C3743F48063C2F83C37AF
:10C180004FF08053D3F83031062B11D14FF080534C
:10C19000D3F83431033B042B02D8254AD35C3BB19E
:10C1A0004FF01023D3F808224FF08043C3F85825EE
:10C1B0004FF01023D3F80022002A03DBD3F8043217
:10C1C000002B22DA1B4901234FF01020C1F804355F
:10C1D0001524FFF7EFFEC0F80042FFF7EBFEC0F8B2
:10C1E0000442FFF7E7FE0023C1F80435FFF7E2FE43
:10C1F000BFF34F8F0849104BCA6802F4E062134343
:10C20000CB60BFF34F8F00BFFDE710BD0030014092
:10C2100000C007400DF0ADBA00ED00E00050004056
:10C220008C78020000C000408778020000100040B7
:10C230008278020000E001400400FA0530B504688D
:10C24000CCB1BFF35B8FB4FA84F3C3F11F03DBB24D
:10C2500001229A4024EA020250E8005FA54204D17C
:10C2600040E8002CBCF1000FF6D1BFF35B8FE6D1A4
:10C2700002480B7030BD0248FCE700BF0000AD0B68
:10C280000200AD0B10B50368CB40DB0714D40123CB
:10C290008B400268BFF35B8F43EA020150E8004F16
:10C2A000944204D140E8001CBCF1000FF6D1BFF36A
:10C2B0005B8FEED1014810BD0148FCE70000AD0BDB
:10C2C0000400AD0B014BC3F80405704700F00140BA
:10C2D000C0B2034B083033F81000C0F34010704771
:10C2E000B0060020C0B2034B083033F81000C0F392
:10C2F00040007047B0060020C0B2034B083033F84E
:10C300001000400B704700BFB006002070B500F170
:10C3100008030C4C34F81330DA0505460E4607D5F1
:10C32000C3F3432304EBC30254F8333052689847F5
:10C33000A3682BB1E26831462846BDE87040184733
:10C3400070BD00BFB006002010B4C0B2114A083062
:10C3500032F81030D9051BD5C3F3432123F4F85329
:10C3600022F8103002F10E04002034F8023F13F4DA
:10C37000807F03D0C3F34323994209D001302028A2
:10C38000F3D1002342F83130034810BCFFF77ABFE5
:10C3900010BC7047B006002004070020F0B501462D
:10C3A000104A114C00200125064602F14043A3F536
:10C3B000C2439B0805FA03F3194204D0176817B16A
:10C3C0001660176818430432A242EED1074BD3F827
:10C3D0007C2132B10022C3F87C21D3F87C3140F0BB
:10C3E0000040F0BD0061004020610040006000405E
:10C3F000F0B5044685B017461D4601B3FFF772FF3E
:10C4000018B12046FFF764FF08BB0023CDE90033D5
:10C410008DF80E308DF80F300DF10F020B462046CF
:10C420000DF10E0106F0DAFDE3B24449083331F8AC
:10C43000132022F0020242F0010221F8132057B328
:10C4400020463E787A68FFF74DFF10B1C2B13C48F4
:10C4500023E0E3B2DFF8E4C008333CF8131021F026
:10C460002001C904C90C2CF813104AB1032EEED8D0
:10C470007A6817789EB9334B07F5A27743F827609F
:10C48000E3B22E49083331F8132022F01C0242EAAD
:10C49000860221F813203DBB2B4805B0F0BDBA0041
:10C4A00002F1804202F5C04241EA4731D2F810055C
:10C4B00020F00300C2F81005D2F8100520F4473030
:10C4C00020F44070C2F81005D2F810E5200200F404
:10C4D000F85040EA0E0040EA064041F020012CF8F6
:10C4E0001310C2F81005CBE7D5E900672046FFF727
:10C4F0002BFF002ED0D0114DD5E90023964201D15B
:10C500009F4219D011480DF10F01FFF797FE0E4B16
:10C510009842C2D19DF80F2045F83260E4B205EB95
:10C52000C20308345F6035F8143043EA422343F411
:10C53000807325F81430AFE70022EDE7B006002045
:10C540000400AD0B006000400000AD0B04070020AC
:10C55000F0B5044685B0164629B3FFF7C3FE20B9EF
:10C560002046FFF7B5FE00285FD1E5B2304F083511
:10C5700037F8153013F01C0F02D04B78012B54D034
:10C5800001238DF80F300023CDE900134A1C8B1CCA
:10C5900020460DF10F0106F021FD37F8153043F06C
:10C5A000030327F8153016B9224805B0F0BD204620
:10C5B000FFF798FEC8B3E5B21D4F96F800C00835E6
:10C5C000614637F81500890020F0200001F1804114
:10C5D000C00401F5C041C00C27F815000023C1F8C4
:10C5E00010357278002ADFD0D1F81035B67823F4F0
:10C5F000981323F4F853C1F8103512042302D1F82C
:10C6000010E502F4403203F4F8531343320543EAD1
:10C610000E0302F4801240EA4C30134340F0200035
:10C6200027F81500C1F81035BEE70348BDE700BF85
:10C63000B00600200000AD0B0400AD0B014BC3E9B8
:10C6400002017047B006002008B50246FFF740FE21
:10C6500040B1D2B2044B0548083233F812305B0BBC
:10C660000B7008BD0248FCE7B00600200000AD0BCF
:10C670000400AD0B70B50F4C94F85860BEB90E4D68
:10C680004022314604F1100007F0E9FCC5F87C6156
:10C690000620D5F87C31F6F7F3FF4FF00043C5F8DC
:10C6A00004330648012384F85830636570BD04489C
:10C6B000FCE700BFB0060020006000400000AD0BAA
:10C6C0000500AD0B034B93F85800003818BF01204C
:10C6D000704700BFB006002001460148FFF7D2BDF9
:10C6E0000007002001460148FFF7A8BD0007002011
:10C6F00037B50446FFF7ECFD08B32046FFF7F2FD1F
:10C700000546E0B92046FFF7F7FD03B29B0003F1B1
:10C71000804202F5C24203F1804303F5C043156035
:10C720001268D3F8102542F00102C3F8102521B198
:10C73000134A01238340C2F8043303B030BDE3B28F
:10C74000104A083332F81330C3F38203042B12D09B
:10C75000052B12D001A8019406F036FC019BD0F8FD
:10C760001015D94001F001010231204603B0BDE8A7
:10C77000304006F07CBC0321F7E70221F5E700BF5B
:10C7800000600040B006002008B50246FFF7A0FD9B
:10C79000C0B11046FFF7A6FDA0B91046FFF7ACFDEB
:10C7A0000B4A01238340C2F8083303B29B0003F114
:10C7B000804303F5C043D3F8102522F00302C3F8E9
:10C7C000102508BDBDE808400021104606F04FBC0A
:10C7D0000060004073B5C5B2174E0835044636F800
:10C7E0001530DB0726D5FFF7CFFF2046FFF770FD9A
:10C7F00040B12046FFF780FD104B00F5A2700022EB
:10C8000043F820202046FFF79FFD002301A826F8CB
:10C810001530019406F0D8FB019B00EB8300084B18
:10C82000D0F80027134043F00203C0F80037054852
:10C8300002B070BD0448FBE7B00600200060004075
:10C84000F0F8FCFF0000AD0B0400AD0B2DE9F34741
:10C85000534BD3F80403C0B240F00040FFF79EFDF5
:10C86000051E1ADA4FF0A043DFF83881D3F82025EF
:10C870000092C3F820250127009CA4B94FF0004086
:10C88000FFF78CFD4FF0A042D2F820350093C2F89C
:10C890002035002BEFD125F000450124002D66D175
:10C8A00002B0BDE8F08794FAA4F4B4FA84F4E00886
:10C8B00004F1080304F0070238F813901DF8003063
:10C8C000019407FA02F223EA02030DF8003001A8EE
:10C8D00006F07AFB019B03F5E0734FEA990150F8EB
:10C8E0002360C9F3820A4B07D146C6F3014623D51C
:10C8F00020465146FFF70AFD01A8019406F064FBAB
:10C90000019B03F5E073F6B250F82330C3F3014303
:10C910009E4207D10021204606F0A9FB3146204661
:10C9200006F0A5FB01A8019406F04EFB019B07FA57
:10C9300003F3C0F820359FE7022E0CD103212046D7
:10C9400006F095FB0AF00503012BEBD14946204682
:10C95000FFF7DCFCE6E70221204606F088FBBAF18F
:10C96000030FF3D0032EDDD1BAF1020FEDE795FAF4
:10C97000A5F3B3FA83F304FA03F29B0003F18043B7
:10C9800003F5C04325EA0205D3F81005D3F81015C6
:10C99000C0F30420C1F30141FFF7B8FC7EE700BFFC
:10C9A00000600040B006002001460148FFF746BC89
:10C9B0000C070020CB7B10B433B9D1E900420368E7
:10C9C000C3F80845C3F80C2503688A68C3F8242512
:10C9D00003793C225343054AD3582BB1006810BC5D
:10C9E00040F30730F6F74CBE10BC7047B82B002060
:10C9F00013B53B4B01930023C0F80431D0F8042158
:10CA0000C0F82431D0F82421C0F81C31D0F81C2102
:10CA1000C0F80831D0F80821C0F800324B6381F823
:10CA20002F300123036291F82D209A4218BF8360B2
:10CA30004B6B8A6A934204460ED24A6AD35CC0F8B2
:10CA40001C350B6803B340F286238B608B68254846
:10CA5000C4F8043302B010BD91F82C3013B1012397
:10CA6000C361EEE70B6A13F0400F4FF0010316BFEE
:10CA7000C361436181F82D30E3E7204606F006FBF1
:10CA800028B1019B013B0193019B002BF5DC91F840
:10CA90002F305BB91348019B002BDBDC0023C4F86B
:10CAA000003505231048C4F80035D3E7D4F8C43462
:10CAB000C4F8C4348BB10D4A0B4813F0010F18BFF2
:10CAC000104613F0020F02F1010218BF104613F0D6
:10CAD000040F074B18BF1846DDE70348DBE700BF2C
:10CAE000A08601000000AD0B0100AD0B0000AE0BF5
:10CAF0000200AE0B13B5334B01930023C0F8043191
:10CB0000D0F80421C0F82431D0F82421C0F81C3119
:10CB1000D0F81C21C0F80831D0F808214B6381F807
:10CB20002F308B6A012B044617D10B6A5B0614D495
:10CB30000223C4F800320123236291F82D20022A37
:10CB400018BF23600B688BB140F286238B608B6823
:10CB50001D48C4F8043302B010BD0123E9E72046A4
:10CB600006F094FA28B1019B013B0193019B002B35
:10CB7000F5DC91F82F305BB91348019B002BEADC00
:10CB80000023C4F8003505231048C4F80035E2E757
:10CB9000D4F8C434C4F8C4348BB10D4A0B4813F034
:10CBA000010F18BF104613F0020F02F1010218BF67
:10CBB000104613F0040F074B18BF1846DDE7034873
:10CBC000DBE700BFA08601000000AD0B0100AD0B4C
:10CBD0000000AE0B0200AE0BF8B506792A4D4FF0FF
:10CBE0003C0C0CFB06FC05EB0C0494F82E70002F9B
:10CBF0003DD1A76045F80C20636084F82D7084F85F
:10CC0000317084F8307051B34B7B84F838308F7BAF
:10CC100084F839700FBB0A6802F01F03520928D14B
:10CC20009B0003F1A043DFF864C0D3F8004740F253
:10CC30000C6704EA0C043C43C3F800474C6804F05A
:10CC40001F0364091AD19B0003F1A043D3F8002706
:10CC500002EA0C023A43C3F80027FFF7ABFE3C237D
:10CC600003FB06550A48012385F82E30F8BD094814
:10CC7000FCE703F5E07357F82330FFDE03F5E073BC
:10CC800052F82330F9E700BFB82B0020F0F8FCFF82
:10CC90000000AD0B0500AD0B036802790521C3F858
:10CCA0000015044B3C2101FB0233022283F82E20A5
:10CCB000704700BFB82B002003680B4A0179C3F806
:10CCC0000823D3F8002222F00302C3F80022002236
:10CCD000C3F80025054B3C2000FB0133012183F8FC
:10CCE0002E1083F83020704786420400B82B0020B5
:10CCF0002DE9F047314F0479D0F800903C2303FB35
:10CD000004730D4693F82D30012B944604D10B7813
:10CD1000012B06D12A4811E0022B02D10B78012BFE
:10CD2000F8D13C26274BC9F8083306FB047696F861
:10CD300030302BB1B3682448C9F80433BDE8F0871C
:10CD40008CF00403C3F3800386F83030C6F820C0AB
:10CD5000A846B8E80F0006F10C0EAEE80F00D8F8B0
:10CD60000030CEF800306B68B362EB6873626B78AA
:10CD7000C9F888352B78C4EB041A012B07EB8A0A13
:10CD800017D09BB9CCF3401C3C2303FB04735146E2
:10CD9000484683F82CC0FFF72BFE3C235C433A192E
:10CDA0003B59002BCAD182F83030C7E74FF0010C55
:10CDB000EAE751464846FFF79DFEEEE7B82B002014
:10CDC0000500AD0B864204000B00AD0B0149024883
:10CDD00006F0F4B9B82B00200030004002494FF0B3
:10CDE000402006F0EBB900BFF42B0020F7B5064653
:10CDF00006F045FA084606F042FA01A8019606F048
:10CE000034FA019B2E4D00EB83000C46D0F800371E
:10CE1000019440F20D612B400B43C0F8003701A88C
:10CE200006F023FA019B00EB83000127D0F80037BE
:10CE30002B400B43C0F80037042006F0B9F8092551
:10CE400001A8019406F011FA019AD0F81035D340E8
:10CE5000DB0715D401A8019606F007FA019B07FA33
:10CE600003F3C0F80C35042006F0A2F8304606F0B3
:10CE700006FA013D042006F09BF815F0FF05DFD10E
:10CE800001A8019406F0F1F9019A01239340C0F83A
:10CE90000C35042006F08CF8204606F0F0F904204A
:10CEA00006F086F801A8019406F0DFF9019AD0F89F
:10CEB00010350448D34003F00103C01A03B0F0BD9D
:10CEC000F0F8FCFF0100AD0B08B5124BA8220021C1
:10CED000184607F0C4F8032202610F4942610F4A65
:10CEE0008161C2614FF4806202620022826242620A
:10CEF000C26201660A4941661021816609490267DA
:10CF00000346C266426711F8010D98540132102A97
:10CF1000F9D108BD302C0020B4780200022F002087
:10CF2000F22E0020CD7802002DE9F84FDFF87C804A
:10CF3000182606FB008E00FB06664644DEF82440F9
:10CF4000DEF828C07368A44507468946154603EBFA
:10CF5000040022D8DEF820B0ABEB040A0AF1FF335C
:10CF60009A4203D807F06DF82C440FE063449A42CC
:10CF700019D852462C4407F064F8B4EB0B0405D0E2
:10CF80007068224609EB0A0107F05BF8182303FBDF
:10CF9000078301205C62BDE8F88F0CF1FF3CACEB2D
:10CFA000040C9445DED20020F5E700BF302C0020B1
:10CFB000034B182202FB00339A6A586A801A7047A2
:10CFC000302C002003484FF0FF324FF0FF3300F0C9
:10CFD000A3BA00BFD8080020014800F017BB00BF6B
:10CFE000D80800202DE9F04786B0044600AF0D4672
:10CFF0004FF04003EFF3118883F31288BFF36F8F74
:10D0000007F03EF82D4B042C1E5896BF2C4B2D4B91
:10D0100053F82430E9468AB06A462B49D36140F27E
:10D02000013393844FF0000A284BC2F820A0C2E9D4
:10D03000051442F8103F264853464FF43151F5F796
:10D04000C5FECD467DB1EB69C3F308035BB1214B4F
:10D050007B6102233B611E48534607F110024FF4E7
:10D060008251F5F7B3FE2EB1304606F0DDF908B176
:10D07000037803B91848E9468AB06A46174BD0616D
:10D08000C2E9053640F201331384154B42F8103FD4
:10D0900000230F484FF41151F5F798FE2946CD466D
:10D0A0002046FEF711F888F31188BFF36F8F3046E2
:10D0B000F6F7E2FF1837BD46BDE8F087080000002C
:10D0C000F84D0200CE780200DC7802000500000175
:10D0D0005844020004790200D1630200257902005D
:10D0E00004000001104B70B553F82040013053F894
:10D0F0002060A64200D870BDD4E9003595B153B187
:10D100002846984738B10028B8BF4042EB68FF284E
:10D11000A8BFFF201870EA68537843F001035370EA
:10D120000834E6E79847FBE70C4E020008B50A4BC7
:10D13000012203201A70FFF7D5FF01F0E9FA04205D
:10D14000FFF7D0FF00F08CF9F4F748FA034A137B9D
:10D1500023F00103137308BD02330020B827002019
:10D1600008B50348034A0021121A06F0ACF808BDBE
:10D17000400A00200433002070B5002386B001224D
:10D18000CDE90423194E1A4D01930F22CDE9023245
:10D190001849142303FB005506EBC01604464FF450
:10D1A000C070154B00954FF4A07200FB041130467F
:10D1B00000F0EAF8737B114AEE6023F00403737306
:10D1C0004FF4046304FB033313446B600C4B2C7467
:10D1D000BFF35B8F53E8001F013143E80012002AC0
:10D1E000F8D1BFF35B8F06B070BD00BF38270020B9
:10D1F000DC2C0020405B0020313402000053002072
:10D20000D82C002080B50020A6B0FFF76BFF2E4B76
:10D2100083F308882D4D2E4E6B692E4F43F4007317
:10D220006B61E02385F8223000242023EB772C76F5
:10D230006C76AC7685F820406B6A43F4E0236B6231
:10D2400085F82340F6F77AFEF6F794F94FF0FF33AE
:10D25000AB62EB62F6F7E0FFF6F724FFF5F73EFC72
:10D2600040F20113ADF8243006ABB360CDE91F44A2
:10D27000229406F01CF80120FFF734FF0220164D1F
:10D28000FFF730FF00F088FE144B75610593012312
:10D2900013490094CDE903434FF400623B46CDE9C6
:10D2A0000144284600F070F86A7B064622F004022A
:10D2B00028466A7306F0C4FA2046FFF75DFF3A4637
:10D2C00031462846F6F7D4FA405B002000ED00E036
:10D2D000DC2C00202DD10100B82700208779020026
:10D2E000C05C002038B5064C064DAC4201D300208E
:10D2F00038BDD4E90112204605F0E9FF1434F4E703
:10D30000C4080020C408002038B5064C064D002093
:10D31000AC4200D338BD204606F041F80028F9DBC6
:10D320001C34F5E770080020C408002073B50C46D3
:10D330004FF04005EFF3118185F31288BFF36F8F33
:10D3400045695DB125602B68436183690133836161
:10D35000002081F31188BFF36F8F11E052EA0306BA
:10D3600003D125606FF00B00F3E7CDE900230246FF
:10D37000083000F01BFD18B9024B9B685B69236005
:10D3800002B070BDDC2C00202DE9F04385B00732DF
:10D39000994600F1580322F00706C0E91633109BA6
:10D3A000037306F140050423002743730D440F9BCC
:10D3B00083738846C0E9067729468760C7730446A9
:10D3C000F6F786FA08F140030730C4E9193620F071
:10D3D00007000E9BE06602930D9B01932D1A0C9B98
:10D3E00000932A464B4641462046F6F70FFA054B76
:10D3F00067659B6803B11B6F2367284605B0BDE8CE
:10D40000F08300BFDC2C0020F0B587B00025059527
:10D41000109D04950F9D03950E9D0295DDE91276F2
:10D420000D9D01950C9D00950446FFF7ADFFB6F1EB
:10D43000FF3F08BFB7F1FF3F05D056EA070305D10C
:10D44000204600F029FD204607B0F0BD03493A46CA
:10D45000334604F1180000F01BFFF4E7C93802005E
:10D460002DE9F043294C2A4D87B02646AE4204F1FF
:10D470002C040FD300F060FD244CDFF898904FF49B
:10D48000004640F2E737AC4220D307B0BDE8F04396
:10D4900000F066BD54F8043C059354F80C3C04932A
:10D4A00054F8103C039354F8143C029354F8183C7D
:10D4B000019354F81C3C009354E9092354E90B01EF
:10D4C000FFF762FF54F82C3C5E65CEE7636A5A1C96
:10D4D0000DD023EAE37300213846C3FB060151EA6D
:10D4E000C333D4F8008004D1404600F0D5FC2C347E
:10D4F000C9E74FF47A720023E3F7AAFB02460B4612
:10D5000008F11800494600F0C3FEF0E708430200A6
:10D5100034430200C93802002DE9F341044617469E
:10D520001E464FF04003EFF3118883F31288BFF3D8
:10D530006F8FC368334A7BB180689168884219D085
:10D5400057EA060318D188F31188BFF36F8F6FF085
:10D550000F0002B0BDE8F081916891F90E102161D1
:10D560000133E3609368A36088F31188BFF36F8F82
:10D570000020EEE72169F2E791F90E1090F90E30E4
:10D580009942A8BF19466FF07E029142B8BF11467A
:10D590008B422EDD05F058FF0546CDE900761A488E
:10D5A0002246414600F002FC0028E1D04FF0400343
:10D5B000EFF3118683F31288BFF36F8FA068D0B1A9
:10D5C000236821699C420AD04BB193F90E309942ED
:10D5D000A8BF19466FF07E039942B8BF194605F0FF
:10D5E00033FF40B10848314600F044FC6FF00A00B8
:10D5F000AFE70025D1E7002DF4D186F31188BFF302
:10D600006F8FF3E7DC2C00200333002038B58368EC
:10D6100004466BB3194A926893422CD1C368012B1C
:10D6200003D9013BC360002038BD4FF04003EFF346
:10D63000118583F31288BFF36F8F0169806805F04D
:10D6400003FF204606F05BF9A06058B190F90E2068
:10D6500022610022C26706F0F3F80948294600F06B
:10D6600009FCE0E7E06085F31188BFF36F8FDAE72C
:10D670006FF01500D8E74FF0FF30D5E7DC2C002025
:10D680000333002037B511464FF04002EFF3118508
:10D6900082F31288BFF36F8F04689CB123684268DD
:10D6A00023F003039442036008BF43600121204636
:10D6B00005F038FF044685F31188BFF36F8F2046CD
:10D6C00003B030BD51EA0302F5D000F10802CDE904
:10D6D00000131046294600F069FB0028EFD1024BE9
:10D6E0009B685C69EBE700BFDC2C002038B5044682
:10D6F0004FF04003EFF3118583F31288BFF36F8F70
:10D7000006F0FDF848B10022C26706F099F82946F4
:10D710000848BDE8384000F0ADBBD4E902329A4277
:10D7200018BF0133A360022104F1100006F02EFBA4
:10D73000EDE700BF0333002013B54FF04004EFF3D3
:10D74000118184F31288BFF36F8F846844B1013C68
:10D75000846081F31188BFF36F8F002002B010BD89
:10D7600052EA030406D181F31188BFF36F8F6FF083
:10D770000F00F3E7CDE900230246024800F016FB54
:10D78000ECE700BF033300201FB5094B029302AB47
:10D7900000240093074908488DF80C404FF0FF33F0
:10D7A0004FF4006200F024F9204604B010BD00BF21
:10D7B0008F79020000650020382800202DE9F04F05
:10D7C0004A4E85B004464FF0FF384FF0FF394FF016
:10D7D0004003EFF3118783F31288BFF36F8FD4F800
:10D7E00080508DB9022104F1980005F0DCFE00287C
:10D7F00043D10023CDE90089029304F18802394620
:10D800003B4800F0D3FCE2E7D4F884202B68C4F84E
:10D810008030954208BFC4F88430D4F8983043F083
:10D820000203C4F89830EB6823F0040343F00103CB
:10D83000EB606B6887F31188BFF36F8F28469847BA
:10D840004FF04003EFF3118B83F31288BFF36F8F18
:10D85000EB68990723F0010219D4EA60D4F89830F4
:10D8600023F00203C4F898308BF31188BFF36F8F55
:10D87000DB05ACD400F098FBA9E704F19005002289
:10D880000121284606F095F80028F8D1B1E7306864
:10D8900023F00303EB600028E0D00027D0F800A0BD
:10D8A0003B460028DAD04268954201460CD1016817
:10D8B0009FB972683160824200D1716040F8083BC4
:10D8C000FFF714FF39460023BAF1000F0BD0DAF846
:10D8D000002050460F469246E3E739607268824264
:10D8E00008BF7760EAE75246F3E700BFFC2C002050
:10D8F0000333002070B5C368C3F340069B07054699
:10D900000C460DD50122002104F1080005F03BFE74
:10D9100000232360054B65605A681AB9C3E90044C7
:10D92000304670BD14605C60FAE700BFFC2C00203C
:10D93000F8B5C3689A0704460F46C3F340062CD4D3
:10D940005B071AD40B680BB983680B60E368DD07CB
:10D9500044BFA3683B603D684CBF02260126002DF2
:10D960003AD01F4B9B68AB420AD0D5F89830D80705
:10D97000C3F3800214D46FF0120600233B6025E04D
:10D9800005F049FDD5F898300028F0D1D907C3F348
:10D99000C002F0D552B15B0708D46FF00F06ECE778
:10D9A000002AFAD1C3F3C003002BF6D10023236071
:10D9B000D5F8843063B9C5E92044284605F00DFE4A
:10D9C000E36843F00403E3603B68A3603046F8BDBE
:10D9D0001C60C5F88440F0E76FF01506CDE700BF86
:10D9E000DC2C00200146014805F07DBE38280020CF
:10D9F000F0B589B004460020C4E920000E9D04F172
:10DA00008800C4E9220004F19000C4E924001DB399
:10DA10002879002840F2011008BF0120C4F89800BE
:10DA200000204FF0FF364FF0FF37CDE90330CDE94E
:10DA30000100CDE90667094B00942046FFF7E4FC9E
:10DA400025B1296811B1204605F0EBFC204609B04C
:10DA5000BDE8F04005F0EABC0120DFE7BDD70100DA
:10DA600037B5019008464FF04001EFF3118481F380
:10DA70001288BFF36F8FC16811F00E0F16D153EAF1
:10DA8000020508D101A9FFF753FF84F31188BFF302
:10DA90006F8F03B030BD41F00801C1600199816210
:10DAA0001030034900F0F4FB0120EEE70020ECE722
:10DAB0004F36020001460148FFF7D2BF3828002048
:10DAC000F7B50C46019016461D464FF04003EFF3A4
:10DAD000118783F31288BFF36F8F084605F06EFD40
:10DAE00055EA060309D101A92046FFF721FF87F374
:10DAF0001188BFF36F8F03B0F0BDE368064943F0B0
:10DB00000803E360019BA36204F1100032462B4638
:10DB100000F0BEFB0120EAE74F3602000146014853
:10DB2000FFF7CEBF38280020C3897F2B12D80A4BBD
:10DB30001B6863B1094B90F90E201B689A4209DB00
:10DB4000437BDB0606D1064BC31A18BF012303F043
:10DB5000010070470023FAE70C2D0020082D00205B
:10DB600038270020044BC01A044BC0105843044B04
:10DB700001221A54704700BFD8280020ABAAAAAAD5
:10DB80000333002070B50E4B0E4C1E7C06EB460393
:10DB900004EBC3040546204605F02EFF0A4B002285
:10DBA00028469A55FFF7C0FF48B1084B08491A6844
:10DBB000013A2046D317BDE8704000F069BB70BD44
:10DBC000DC2C0020D8280020033300200C2D00205E
:10DBD00065DB010038B50D4D2B4653F8184F9C42BC
:10DBE00000D004B9EC68AB6838B95A7BD20604D1CE
:10DBF000A26912B9DA897F2A05D89C4202D0204650
:10DC0000FFF7C0FF23466B6138BD00BFDC2C00204E
:10DC100070B590F90D20437B002A014604DA03F029
:10DC20007F03437305F0C9FD4B7B154A63F07F0307
:10DC300010464B7350F8183FD469834208BF002345
:10DC400023B9C1E900042160D1610CE091F90E50C3
:10DC500093F90E60B5420ED0AE420CDD5868C1E9B2
:10DC60000030016059609068431A5842BDE8704026
:10DC70005841FFF7AFBF9C42E3D01B68E0E700BF0D
:10DC8000DC2C002070B490F90D30427B002B29DB96
:10DC9000D30627D183692BBB134962F07F024273FD
:10DCA0000A4652F8184F944218BF2346CC6923B94C
:10DCB000C0E900242060C8610CE090F90E5093F98F
:10DCC0000E60B5420AD0AE4208DD5A68C0E90032A3
:10DCD0001060586070BC0020FFF77CBFA342E7D003
:10DCE0001B68E4E770BC7047DC2C002008B590F995
:10DCF0000D20437B002A014604DA03F07F034373BF
:10DD000005F05BFD044B9868431A58425841BDE842
:10DD10000840FFF75FBF00BFDC2C002070B5154640
:10DD20001C46064605F064FDB4F1FF3F08BFB5F19F
:10DD3000FF3F08D02A46234606F118000249BDE8F5
:10DD4000704000F0A5BA70BDC938020038B54FF078
:10DD50004003EFF3118583F31288BFF36F8F104BED
:10DD6000104A9C681068A04206D1FFF70BFF85F3AC
:10DD70001188BFF36F8F38BD00211B7C11600A4AE8
:10DD8000D35C002BF3D02046FFF7CEFE0028EED068
:10DD9000637BDB0602D12046FFF73AFF2046E4E72B
:10DDA000DC2C0020042D00200333002070B50C482B
:10DDB0000C4D86682E600C461146DDE904234FF0B9
:10DDC0004006EFF3118586F31288BFF36F8F8068EA
:10DDD000FFF7A4FF2046BDE87040F5F7BBBC00BFCD
:10DDE000DC2C0020042D0020F8B504464FF0400341
:10DDF000EFF3118683F31288BFF36F8F437BDA064C
:10DE000049B219D18569BDB903F07F03437305F0A9
:10DE1000D4FC437B164A817363F07F03437313463C
:10DE200053F8180F984218BF0546D0695DB9C4E988
:10DE300000300460D46111E0A173002086F31188E2
:10DE4000BFF36F8FF8BD95F90E70B9420BD08F42BA
:10DE500009DD6B68C4E900531C606C600120FFF7AA
:10DE6000B9FE0120EAE7A842E1D02D68DEE700BF55
:10DE7000DC2C002049B9EFF3058030B9054B5A6915
:10DE80009B689A4201D0F5F765BC81F31188BFF316
:10DE90006F8F7047DC2C002010B54FF04002EFF37D
:10DEA000118482F31288BFF36F8F427B510704D431
:10DEB00084F31188BFF36F8F10BD22F00402427308
:10DEC000FFF7E0FE21460248BDE81040FFF7D2BF51
:10DED0000433002070B50446183005F08DFD4FF076
:10DEE0004003EFF3118683F31288BFF36F8F94F929
:10DEF0000D20637B002A05DA03F07F03637320465D
:10DF000005F05BFC0B4D637BA86843F01003637363
:10DF1000031B58425841FFF75DFE86F31188BFF39B
:10DF20006F8FAB68A34203D1BDE8704005F027BDF9
:10DF300070BD00BFDC2C00204FF04003EFF31181D7
:10DF400083F31288BFF36F8F044B9A68D37B013B36
:10DF5000D37381F31188BFF36F8F7047DC2C0020DF
:10DF600010B54FF04003EFF3118483F31288BFF331
:10DF70006F8F084B9A68D37B0133D3730020FFF770
:10DF800029FE84F31188BFF36F8FBDE8104005F0C0
:10DF9000F6BC00BFDC2C0020024B03F11802C3E9E1
:10DFA00006227047DC2C0020F8B54FF04003EFF359
:10DFB000118583F31288BFF36F8F19498868437BFB
:10DFC00003F07F03437305F0F8FB8B685A7B084628
:10DFD00062F07F025A7350F8182FCC69824208BF52
:10DFE000002222B9C3E900042360CB610CE093F95D
:10DFF0000E6092F90E70BE420ED0B7420CDD516831
:10E00000C3E900210B6053600120FFF7E3FD2846C0
:10E01000BDE8F840F5F79EBBA242E3D01268E0E706
:10E02000DC2C002050EA01032DE9F04105460E46A4
:10E0300003D1FFF7B9FF00202CE0831C71F1FF33FF
:10E040002ADB05F0EFFC2C184FF04003EFF31188AA
:10E0500083F31288BFF36F8F114F124BB8681860AB
:10E06000FFF744FEB86810492A463346183000F0DE
:10E070000FF9BA68537B43F0100353734046F5F72A
:10E0800069FB05F0CFFC201A63EB0303012873F151
:10E090000003D0DBBDE8F0816FF00104241AD3E760
:10E0A000DC2C0020042D0020C9380200B1F1FF3F14
:10E0B00008BFB0F1FF3F08B506D1084B9868FFF7DD
:10E0C00009FF4FF0FF3008BDFFF7ACFF4FF47A7344
:10E0D00080FB0303C00B40EA4340F4E7DC2C002044
:10E0E000014B9868704700BFDC2C00202DE9F041FF
:10E0F00004464FF04003EFF3118683F31288BFF319
:10E100006F8F037BD9070BD586F31188BFF36F8F11
:10E11000404080F311884FF0040002DFBDE8F08139
:10E12000437B1A0704D586F31188BFF36F8FF5E799
:10E1300023F0200242F00801D20920D14173A368E4
:10E1400013B1204605F041FB04F1180005F054FC22
:10E1500004F158074FF00008A56DBD4200D0B5B9D5
:10E160000120FFF737FD104B9B68A342DBD1EFF393
:10E170000583002BD7D13046F5F7ECFAD3E703F04F
:10E180005F0343F00803437305F017FBD7E7284606
:10E1900005F01BFB05F1180005F02EFCC5F87C808E
:10E1A0002846FFF76FFDD7E7DC2C0020D3B5DDE96B
:10E1B0000667089CCDE90067FFF7F8FD1CB1034B2B
:10E1C0009B685B69236002B0D0BD00BFDC2C0020DF
:10E1D00008B50648064A0749121A05F076F8BDE860
:10E1E0000840054A0549064805F06FB800000020C0
:10E1F0003C0A0020CC7A020000000000CC7A020029
:10E2000000000020034B1B680BB9FCF745BF002042
:10E21000704700BF102D002010B50E4B1C689C42AB
:10E2200004D1FFF7EFFF6FF0004010BDFFF7EAFFEA
:10E23000002CF8D0D4E904321B1A62EBE072B3F17F
:10E24000004F72F10001EEDA002AACBF1846002040
:10E25000EBE700BF1007002030B570B10B4B5B68D7
:10E2600098420AD0036843B1D3E90421D0E90445B8
:10E27000121941EB0501C3E90421D0E90032136012
:10E280005A600023C0E9003330BD00BF10070020F2
:10E29000B3F1FF3F08BFB2F1FF3FF8B504461D469A
:10E2A00016465CD081604FF04003EFF3118783F393
:10E2B0001288BFF36F8F013275F1FF3324DA2D49D5
:10E2C000D1E900206FF001039B1A4FF0FF3262EB9F
:10E2D00000009E1B60EB0500012E70F1000301DAC7
:10E2E00001260020C4E90460234ED6F800C07568FA
:10E2F000B44508BF4FF0000CBCF1000F0DD1C4E9CC
:10E3000000652C6074601CE0FFF77CFF013645F16E
:10E310000005361845EBE070E4E7DCE90420D4E9B9
:10E320000431934271EB000E1ADAD21ADCF8043091
:10E3300060EB0100CCE90420C4E900C31C60CCF808
:10E3400004403368B34206D09C4204D1FFF764FF17
:10E350000021FCF76DFE87F31188BFF36F8FF8BDC6
:10E360009B1A61EB0001AC45C4E90431C7D0DCF86D
:10E3700000C0C1E7F0280020100700202DE9F84F69
:10E380004FF04003EFF3118C83F31288BFF36F8FCC
:10E39000DFF8B0A0DFF8B0902C4FC9F80000DAF831
:10E3A00000000024504508BF00200025D7E90021C7
:10E3B000D9F80030E04680B3D0E9046C4FEAE37E40
:10E3C000B3427EEB0C0B05DAF61A6CEB0E04C0E9D7
:10E3D000046422E0B21841EBE671C0E90445C7E9E4
:10E3E0000021FFF739FF88F31188BFF36F8F83682F
:10E3F00098474FF04003EFF3118883F31288BFF37F
:10E400006F8FD9F80030DAF800009B1B5045C446E6
:10E41000C9F80030CAD1D7E900219A1841EBE3735B
:10E420000024C7E90023C9F80040FFF7F5FE2146A4
:10E43000FCF7FEFD88F31188BFF36F8FBDE8F84F3E
:10E44000FFF784BC10070020102D0020F0280020CA
:10E4500010B54FF04003EFF3118483F31288BFF33C
:10E460006F8FFFF7CFFE064A0346D2E90001181866
:10E4700041EBE37184F31188BFF36F8F10BD00BFD0
:10E48000F0280020F8B504464FF04003EFF3118761
:10E4900083F31288BFF36F8F026822B187F311886C
:10E4A000BFF36F8FF8BDD0E90A36581C46F1000162
:10E4B000022871F1000127D3012B76F10001BCBFC6
:10E4C000012316465D1E46F1FF3605F0AFFA013016
:10E4D00041F10001401946EB0101012871F10001F1
:10E4E0003ADB05F0A3FA013041F100016FF00102BF
:10E4F000401946EB0103121A4FF0FF3161EB0303A1
:10E5000018492046FFF7C4FE236B01332363236AB7
:10E5100073B187F31188BFF36F8F236A2046984742
:10E520004FF04003EFF3118783F31288BFF36F8F2F
:10E5300054F8185FA542B1D0002DAFD0284605F0A1
:10E540008FF90023EB6787F31188BFF36F8F28469D
:10E55000BDE8F84005F074B96FF001024FF0FF33E9
:10E56000CEE700BF85E401002DE9F047B3F1FF3F9E
:10E5700008BFB2F1FF3FDDE9086705461C4691463A
:10E5800098461CD0531C74F1FF3309DB012A74F147
:10E590000003BCBF0122002412F1FF3944F1FF380F
:10E5A000284605F029FAC5E90A6700232B634A4685
:10E5B000434628460349BDE8F047FFF769BEBDE87A
:10E5C000F08700BF85E401002DE9F3471D46294B84
:10E5D0009F68012387F8603087F8613052EA0503AD
:10E5E00016460CBF0123002307F16002804605F0A8
:10E5F000BEFA81464FF04003EFF3118A83F312888D
:10E60000BFF36F8F97F8604064B9014652464046A9
:10E6100005F07EFB8AF31188BFF36F8F204602B0AE
:10E62000BDE8F087002387F8603056EA050306D17D
:10E630008AF31188BFF36F8F6FF00A04EEE7CDE91C
:10E6400000650D4A0D485146FFF7B0FB04464FF0F8
:10E650004003EFF3118583F31288BFF36F8F2A46CF
:10E660004946404605F054FB85F31188BFF36F8F90
:10E67000D4E700BFDC2C0020180700200433002062
:10E6800038B503464FF04002EFF3118582F312884C
:10E69000BFF36F8FC160012181600068834206D1A2
:10E6A00085F31188BFF36F8F0024204638BDD0E971
:10E6B000003213605A600023C0E9003305F0CEFA3F
:10E6C000294604460148FFF7D5FBEEE70433002056
:10E6D00073B506460D4604F09EFE78B90B4B9B6859
:10E6E0001C6F7CB12A1D09D200200021CDE9000158
:10E6F00046F00401204604F0F2FD08B9002401E0D0
:10E700000460041D204602B070BD00BFDC2C002058
:10E71000014801F0F2BD00BF9879020030B599B010
:10E720000546684600F028F86946044608A800F047
:10E7300053FA08A90443284600F08AF9204619B084
:10E7400030BD00BF70B598B005466846164600F06B
:10E7500013F83146044608A800F046F908A96A46AD
:10E760000443084600F082F908A90443284600F053
:10E770006DF9204618B070BD70B50B68124E1BBA0B
:10E78000C3614B681BBA83618B681BBA4361CB685A
:10E790001BBA03610B691BBAC3604B691BBA836068
:10E7A0008B691BBA4360CB691BBA324603600146D2
:10E7B0000446E2F787FA3146054602462046E2F76C
:10E7C000A1FA681E70BD00BF244E02002DE9F04181
:10E7D00088B00C46064602F12001684606F1200783
:10E7E0009046E2F769FD6A4669466846E2F786FCAC
:10E7F00069463846E2F760FD3A463946384604F144
:10E800002005E2F77BFC6A4669466846E2F776FC3B
:10E8100041462846E2F750FD6A4641463046E2F757
:10E8200033FD2A4629466846E2F768FC2A466946CF
:10E830006846E2F763FC124A69466846E2F75EFC06
:10E8400069462046E2F738FD324621462046E2F787
:10E8500093FC324621462046E2F78EFC22463146A2
:10E860002846E2F789FC6A4629462846E2F70CFD6D
:10E870003A4629462846E2F77FFC08B0BDE8F08119
:10E88000044F0200F0B599B004460D460A46014611
:10E890006846E2F771FC69466846E2F70DFD6A4694
:10E8A000214608A805F1200604F12007E2F7ECFC58
:10E8B0006A4629466846E2F7E7FC3246394610A820
:10E8C000E2F71CFC324639463046E2F755FC314649
:10E8D0002846E2F7F1FC6A4608A92046E2F70EFC5A
:10E8E000224629462846E2F747FC6A4608A96846B8
:10E8F000E2F742FC6A4639463846E2F7C5FC2A464A
:10E9000008A96846E2F738FC6A4631463046E2F725
:10E91000BBFC3A4631463046E2F72EFC10A9684669
:10E92000E2F7CAFC224669462046E2F725FC08A920
:10E9300022460846E2F720FC10A908AA0846E2F79A
:10E94000A3FC3A4610A93846E2F716FC19B0F0BD10
:10E950002DE9F04188B00C46054690460A4601462E
:10E960006846E2F709FC69466846E2F7A5FC6A4694
:10E970002946284604F12006E2F786FC05F1200727
:10E980006A4621466846E2F77FFC32463946304601
:10E99000E2F7F2FB31462046E2F78EFC2A4621469A
:10E9A0002046E2F7E9FB6A4621462046E2F7E4FB0F
:10E9B0006A4629464046E2F7DFFB4246394638467A
:10E9C000E2F762FC224629466846E2F7D5FB6A4632
:10E9D00031463046E2F758FC3A4631463046E2F7D7
:10E9E000CBFB08B0BDE8F08170B500F1200690B017
:10E9F0000D46044600F014F905F12001304600F000
:10EA00000FF9214608A8E2F757FC08A908460D4A65
:10EA1000E2F774FB08A922460846E2F735FC08A98C
:10EA2000094A0846E2F76AFB31466846E2F744FCC9
:10EA3000202269460DEB0200E2F732FB013810B0EC
:10EA400070BD00BF044F0200E44E020000F002B9A6
:10EA500038B504460D4600F0FDF805F1200104F13B
:10EA60002000BDE8384000F0F5B800BF2DE9F047C0
:10EA70001346B8B0544A89468046194610A8E2F7B2
:10EA800021F95249024610A8E2F73CF9179E4E4977
:10EA900000EAD6760746C6F1010210A8E2F732F97D
:10EAA000179B4A466FEA030A28A918A8FFF78EFEAB
:10EAB0004FEADA7A20A9CAF10102084600F092F87A
:10EAC000C7F10107FE246A4618A928A8FFF740FFEE
:10EAD000631138AA02EB830304F01F0253F8A03C31
:10EAE000D340554603F0010A8AEA05052A4628A9BB
:10EAF00018A8E2F763F92A4630A920A8E2F75EF9E0
:10EB0000013C28A918A8FFF7BDFE631CDBD1CAF1A0
:10EB1000010220A908A800F065F886EA0A066A46FC
:10EB200018A928A8FFF714FF28A9324618A8E2F769
:10EB300045F9324630A920A8E2F740F908A96A460B
:10EB40000846E2F7A1FB08A9084600F09DF808A9CD
:10EB500008F1200409F120020846E2F795FB20A9FC
:10EB600008AA2046E2F790FB08AA18A96846E2F72F
:10EB70008BFB69466846E2F79FFB18AA694608A81E
:10EB8000E2F782FB21466846E2F796FB08AA69464F
:10EB90001046E2F7F1FA0E4A08A96846E2F7ECFAE5
:10EBA00020462021E2F790FA08A90246444268462E
:10EBB000E2F704F94046074A6946E2F765FB3C4341
:10EBC000204638B0BDE8F087644E0200844E020053
:10EBD000E44E0200444E02000A460149FFF746BFD8
:10EBE000A44E020070B588B004460D4616460021BA
:10EBF0002022684605F033FA0023294620222046C9
:10EC0000009305F01EFA2A4669466846E2F7B4FA10
:10EC1000324669462046E2F7D1F808B070BD00BF21
:10EC20000B681BBAC3614B681BBA83618B681BBA44
:10EC30004361CB681BBA03610B691BBAC3604B69A4
:10EC40001BBA83608B691BBA4360CB691BBA036034
:10EC5000704700BFCB691BBA03608B691BBA436066
:10EC60004B691BBA83600B691BBAC360CB681BBAC4
:10EC700003618B681BBA43614B681BBA83610B68E5
:10EC80001BBAC361704700BF70B598B00D46064609
:10EC900010A8E2F711FB2A4610A96846E2F7F4FA39
:10ECA000694610A8E2F708FB10A90846E2F704FB42
:10ECB0006A4610A908A8E2F7E7FA08A910A8E2F73F
:10ECC000FBFA10A90846E2F7F7FA10A90846E2F79E
:10ECD000F3FA10A90846E2F7EFFA10A908AA0846C5
:10ECE000E2F7D2FA10A90846E2F7E6FA10A90846B8
:10ECF000E2F7E2FA10A96A4608A8E2F7C5FA052485
:10ED000008A910A8E2F7D8FA10A90846E2F7D4FA41
:10ED1000013C10A9F5D108AA0846E2F7B5FA052486
:10ED200010A90846E2F7C8FA10A90846E2F7C4FAA3
:10ED3000013CF5D110A908AA0846E2F7A5FA10A9E6
:10ED400008A8E2F7B9FA08A90846E2F7B5FA08A94F
:10ED50006A466846E2F798FA1024694610A8E2F776
:10ED6000ABFA10A90846E2F7A7FA013C10A9F5D1C1
:10ED70002A460846E2F788FA402410A90846E2F736
:10ED80009BFA10A90846E2F797FA013CF5D110A9C1
:10ED90006A460846E2F778FA102410A90846E2F716
:10EDA0008BFA10A90846E2F787FA013CF5D110A9C1
:10EDB0006A460846E2F768FA102410A90846E2F706
:10EDC0007BFA10A90846E2F777FA013CF5D110A9C1
:10EDD00008AA0846E2F758FA2A4610A93046E2F790
:10EDE00053FA18B070BD00BF0CB430B589B00546F9
:10EDF0000C461C22002101A805F031F902238DF8F0
:10EE000006300E4B0293059523462CB1B4F1004F0A
:10EE100028BF4FF00043013B1D440DAA0C990695F5
:10EE200001A8009200F0A8F814B1059B00221A7006
:10EE300009B0BDE8304002B0704700BF6F4002002B
:10EE40002DE9F04101260746B24201DCBDE8F08120
:10EE50003B461F4613F8014B002CF7D0252CF8D168
:10EE60001C78252C07F10207F2D00023DFF804817B
:10EE70009C461D461F2D18D8A4F1200EBEF1100F80
:10EE800009D9A4F1300EBEF1090F1ED80A2404FBE3
:10EE900003E3202504E028FA0EFE1EF0010F06D041
:10EEA00017F8014B002CE5D128E07F2D1CD8A4F1E8
:10EEB000300EBEF1090FE9D9242C10D1BCF1000F9E
:10EEC00046D0B34246D00023EAE724F0040EBEF158
:10EED0002A0FF8D06C2C09D145F08005E0E724F02A
:10EEE000040EBEF12A0FEED06C2C22D06C2C1BD855
:10EEF000682C23D06A2C28D04C2C26D0BCF1000FD3
:10EF0000A4D0B445A0D144F02007A7F1650CBCF112
:10EF1000020F0B6801D9612F1ED1073323F00703BD
:10EF200008330B6001368EE7742CB9D07A2CB7D039
:10EF3000E4E72C0648BF45F40075CDE7EC0548BF73
:10EF400045F4007545F48075AAE745F42075A7E7F8
:10EF50009C46B8E76324D6E7692C02D007D8632C17
:10EF600003D02F0601D5AC05D7D40433D9E7732CD1
:10EF7000F6E700BF892801002DE9F04F95B04368FE
:10EF8000039383789B07CDE90A12804611D50D9231
:10EF90000B4600261F7877B1252F10D00133099337
:10EFA000039B414638469847002806F1010680F247
:10EFB0002E854FF0FF36304615B0BDE8F08F5F78F4
:10EFC0009A1C252F0992EBD000242546A246A34681
:10EFD000BBF11F0F32D8A7F12003102B0AD8DFE8AE
:10EFE00003F02409092A0909091B0909092209272B
:10EFF00009091900A7F13003092B2DD92A2F39D17E
:10F0000054B90D9B1BF0400F53F8042B0D9329D0DE
:10F01000154601E04BF0010B099B13F8017B0993A6
:10F02000002FD5D156E04BF0020B4BF0040BF3E769
:10F030004BF0080BF0E74BF0100BEDE7BBF17F0F47
:10F040003FD8A7F13003092BD8D81BF0400F03D0CD
:10F050000A2202FB0535DFE70A2202FB0A3A4BF0DF
:10F06000200BD9E7B2F1000AF9DACAF1000A4BF035
:10F07000280BD1E72E2F05D11BF0400F9BD14BF071
:10F08000400BC9E7242F1CD1002C00F08A800B9B79
:10F090000D931BF0400F0AD152460A980DA9FFF7B5
:10F0A000CFFE0D9B1A1DD3F800A00D92B4E72A469F
:10F0B0000A980DA9FFF7C4FE0D9B1A1D1D680D923D
:10F0C000AAE76C2F5AD052D8682F5FD06A2F65D02C
:10F0D0004C2F63D034B10B9B0A980D9322460DA997
:10F0E000FFF7AEFE002D47F02003B8BF2BF0400B1A
:10F0F0000793A3F16503BCBF1FFA8BFB0025022B0E
:10F1000054D947F02003612B40F06383FF4307F09D
:10F11000200308930D9B073323F0070303F1080234
:10F120000D924BF4C05204921A6805925A68DDF8A9
:10F1300014C0C2F30A57C2F3130047EA0C0353EAA0
:10F14000000401460BF040044FEAD27259D1302737
:10F15000D2B28DF83D708DF83C20A7B2002C00F0A3
:10F16000BF810C2D4FF000075DDD0D25B2E0742F3F
:10F170003FF452AF7A2F3FF44FAFABE71BF0800F55
:10F1800018BF4BF4007B4BF0800B45E71BF4807FEE
:10F1900018BF4BF4007B4BF4807B3DE74BF4207BA6
:10F1A0003AE72546AB465446AA4635E7FF4307F003
:10F1B000200308930D9B073323F0070303F1080294
:10F1C000D3E90001079B0D921BF0400F08BF0625F5
:10F1D000652B40F099816B1C0022DBB24BF4805B05
:10F1E0001446112BCDE9002428BF11230EAA00F0EC
:10F1F000ADFCC3B2059302230E9FCDF810B0069369
:10F2000080E0002F00F03B813123D2B28DF83D30F9
:10F21000A7F2FF378DF83C20A3B2002C00F05781F5
:10F220000C2D00F35681C5F10D018900012301F178
:10F23000FF39A1F12104C1F1210E23FA0EFE03FAD8
:10F2400004F403FA09F344EA0E0413EB030E44EB4F
:10F250000409DEF1000BCDF818B069EB490BCDF8CD
:10F260001CB0DDF814B01EF1FF3E49F1FF390EEA83
:10F270000B0E09EA0009734574EB090912DBC1F1B1
:10F280002009B1F1200E00FA09F92BFA01F141EA47
:10F2900009015CBF40FA0EFE41EA0E0111F0010FB8
:10F2A00000F0F0800599CB1840EB0400B0F5801F0A
:10F2B0009C46C0F2E7809DF83D10B7F5806F01F1E4
:10F2C00001018DF83D1000F0E980069A07991A4077
:10F2D00013460140089A0D20C2F1570403F00F02B3
:10F2E0001B0943EA01730911002A40F0FE808542A0
:10F2F00080F2FD800138F1D10E230120CDE90530E7
:10F300007023079307F10902122A3B4600F2D180CD
:10F310009DF83CB00BF00C091BF0010B40F02D8167
:10F32000049B9A0700F1238113F0040400F002818A
:10F33000B9F1000F40F027814FF02009049B13F42E
:10F34000405F23D1059B5033002D6B4408BF01253E
:10F35000133B059A22B113F8012D302A00F04781A2
:10F36000049B13F0100F059B18BF2B46381DC0F2ED
:10F370004381BD4240F34081049A42F4005292B26C
:10F38000BB42049240F33A817D1C5D1B049B13F445
:10F39000005B00F0358127EAE7740134B9F1000F12
:10F3A00000D00134002D00F034816B1C1C44049B00
:10F3B000A245CCBFAAEB0404002413F0090F04D12A
:10F3C0003444A64240F02A810024B9F1000F08D04D
:10F3D000039B414648469847002806F10106FFF680
:10F3E000E8AD049B1A0513D5039B4146302098478E
:10F3F0000028FFF6DEAD089BC3F178004146039B71
:10F4000000F0F8009847002806F10206FFF6D1AD9B
:10F41000049B1B0705D43444B44240F009812646BE
:10F420000024BBF1000F00F0348127EAE77AA7EB54
:10F430000A0B6D42059B5B4584BF0EAB5B440AF132
:10F44000FF3A8CBF58793020554506F1010900F389
:10F45000F980039B4146984700280BF1010BFFF60A
:10F46000A8ADBAF1FF3F08D1039B41462E20984733
:10F470000028FFF69EAD06F102094E46DAE730237A
:10F480000127C2E6069B03EA0C0C079B03401846C3
:10F49000B7F5806F26D15CEA00001CD042F008026C
:10F4A0008DF83C204FF480670E230593702307935B
:10F4B0003B4603F16302C62A3AD903F2E73340F22E
:10F4C000CE7293428CBF04230323069320E71D468C
:10F4D000DEE70D25DCE742F004028DF83C20E3E78F
:10F4E0003D46F7E663460146F4E6092A09D830327C
:10F4F0000DF1380C844485428CF80520B8BF0546D0
:10F50000F8E62244D2B2F3E7079B662B05D14BF411
:10F51000005B2C460122112363E6EBB2012B4FF076
:10F5200000024FF0650738BF01231446079758E6DD
:10F530000223CAE7B9F1000F3FF400AFBAF1030F9D
:10F5400034DD049B1F07AAF103042FD43444039B2A
:10F55000414620209847002806F10106FFF629AD14
:10F56000A642F4D1BBF1000F36D0002415E0B9F16A
:10F57000000F2BD14FF02B09E0E6B9F1000F28D195
:10F580004FF02D09DAE64FF0200BBAF1040FECDD55
:10F59000049B1D07AAF10404D8D5039B4146584695
:10F5A0009847002806F10106FFF603AD9DF83C30B0
:10F5B0009F4D13F0080F9F4B08BF1D462F46B946BD
:10F5C00017F8010B50B9751BA9445DE04FF02B0BE8
:10F5D000DBE74FF02D0BD8E75C46E7E7089BC01A46
:10F5E0004146039BC0B298470028E8DAE1E4059A57
:10F5F000013AD2B20592ACE65D1EC7E60025C5E62B
:10F60000049B13F4006F069B0CBF032405241C44C9
:10F61000C4E6049BD90648BF0134C8E6039B4146B3
:10F6200020209847002806F10106BFF6CAAEC0E4C4
:10F63000039B414630209847002806F10106BFF69B
:10F64000EBAEB6E4BA450AD19DF83D30352B1ED855
:10F6500005D19DF83C3013F0100F08BF3120039BFB
:10F66000414698470028FFF6A4AC049BD8060BD56A
:10F67000BAF1FF3F08D106F1020941462E20039B53
:10F6800098470028FFF695AC4E464C4446E23120A0
:10F69000E5E79DF83D0031281EBF9DF83C3023F082
:10F6A00010038DF83C304146039B98470028FFF635
:10F6B00080AC002D6DDD039B41462E20984700282D
:10F6C00006F10209FFF675AC01263346059A96420B
:10F6D0003BBF50336B44302013F8130C039B41465F
:10F6E0009847002809F10109FFF663AC0136F6B22C
:10F6F000AE423346EADDDDE90732981A4146039B04
:10F70000C0B298470028FFF654AC002F04DB4FD15D
:10F710009DF83C30DB064BD57F422D20039B4146B4
:10F7200098470028FFF645AC069B042B42D14FF4C6
:10F730007A7697FBF6F505F13000039B4146C0B29F
:10F740009847002809F10309FFF633AC06FB15774B
:10F75000642697FBF6F505F13000039B4146C0B2E5
:10F760009847002809F10109FFF623AC06FB15773D
:10F770000A2697FBF6F505F13000039B4146C0B21F
:10F780009847002809F10109FFF613AC06FB15772D
:10F7900018E0049BDA0602D406F10109ABE7039BEB
:10F7A00041462E209847002806F10209A3DA00E41A
:10F7B0002B20B3E7069B032B09F10209C8D0069B57
:10F7C000012BD5D107F1300009F101094146C0B242
:10F7D00055E7A7F16303122B00F20081DFE813F075
:10F7E00013005800FE00FE00FE00FE005800FE0060
:10F7F000FE00FE00FE00FE001A01F900FE00FE0001
:10F800002C00FE00BA000D9B1A1D1B680D928DF88E
:10F81000383001240EAF1BF0080F2ED007EB04097F
:10F820003D46A9452BD1F71BB944AAEB04042BE7AD
:10F83000C17A0200D45D02000D9B1A1D0D921F6853
:10F84000AC4B002F08BF1F461BF0400F14BF2946CA
:10F850004FF0FF31384604F0C7FA0446DBE7039B5C
:10F860004146202098470028FFF6A3AB013DA54262
:10F87000F5D85644761BAA46D0E75546F7E715F863
:10F88000010B039B414698470028CADAFFF791BB5A
:10F890001BF0800F0D9B3CD01BF4007F34D007334E
:10F8A00023F00703D3E9000103F108020D922BF0C6
:10F8B000100900291FFA89F93DDA404261EB410144
:10F8C00049F480690DF1380B0A235A4604F098FA7E
:10F8D00019F0400FA0EB0B0B65D029F001025D453C
:10F8E00092B240F3B380002F00F0AB8019F0100308
:10F8F0002C46914640F0AD8040F2064319EA0303DE
:10F900001CBF0134002355E01A1D18680D92C11761
:10F91000CDE71A1D1BF4807F19680D9201D10846AE
:10F92000F5E71BF4007F15BF48B208B241F3C011E0
:10F9300041F3C031BBE750EA0103C3D11BF0400FD4
:10F94000C0D0002DBED12BF0110B1FFA8BF9AB46A6
:10F950002C46D1E72BF0100B1FFA8BFB0A231BF070
:10F9600080040D9A59D01BF400711DBF073222F09C
:10F97000070202F10801101D19BF0D91D2E9000123
:10F980000D90106850EA010254D12BF016091BF0BB
:10F99000400F1FFA89F951D0002D4FD12BF0170BD2
:10F9A0001FFA8BF9AB4619F0100354D0002F4FD13A
:10F9B0000BF1010419F0080F60D119F0010F06D006
:10F9C000A2456FDDAAEB040404EB0B055446224666
:10F9D0004FE04BF0100B10237827C0E747F02003CF
:10F9E000782B05D1582F14BF10234FF40473B6E7BA
:10F9F000039B4146252098470028FFF6DAAA039B7F
:10FA00004146384698470028FFF6D3AA0236099B9C
:10FA1000FFF7C0BA08230027A1E7111D0D911BF4C1
:10FA200080711068AED01BF400711ABFC0B22146BD
:10FA300080B2A7E72BF0060B1FFA8BF90DF1380BFC
:10FA400043E729F011091FFA89F981E79146AAE7EE
:10FA50005C460234AEE75C464EE7CDE904234146FE
:10FA6000039B202098470028FFF6A3AA049A059B31
:10FA700001329245F1DC341BA6181446A3B1039B56
:10FA80004146302098470028FFF693AA87B30236F4
:10FA900041463846039B98470028FFF68AAAB1469C
:10FAA00035441CE05D4692E740F2064319EA030F35
:10FAB000F5D019F0020F14BF2B20202019F4806F0D
:10FAC00006F10106414618BF2D20E3E7039B41469E
:10FAD00030209847002809F10109FFF66AAAA5EB32
:10FAE00009035B45F2DC5D460EAE2DB9D9449CE6B8
:10FAF0000136D4E7C57A0200013D039B705D4146A3
:10FB000098470028F1DAFFF754BA039B41462020BA
:10FB10009847002806F10106FFF64BAAA31B002B0D
:10FB2000F3DC74E71FB502AB0093074A4FF0CC3308
:10FB300004F04DFADDE90201C00840EA4170C9084D
:10FB400005B05DF804FB00BFCDCCCCCC2DE9F04F67
:10FB50009BB0044605920A460A93C2F30A559DF8E3
:10FB600090300B93D20FC1F313030992090D85B99D
:10FB700050EA03021CD1059A30235371099B9571F9
:10FB800043F0020313711560012738461BB0BDE82E
:10FB9000F08F40F2FF7295424AD10343099B059AC8
:10FBA00014BF43F0080343F0040313710027ECE78C
:10FBB00000F0010208924FEA83080122AB4D48EAA7
:10FBC000907887009A461646C5F1000B5846069273
:10FBD00000F01CFBB5F1FF3FACBF8146A0F101096D
:10FBE000ABEB090B09EB05035846049300F014FB3B
:10FBF00016A9A0F17D05584600F012FA12AB069A3C
:10FC00000193A9EB050510AB0292009320462B4609
:10FC100016AA514604F020F9B9F1010F04460D4629
:10FC200000F2D280089B002B40F0C58001276BE0DA
:10FC300043F4801A00F001024FEA8A080343A5F258
:10FC40003545089248EA90784FEA800749D140F25A
:10FC5000FE7319420CBF01260026002D3246B3DB8D
:10FC6000284600F0CDFA032DC8BF0138049000F0FB
:10FC7000D3FA049B7C305D1B054416A9184600F09E
:10FC800043FA12AB019310AB009320462B46029629
:10FC900016AA514604F0E0F8049B152B04460D46C5
:10FCA00000F2868014AB724A009338464FF0CC3392
:10FCB000414604F08CF9149B159A9B0843EA827321
:10FCC00003EB8303BB42DDE9109A0CD13846414671
:10FCD00000F08EF9049B83428CBF00270127002689
:10FCE00012E00126B9E7089B002B51D1013F48F1F2
:10FCF000FF31B81B61F1000100F07AF9049B089F05
:10FD000083428CBF002601260B9B002B40F0908085
:10FD1000DDF828B04FF00008CDE906884FF00A0A58
:10FD2000DDE91001FFF7FEFE129B0E93CDE90C01F9
:10FD300018461399FFF7F6FE0C9B0D9A0F91984207
:10FD40000B469341814680F08D8020462946FFF77F
:10FD5000E9FE0E9A0AFB09F3934214BF002606F04F
:10FD600001060C9B10930D9BCDE911390F9B13934A
:10FD7000079BB8F1000F14BF002707F001070133FC
:10FD80000AFB10485FFA88F8079304460D46C7E758
:10FD9000B81C48F1000100F02BF9049B83428CBF92
:10FDA00000200120B9EB00006AF10002CDE9100249
:10FDB00000273E46A8E7109B119A013B42F1FF3213
:10FDC000CDE9103201278AE7B9F13E0FF0D84FF0A4
:10FDD000FF33A9F1200003FA09F203FA00F0C9F198
:10FDE000200123FA01F102430A4303FA09F327EA47
:10FDF000030728EA020857EA08070CBF0127002773
:10FE00006DE700FB02FCA1FB0012013362448C424F
:10FE100075EB020CF5D2049ADDF828B01344259A4C
:10FE20001344012BB8BF01239B45A8BF9B4671E734
:10FE30000A21002201230846E9E70AFB03F0A2FB9E
:10FE40000A2301310344944275EB0300F5D259456E
:10FE500010DDBBF1000F02D154EA05030AD00123E3
:10FE6000069372E70A2200230121ECE7CCFBFFFF97
:10FE7000CDCCCCCC002E2FD04FF00A0A129B139978
:10FE80000D931846FFF74EFE0D9B0C910AFB00F2F6
:10FE90009A42814620D1DDE91001FFF743FE0E9022
:10FEA0000D9120462946FFF73DFE0D9B0E9A1092BC
:10FEB000CDE911390C9B1393079BB8F1000F14BFC8
:10FEC000002707F0010701330AFB10485FFA88F8A2
:10FED000079304460D46D1E7DDF81090079B99443F
:10FEE000002F5DD0B8F1050F5AD114F001034DD1A8
:10FEF000069A32B9DDE912239D4208BF944262D0CE
:10FF0000069B18194FF00A0445F100010022012652
:10FF10002546A04271EB020758D2E3B1B3451ADA85
:10FF20000B9B63B1259ADDF828B006EB0903134457
:10FF300023EAE3739B45A8BF9B465E450BDD053076
:10FF40004FF00A024FF0000341F10001E0F780FE9C
:10FF500009F10109013E5E45A8BF5E4637B20FFABE
:10FF600089F9059B09FA86F607F10508013E9844D0
:10FF70004FF00009B94530DB059B3B4400225A7124
:10FF8000059B1A461E60099B1371FEE5069B2BB963
:10FF9000DDE912239D4208BF944209D00123B0E756
:10FFA000069B53B9DDE912239D4208BF944204D158
:10FFB000089B002BF2D1002EF0D0B8F1040F94BFB3
:10FFC000002301239DE74FF00408F1E705FB02F74A
:10FFD000A4FB054201363A449BE70A220023E0F7DE
:10FFE00037FE303208F8012D09F10109C2E700BFE0
:10FFF0000A4A70B503464FF0CC3600204FF0333537
:020000022000DC
:1000000006FB03F402FB0144A3FB023121449D42A1
:1000100075EB010401D30130F2E770BDCDCCCCCC3F
:100020002DE9F04F1A23354EB0FBF3FA03FB1A0308
:1000300089B004460D4606EB0A1653B9D6E90023EB
:10004000C1E90023D6E90201C5E9020109B0BDE812
:10005000F08F2B4A02EBC303D3E9008904AB009372
:10006000D6E902234046494603F0B1FF06AB0093B0
:10007000D6E9002383460F464046494603F0A7FFD2
:10008000DDE9066216EB0B0652EB07084FF00003A2
:1000900028BF0123814633B1049B059A013342F105
:1000A0000002CDE904322046039100F0B5F807467E
:1000B0001A2000FB0AF000F0AFF83F1A3246434620
:1000C00003990097484603F09DFF4FEA141C0D4A20
:1000D000640004F01E0352F82C40DC4004F00304DA
:1000E000241841F10001C5E90041DDE9042300972E
:1000F0003046414603F086FFA6E700BFE845020010
:1001000018450200244F02002DE9F04F1A27DFF8AE
:10011000E4A000F11905B5FBF7F56F433A1A4FEA71
:10012000051B89B004460E460AEB05150AD1D5E930
:100130000023C1E90023D5E90201C6E9020109B0A3
:10014000BDE8F08F2C4B03EBC203D3E9008904AB6D
:100150000093D5E902234046494603F038FF5AF898
:100160000B206B68013ACDE9020106A963F1000397
:1001700000914046494603F02AFFDDE906528A46CF
:1001800002996D18039952EB01084FF0000328BF44
:100190000123814633B1049B059A013342F10002E9
:1001A000CDE90432384600F037F80746204600F023
:1001B00033F83F1A2A46434600974846514603F013
:1001C00021FF4FEA141C0D4A640004F01E0352F88C
:1001D0002C40DC4004F003040134241841F10001F8
:1001E000C6E90041DDE9042300972846414603F0B3
:1001F00009FFA2E7B846020018450200784F020046
:10020000014B5843800C704741340100014B584367
:10021000000D7047FB2E0B00024B5843C00C013001
:10022000704700BF4F9312000023F2F7CFBD0023A9
:10023000F2F7CCBD0023F2F7C9BD0023F2F7C6BD2B
:100240000023F2F7C3BD2DE9F04706460D461746D9
:1002500098462BB398F8004093F80190DB78A400FF
:1002600004EB430498F802301C4444444FF0000A65
:10027000CA4509D3D8F8042008F1080339463046A6
:10028000AC46BDE8F047604714F8013B48F823400E
:100290002046F0F70DFE013004440AF1010AE7E7B9
:1002A0006FF01500BDE8F08770B5002502462846BE
:1002B000144614F8013B0BB9184609E098B18D4279
:1002C00007D1702B04D0A3F140023A2A0BD80020AA
:1002D00070BDA3F140063A2E05D853780135941C21
:1002E000002BE9D00020252B08BF80F0010022461A
:1002F000DEE70020704700F043BD0FB407B504A946
:1003000051F8040B019100F03BFD03B05DF804EBE4
:1003100004B0704700EBC100408840087047F8B552
:100320000346FFF7F7FFB0FA80F0C0F11F0003EBC0
:10033000800CCA00DCF81060171D0C4606328DB226
:1003400056B9012101FA00F0D9680143D960CCF80F
:100350001040DD539D52F8BDF1000431585AD85376
:1003600003EBC0009E52C5805D52F4E710B500EB70
:10037000C104E388994202F104010AD1012303FA7E
:1003800002F2C36823EA0203C360002340F821306D
:1003900010BDA28840F8213000EBC20100EBC30081
:1003A000CB808280F4E708B50346FFF7B3FFB0FACD
:1003B00080F2C2F11F021846BDE80840FFF7D6BF21
:1003C0002DE9F843B1FA81F5C5F11F0900EB890861
:1003D0000346D8F810200E46C2B10327D8F81040C3
:1003E00018462146FFF796FFB04206D34A46184604
:1003F000FFF7BCFF2046BDE8F88303EBC404013FD0
:10040000E088C8F8100001D08242E7D1C5F120028F
:100410004FF0FF349440DA681440EBD094FAA4F221
:10042000B2FA82F2111D53F821402146DFE738B5B8
:100430000346FFF76FFF0D46044611461846FFF7C7
:1004400069FF03EBC5050444600068801846FFF7A8
:1004500061FF014423F8314038BD38B50346FFF74A
:1004600059FF0C46A51A511A03EBC4040544480071
:10047000608003EBC2006C00448023F83210184601
:100480001146FFF747FF014423F8315038BD38B516
:100490000546FFF73FFF0C46014405EBC1035B88AF
:1004A000DA070AD42846FFF77EFF21462846FFF7E1
:1004B00031FF22182846FFF7BAFF35F83410611AC9
:1004C00005EBC1035B88DB070CD42846FFF76BFF05
:1004D00035F834102246611A2846FFF7A8FF35F890
:1004E0003430E41A21462846BDE83840FFF717BFEC
:1004F00061B100680439091A21F007030344C908EF
:100500005A8822F001025A80FFF7C1BF704770B5C8
:10051000056809B9002070BDAB68B3EBD10FF9D9FC
:100520000B31CC0821462846FFF74AFF0646002833
:10053000F0D001462846FFF7EDFEA04207D9321958
:100540002846FFF78AFF11462846FFF7E8FE05EB2D
:10055000C6021046538843F0010353800430DAE7A3
:100560002DE9F84301F1FF3919EA010906680F4640
:1005700014460CD04B420B40042B1A464F4628BF62
:100580000422994664B900252846BDE8F883042969
:1005900004D8BDE8F8431146FFF7B9BF0422F1E7DC
:1005A000B368B3EBD40FEED904F10B013944891AC7
:1005B000C9083046FFF704FF80460028E3D009F160
:1005C000040505EBC0057B1E35441D44B5FBF7F55E
:1005D0007D43A5EB09052C442B1F07349B1B24F0FE
:1005E0000704A41BB0EBD30F4FEAD3074FEAE40490
:1005F00008D201463A463046FFF72FFF41463046C3
:10060000FFF78DFE39463046FFF784FE38448442BA
:1006100007D230462246FFF720FF21463046FFF73B
:100620007EFE06EBC706738843F001037380ABE7D9
:10063000043A2DE9F041CC1D114424F0070421F0C7
:1006400007010E1BF708B7FA87F2C2F12405AD00C7
:100650004FF000080735C2F12002ED080460414662
:10066000A760C4F80C80920004F1100003F0F7FCBE
:100670006B0043F00103638004EBC5027B1B590050
:10068000A4F800805180A21924F83550A2F8028005
:10069000A35304EBC70329465A8842F001025A804B
:1006A0002046BDE8F041FFF73ABE038B13F0070385
:1006B00005D10368002B0CBF002003207047022BDC
:1006C00005D1408BB0FA80F0400980007047012BC3
:1006D00005D10368002B0CBF0020052070470020C7
:1006E000704710B50C4600B111B96FF0150010BD80
:1006F000081D00F095F80028F9D1A368032BF6D95E
:10070000F3E72DE9F0410D4607461946281D9046AE
:100710001E4600F099F8044638B133464246294651
:100720003846A446BDE8F0416047BDE8F08110B40A
:100730004FF04004EFF3118284F31288BFF36F8F00
:10074000416110BC0121F1F797BF38B50C46054651
:1007500058B151B10B6843B14B6833B11C22002131
:1007600003F07DFC2C61002038BD6FF01500FBE725
:1007700070B505460E46FFF7B4FF041E15DB4FF0BB
:100780004003EFF3118283F31288BFF36F8F6B8BFB
:100790002C8B4FF6FF718B4204F0070407D182F3D4
:1007A0001188BFF36F8F6FF00A04204670BD022CD2
:1007B0000CD101336B8382F31188BFF36F8F002359
:1007C000224631462846FFF79CFFEEE7062C14D858
:1007D000DFE804F004131313041A04000023336049
:1007E0006B683BB9C5E90066ACB902212846F1F750
:1007F00043FFDAE71E606E60F6E782F31188BFF30D
:100800006F8F6FF00404D0E782F31188BFF36F8F0E
:100810006FF08504C9E782F31188BFF36F8FC4E7D7
:10082000034640B1426802F00302022A06D0032ABE
:1008300004D0012A05D06FF0150070471A68002A0D
:10084000F9D000209860704710B54268816002F0CE
:100850000302022A03464FF0000407D0032A02D005
:100860005C60002001E018685C6010BD18685C6086
:100870000028F6D0FDF704FFF3E70FB407B504A98D
:1008800051F8040B0191FFF736FD03B05DF804EB5E
:1008900004B0704710B50369024613F0080009D18F
:1008A0001368D4689C4297BF126AE31AD31A0120D6
:1008B0000B6010BD00231846FAE713B501A90446E2
:1008C000FFF7E8FF20B1019BE268013B134401936D
:1008D000206A019BC01A013802B010BD10B5044651
:1008E00050182269236AD20702D5013B184010BD77
:1008F000984228BFC01AFAE710B504460A46C168F4
:10090000FFF7ECFF2369E06023F00803236110BDCB
:1009100038B50D46C2698B00016843F0020342F806
:100920002130044601682A46FFF7D8FFE368616872
:100930002060984202BF236943F0080323612A46DE
:100940002046FFF7CBFF606038BD2DE9F74FC76841
:10095000C6699B4616F8273003F00303022B0446B2
:100960008846914606EB870A4FF0000309D01360D2
:10097000CBF800302369990710D4002003B0BDE8FC
:10098000F08F56F8271013608908CBF80030F1D0AB
:10099000FFF7B2FFE368A3600120EFE7A3695046C9
:1009A000984716F82730DA070546E6D513F0020314
:1009B0001DD0B8F1000F03D041462046FFF7A8FF35
:1009C00061682A462046FFF789FFD4E9023199423F
:1009D000606004D12A462046FFF780FFA060A3682C
:1009E0002360E360236943F008032361D4E70146F1
:1009F00020460193FFF780FFE268A260B8F1000F84
:100A000004D02168E269019B42F8213005EB08021D
:100A1000CBF8002021682046FFF760FF23692060A3
:100A200043F00803236116F827306FF3000306F83C
:100A30002730C9F800A0AFE770B504461546FFF7A8
:100A40004DFF2368834205D12369216023F0080309
:100A5000236170BDE269AB0043F0020342F821302C
:100A6000204661682A46FFF739FF6060F1E738B534
:100A700003695B07044606D5456AFFF71EFF8542FA
:100A80002CBF6562606238BD38B50D4604461C2235
:100A9000002103F0E4FAEB68A361AB6863612B68A3
:100AA000E3616B682362002262622A6923B1591EE6
:100AB000194208BF42F001022261012204F128001C
:100AC0000021BDE8384002F05EBD2DE9F04F87B04F
:100AD00000250093036A03958B4204460E46924616
:100AE0000595A9463AD34FF04003EFF3118B83F3FA
:100AF0001288BFF36F8F059AD8462AB1294620463F
:100B0000FFF79AFF0023059304A92046FFF7C2FED2
:100B10000499B14207462AD32268E36913F82210E8
:100B200021F0030103F8221003EB82092168324609
:100B30002046FFF7D3FEE3682060984212D00027DA
:100B400088F31188BFF36F8F039929B162690AB1E5
:100B50002046904700230393002FC4D1484607B096
:100B6000BDE8F08F236943F008032361E7E718B17C
:100B70002046FFF7CDFEE3E7009B5AEA03031AD0B5
:100B8000019102F048FC0199A8B98BF31188BFF3D9
:100B90006F8F009B524604F12800FCF7CDFD4FF00B
:100BA0004003EFF3118883F31288BFF36F8FB0FA1D
:100BB00080F77F09C4E705AB03AA20462568FFF745
:100BC000C4FE0746BCE770B50446836908460D4677
:100BD000984702464FF04003EFF3118683F31288E3
:100BE000BFF36F8F2B7843F001032B7061682046B1
:100BF000FFF774FE60602046FFF739FF86F3118827
:100C0000BFF36F8F70BDF8B504464FF04003EFF3AC
:100C1000118683F31288BFF36F8F236913F0080FD7
:100C2000A36802D16268934200D9226AE169D21AAC
:100C30002AB986F31188BFF36F8F002733E011F8CC
:100C4000232012F0030001EB8307F2D0022803D126
:100C500051F82350AD0805D1D00712D4A369384606
:100C600098470546A1682A462046FFF737FE2946E1
:100C7000A0602046FFF740FE86F31188BFF36F8F18
:100C8000C3E742F0020201F823203846A369A568B1
:100C90009847294602462046FFF720FEA06086F3CB
:100CA0001188BFF36F8F3846F8BDF8B504468369E5
:100CB00008460D46984706464FF04003EFF311876C
:100CC00083F31288BFF36F8F2B786FF300032B70C1
:100CD00023699B0705D5E268E36903EB82039D4224
:100CE0001AD12B786FF341032B70D4E9023199426A
:100CF00004D132462046FFF7F1FDA0603146204680
:100D0000FFF7FAFD87F31188BFF36F8F04F1280016
:100D1000BDE8F840FCF7EABC2B6860F39F032B604A
:100D2000F0E702698368120702D442689A4200D24F
:100D3000026AD31A181E18BF012070477047037843
:100D40005B075FBF03684288C3F34A2303EB1210BB
:100D50005DBF173020F0070080080020704700209A
:100D6000704702F027B80346BFF35B8F53E8000FCC
:100D7000421C43E800210029F8D1BFF35B8F704784
:100D80001FB50023CDE90201CDE900331A4619460B
:100D90001846F2F79FF805B05DF804FB0120F1F763
:100DA0004DBE0020704770B5D2E901369B1B8B42C7
:100DB0000C4615460AD313680A460146981903F0F3
:100DC00040F9AB682344AB60204670BD6FF01B0058
:100DD000FBE770B50E4615461946120D044618B9C4
:100DE000BDE87040F1F72ABE2BB11030C5F34A239D
:100DF000184403F026F9C4E900562046BDE87040C7
:100E0000F1F7B0BFF8B506460D4614461F46214619
:100E100028463A46B047241A0544F8D1F8BD10B523
:100E2000426881680446D2E900230068FFF7EAFFC0
:100E3000636800221A6010BD38B54B681A68CB6829
:100E40009A4205460C4602D10846FFF7E8FF636860
:100E5000BFF35B8F53E8002F511C43E800100028BC
:100E6000F8D1BFF35B8FA3689D54002038BD0A28DA
:100E700038B504460D4602D10D20FFF7DDFF2946A7
:100E80002046FFF7D9FF002038BD704738B50D4622
:100E9000AB4211461C4604D81A4603F0D2F820464D
:100EA00038BD0024FBE703F0DAB8C30903EB4303C2
:100EB00003EBC30383EA4000C0B27047CB780278EB
:100EC000534003704B884278534043700A688378DC
:100ED00083EA122383700A68C3785340C370CB79C6
:100EE000027953400371CB884279534043714A6879
:100EF000837983EA122383714A68C3795340C371AB
:100F0000CB7A027A53400372427A4B895340437240
:100F10008A68837A83EA122383728A68C37A534089
:100F2000C372CB7B027B53400373CB89427B53401C
:100F30004373CA68837B83EA12238373CA68C37BC3
:100F40005340C37370471FB502788DF80020427973
:100F50008DF80120827A8DF80220C27B8DF8032063
:100F600002798DF80420427A8DF80520827B8DF875
:100F70000620C2788DF80720027A8DF80820427B7F
:100F80008DF8092082788DF80A20C2798DF80B201F
:100F9000027B8DF80C204278C37A8DF80D2082797F
:100FA0008DF80E208DF80F3010236A461946FFF792
:100FB0006DFF05B05DF804FBF8B5064608780C46F1
:100FC000FFF773FF05466078FFF76FFFA27863783D
:100FD0005340E27853405D40684030706078277835
:100FE000FFF763FF0546A078FFF75FFFA3785F4038
:100FF000E3785F407D406840707063782778A07820
:101000005F40FFF752FF0546E078FFF74EFFE378B9
:101010005F407D406840B0702078FFF746FF6278FF
:1010200023785340A278534080EA0305E078FFF725
:101030003CFFEDB24540F570F8BD70B5144688B080
:101040000546002849D0002949D0002A49D010235C
:101050000A4668461946FFF719FF21466846FFF71A
:101060002DFF103401F1A0066846F2F725FA684614
:10107000FFF769FF694604A8FFF79EFF01A905A8CD
:10108000FFF79AFF02A906A8FFF796FF03A907A892
:10109000FFF792FF102319460DEB03026846FFF796
:1010A000F5FE214668461034FFF708FFB442DBD155
:1010B000F2F702FA6846FFF746FF21466846FFF757
:1010C000FDFE102319466A462846FFF7DFFE6846F4
:1010D00010220021FFF7E7FE012008B070BD08468E
:1010E000FBE71046F9E710B50A460F3012F9103B3E
:1010F000002BACBF0023872312F8014D83EA440381
:101100008A4200F8013902D01378DB09F4E710BDF8
:1011100008B520B158220021FFF7C5FE012008BD07
:1011200010B5044688B110220021FFF7BCFE102242
:1011300004F130000021FFF7B6FE002363640022B3
:101140004FF48033C4E91423012010BD70B5044668
:101150000D46164610B311B358220021FFF7A3FE27
:101160002946A6643046F2F7B3F910220021204642
:10117000FFF799FE04F11005A26C21462046FFF707
:101180005CFF21462846FFF7AEFF294604F1200008
:10119000FFF7A9FF2046FFF7C3FF012070BD0846F7
:1011A000FCE72DE9F0410E4615460446002860D0C4
:1011B000FAB100295DD0D0E9143253EA020158D0C7
:1011C000013BD0F8448042F1FF32C0E91432B8F15B
:1011D000000F2CD0C8F1100708F13000BD422044A8
:1011E0000AD22B4632462946FFF750FE636C2B4449
:1011F00063640120BDE8F0813B4632463946FFF783
:1012000045FE103D0023636445443E44631E04F1E3
:101210000F0113F8012F93F830008B4282EA00028D
:101220001A70F6D1A26C21462046FFF706FF04F1A2
:101230000F07102D0AD8002DDBD02B463246294649
:1012400004F13000FFF722FE6564D2E7631E711ED1
:1012500013F8012F11F8010FBB4282EA00021A7045
:10126000F6D1A26C21462046FFF7E7FE1036103D6E
:10127000DFE70020BEE770B50C460546E8B169B36C
:101280004A6C102A1AD11031631E013904F10F0083
:1012900013F8012F93F83060724011F8016F9842F3
:1012A00082EA06021A70F3D1A26C21462846FFF7A3
:1012B000C4FE2046FFF72CFF012070BD02F1300074
:1012C0000021C2F110022044FFF7EDFD636C2344BE
:1012D000802283F8302004F12001D5E70846ECE7AE
:1012E00001460068F2F766B900210120F2F762B901
:1012F00008B5F2F70FFABDE80840F2F717BB002374
:10130000F1F764BD08B5D1E904319847002008BD64
:1013100008B5F2F7B1FF002008BD10B50C46017802
:1013200022788A428AB00FD06946F3F78BF805A974
:101330002046F3F787F810220DF115010DF1010099
:1013400002F042FD0AB010BD012A06D0022A07D0E1
:1013500072B940886388C01AF4E740686368FAE7A6
:101360001022611C01300AB0BDE8104002F02CBD13
:101370006FF01500E6E7042A0AD0102A0DD0022AE1
:101380004FF0000315D103700B8843800120704794
:10139000012303700B684360F8E7022300F8013B68
:1013A00001F1100351F8042B40F8042B9942F9D1B4
:1013B000ECE718467047012310B50621044600F8F3
:1013C000013BFAF7B5FB18B9A37963F03F03A371AA
:1013D00010BD0B6803608B8883808B7983710378E1
:1013E00023F00203037070470078C0F34000704799
:1013F0000F2807D80D280BD8052808BF032018BFD1
:1014000002207047132803D01A2808BF0120F6E7EE
:1014100001207047704710B50346BFF35B8F53E858
:10142000000F40EA010243E80024002CF7D1BFF38B
:101430005B8F10BD0B6803608B88838070470B68DF
:1014400003608B8883808B79837170470023F1F769
:10145000BDBCBFF35B8F50E8003F0B4040E800325B
:10146000002AF8D1BFF35B8F704770B506460D4672
:1014700040F206400321F3F715FD044668B103214D
:101480000C3001F0A1FA0680857021460022BDE8EB
:10149000704040F20640F3F73FBD6FF0680070BD4A
:1014A000F8B507460E4642F2220006211546F3F72C
:1014B000F9FC044678B106210C3001F085FA3B882E
:1014C00003804680858021460022BDE8F84042F234
:1014D0002200F3F721BD6FF06800F8BD2DE9F04759
:1014E0008146884642F2320007219DF820A0174627
:1014F0001E46F3F7D7FC0546A0B107210C3001F0DA
:1015000063FAB9F80030038080F80280C770067172
:10151000A0F805A029460022BDE8F04742F23200BB
:10152000F3F7FABC6FF06800BDE8F087C068F3F726
:10153000C9BD10B503884288934219D8052B17D925
:10154000B2F5486F14D88388B3F5FA7F10D2C088FB
:10155000A0F10A0189B240F67644A14208D80133CD
:101560009BB25343B3EB800F34BF0120002010BD6A
:101570000020FCE770B506460D4642F2210003212B
:10158000F3F790FC044618B9BDE87040F3F75EB875
:1015900003210C3001F018FA06808570214642F2D2
:1015A0002100BDE87040F3F735BF002070470020F0
:1015B000704708B5072202F007FCB0FA80F0400936
:1015C00008BD0B6803608B88838070470B680360DD
:1015D0008B8883808B79837170470023F1F7F6BB8A
:1015E00000280CBF08460020704718B111B108460A
:1015F000F4F71ABD6FF01500704713B5044680B1BB
:1016000006216846FAF794FA48B99DF8053069460C
:1016100003F03F0320468DF80530FFF7E6FF02B0E8
:1016200010BD6FF01500FAE7003818BF01207047B1
:10163000034610F4004F0CBF07200620DA0348BF12
:1016400000F005009B0348BF00F0FB007047BFF3AC
:101650005B8F0068BFF35B8F704710B50346BFF325
:101660005B8F53E8000F00EA010243E80024002CDE
:10167000F7D1BFF35B8F10BD0B6803608B8883804D
:101680008B7983717047012310B403FA01F104468A
:1016900062B1BFF35B8F54E8003F0B4344E8003274
:1016A000002AF8D1BFF35B8F10BC704710BCC94350
:1016B000FFF7D3BF2DE9F04F87B005469DF848608E
:1016C000DDF840909DF844A00C4690460021102281
:1016D00002A81F4602F0C3FCEEB9CDE90248012280
:1016E00002A942F20800F4F791FE044678B9BAF173
:1016F000000F3ED11035BFF35B8F55E8003F43F03C
:10170000040345E80032002AF7D1BFF35B8F20467F
:1017100007B0BDE8F08FF4F73DFC8346E4B937BB72
:101720005846EFF7C5FB0923012ECDE901B48DF82A
:1017300000308DF80100CDF80C80D0D1CDF810D05C
:1017400005960222CCE714F83320083A012A25D95D
:1017500001339845F7D1E2E70023FAE717F8332081
:10176000083A012A1AD901339945F7D1D8E700235D
:10177000FAE7022E4FF0010208BF059202A908BF46
:10178000324642F2090008BFCDF810D0CDE9027907
:10179000F4F73CFE0028ADD00446B8E76FF015041E
:1017A000B5E7436813F008000AD05A0307D403F4DE
:1017B000C063B3F5806F14BF022001207047012081
:1017C000704770B5064686B00D4642F20A00012108
:1017D000F3F768FB0446B0B10C3095B1012101F07C
:1017E00002F906F1100203A9204600950723F3F73A
:1017F00047FB0022214642F20A00F3F78DFB06B0B8
:1018000070BD2946EBE76FF06800F8E7183001F08B
:101810008FBF0023F1F7DABA2838F5F755B910B5BC
:101820000446006918B1F8F73DFA0023236110BDA2
:101830002DE9F0410446002704F138060023002278
:10184000304601F066F8034650B92046FFF7E7FF3F
:1018500004F158000022BDE8F0410023FCF75EB916
:101860009D699F61F8F71EFA002DE7D029462046B2
:10187000F5F75AF9E0E710B5BFF35B8FD0F8BC304D
:10188000BFF35B8F00F1BC027BB1BFF35B8F591CD0
:1018900052E8004F9C4204D142E8001CBCF1000F0A
:1018A000F6D1BFF35B8FE7D110BD1846FCE700F11E
:1018B000BC03BFF35B8F53E8001F013943E80012FC
:1018C000002AF8D1BFF35B8F428840F201139A429D
:1018D00008D1BFF35B8FD0F8BC30BFF35B8F0BB97F
:1018E000F5F742B870472DE9F84307460E46904693
:1018F00000244FF0C009B44203D100231846BDE8CC
:10190000F88309FB0470FFF7B6FF034658B1857AE8
:10191000012D02D0073D012D03D81A884245EDD094
:101920001846FFF7C4FF0134E5E710B50446F5F7A4
:10193000C9FF2046BDE81040F5F794B838B5037AE2
:101940008B420446154615D100F18801072228462E
:1019500002F03AFA80B1E378072243B904F1960124
:10196000284602F031FAB0FA80F0400938BD04F19F
:101970008F01F5E70020F9E70120F7E7883070478D
:10198000F8B507460D4642F213000E21F3F78AFA26
:101990000646D0B10E210C3001F016F80E22044696
:1019A000002102F05CFB3B8823802B8863806B88DE
:1019B000A380AB88E380EB88238131460022BDE819
:1019C000F84042F21300F3F7A7BA6FF06800F8BDD1
:1019D00070470023F1F7FAB9F8B505460F461646E9
:1019E00000234FF4803204210020F5F77BFC0446ED
:1019F00020B92846BDE8F840F5F728BF04210C308F
:101A000000F0E2FF0570477046802046F8BD704741
:101A100070B5D0E90035044623B16B6803B198472F
:101A200000232360E3680BB1204698472B6A1BB163
:101A30002046BDE87040184770BD38B5006D30B124
:101A400050F8084904B1083CFFF7E2FF04B938BD7B
:101A5000A5682DB12046083DFFF7DAFF2C46F7E7D1
:101A60002046BDE83840FFF7D3BF0431F5F73ABC54
:101A70002DE9F041144605460F4602F10C00042101
:101A80001E46DDF8188000F0B6FF228A4780043A2F
:101A900002804346324621462846BDE8F041F5F72C
:101AA00013BA006D30B183898B42A0F1080001D0D8
:101AB0008068F7E7704770470346006828B15968A7
:101AC00002681A60884208BF5A60704703460020C7
:101AD00003B970471A8A5B681044F9E710B5D468F7
:101AE0002378023113B92170012010BD8B42FBD045
:101AF000038A023B038200201061F6E7062070474C
:101B000073B51446014605464FF49572206800F0FF
:101B1000E5FD207500BB237AB3B1A3F1180253424F
:101B200053419B000193638A0093AE68238AE26865
:101B300020682946B047002808DB238A98420ED146
:101B400000232375012008E00223EBE710F1FF0FCB
:101B500005D34042C0B22075002002B070BD0E20F7
:101B6000F9E71FB5CDE90123002300931A46F7F7E3
:101B70006DFB05B05DF804FB70B405686A6A52B38A
:101B8000136803B1A03BA2F1A0040022114600E0BB
:101B9000A03B844207D0668D648BB14238BF31468A
:101BA000A24238BF22461C462BB1D3F8A030002BEE
:101BB000EED18442EFD1438D408B8B4201D89042CD
:101BC0000BD9824238BF02469942286838BF19466D
:101BD00070BCF7F75BBF1146EDE770BC7047D0688B
:101BE0000378043113B90170012070478B42FBD098
:101BF00091680B8A0020043B0B8210617047F8B596
:101C00009368166805460F46144663B9506801216B
:101C10000C3000F0D9FEA0602B681B78002B14BF9D
:101C2000022301230370A3681B78012B03D0022B2E
:101C30001FD000201CE02B681B78002BF9D16068B6
:101C400004210C3000F0C0FEE06007802A68E368E1
:101C500052885A806168728D738B088A9A4294BF49
:101C6000C0EB0200C0EB0300042894BF0020012059
:101C7000F8BD2B681B78022BDBD1606812210C3079
:101C800000F0A2FEE06007802B68E268591C023277
:101C9000113351F8040B42F8040B9942F9D16168F1
:101CA000728D738B088A9A4294BFC0EB0200C0EB1E
:101CB00003001228D9E70023F1F788B82DE9F04F87
:101CC000044685B0104690469946FFF7FFFE638BA9
:101CD000628D934228BF134683428B4640F2938025
:101CE00063680393404600F049FE4FF0000A064641
:101CF0004046FFF7EBFE628B638D06F10C079A42BC
:101D000094BFC0EB0205C0EB0305384600F097FE18
:101D1000854217D24046FFF7D9FE628B638D9A4207
:101D200094BFC0EB0205C0EB03058DBB98F80A0019
:101D3000F7F70AFF0022002300F0E6FD064630B95F
:101D4000574636E0384600F07AFE0546EDE7014694
:101D5000404600F024FE4046FFF7B8FE628D638BDC
:101D600006F10C079A4294BFC0EB0205C0EB0305D5
:101D7000384600F064FE85421FD24046FFF7A6FEBB
:101D8000628D638B9A4294BFC0EB0205C0EB0305E2
:101D9000F168328ACDF80090DBF8047003980A44A9
:101DA000ABB25946B847071E0CDABAF1000F18BF9C
:101DB0005746384605B0BDE8F08F384600F03FFE84
:101DC0000546E5E70E9BB3B9394606F10C0000F075
:101DD000FBFD4046FFF77AFE638D628B934228BF7E
:101DE0001346B9448342BA441FFA89F9A8D9AF42CD
:101DF0003FF47EAFA4E70F9A0E9B394630469847D2
:101E00000028E1D19CE70027D3E70368002203B94B
:101E100070478B420FD10B683AB942680360914218
:101E200000D1436000230B60704713604368994200
:101E300008BF4260F6E71A461B68E8E701238B40BB
:101E4000DB43BFF35B8F50E8002F1A4040E80021CE
:101E50000029F8D1BFF35B8F70470620704710B59B
:101E6000012303FA01F1BFF35B8F50E8003F43EA1F
:101E7000010240E80024002CF7D1BFF35B8F194228
:101E800014BF0120002010BD73B51668054600235D
:101E90007068137314462946952200F01FFC2073C6
:101EA00080B9CDE900002946A388A2683046FFF733
:101EB00005FF002809DA10F1FF0F26BF4042C0B22B
:101EC0000E202073002002B070BD0120FBE72DE939
:101ED000F3411668074600237068137314463946A9
:101EE000952200F0FBFB0546207308BBA068718DAE
:101EF000728B038A914294BFC3EB0103C3EB0203CD
:101F0000012B15DD02210C3000F05EFDCDE90055FE
:101F10008046A388A26839463046FFF7CFFE031EED
:101F20000ADA13F1FF0F26BF5B42DBB20E232373E5
:101F3000002002B0BDE8F081A8F800300120F8E7E9
:101F4000F8B504468868FFF7C1FD638D628B934244
:101F500028BF134683420D460BD3A1638F6800262A
:101F60008E6020463946F6F753F908B1AF60A66394
:101F7000F8BD6FF07900FBE738B5BFF35B8F0B68F6
:101F8000BFF35B8FDB07054617D550F8040CA0B1F3
:101F90006B6B93B90430FFF78FFD044668B10146BF
:101FA000281FFFF7CDFF002807DA55F8043C5A68D0
:101FB00022609A685C6002B99C6038BD2DE9F041EE
:101FC000446A07463CB354F8A06906B1A03E00231A
:101FD0001D4607F1040801E034461646A26B9AB983
:101FE00005B98BB94046FFF767FD054658B1014674
:101FF0002046FFF7A5FF00280DDA7B682B60BB6841
:102000007D6003B9BD6023462EB1D6F8A020002A1A
:10201000E2D0A03AE0E7BDE8F08170B500220446C6
:10202000002308460E4600F074FC054658B10146F0
:102030002046F6F7EDF8044618B12946304601F07F
:1020400094FA204670BD6FF00104FAE7F8B550F835
:10205000044C0546071F04213030FFF7EFFE04B3A0
:102060006B6B8BB963687BB1201DFFF725FD0146C3
:1020700006463846FFF764FF002812DA63683360CB
:10208000A368666003B9A66005F138013846FFF71A
:10209000C4FF30B104F10C013846BDE8F840FFF749
:1020A000BCBFF8BD38B504460D46F6F7B1F830B1FF
:1020B000294604F13C00BDE8384000F059BC38BD69
:1020C0002DE9F041064690461F460D46B9B104225F
:1020D0000121F5F715FF044618B9BDE8F041F5F701
:1020E0004FBE04210C3000F06FFC0570A0F8018099
:1020F000C77021463046BDE8F041FFF7D3BFBDE8C9
:10210000F08137B50C46054601F10C0000F08BFC60
:10211000228A0192E2680092034613221221284685
:10212000F6F7ACF903B030BD37B50C46054601F102
:102130000C0000F078FC228A0192E26800920022F2
:10214000034611462846F6F799F903B030BD0868F2
:1021500083689B690BB104301847704710B50C4673
:102160000AB9FFF7F4FF2046BDE81040F5F71EBDA1
:102170002DE9F84306460D46144622B1BDE8F84362
:102180000846F5F713BDFFF7E2FFAF68B5F8048026
:10219000D5F80C902846F5F709FD2FB9BDE8F8836E
:1021A00049463046B8470134A3B24345F8D3F5E772
:1021B00010B50C460AB9FFF7CAFF2068836B2BB134
:1021C0004FF4702200237030FBF7A8FC2046BDE8D6
:1021D0001040F5F7EBBC10B50C460AB9FFF7B7FF96
:1021E000206801213430FFF729FE2046BDE8104069
:1021F000F5F7DCBC10B50C460AB9FFF7A8FF20685C
:1022000000213430FFF71AFE2046BDE81040F5F7F4
:10221000CDBC07B5CA681388528800920C210D22E4
:10222000F6F718FB03B05DF804FB07B5CB68002296
:102230001B8800920A210B22F6F70CFB03B05DF815
:1022400004FB2DE9F041CB681F88BBB2162B054675
:102250001CD902220321F6F7B1F90646C0B10221CA
:102260000C3000F0B1FB00244FF0170880F800801C
:10227000447031462846FFF715FF2846A5F81A8016
:102280006F85FFF779FC2046BDE8F0810420FBE76D
:102290000E20F9E70A8AC9680023F6F785BC70B5F5
:1022A0000E46F5F77FFD044640B9B069F5F77EFCB0
:1022B0003046F7F7F7FC6FF07F0070BD00F10C05BA
:1022C0002846314600F054FB606A38B150F8A04906
:1022D00004B1A03C2946FFF7A0FE20B90020ECE79E
:1022E0001C466FF00100002CF8D0D4F8A03023B9C0
:1022F0000230F5D020461C46ECE7A03BF8E710B5CD
:102300000C46F5F74FFD60B10023236083682BB9BD
:10231000C0E90144FFF752FE002010BD1C6084603C
:10232000F8E76FF07F00F8E70120704710B5F5F788
:1023300039FD50B1446A44B1A03C04F13400052198
:10234000FFF77CFDD4F8A040F5E710BD08B50421E7
:10235000FFF7A7FB30B1BFF35B8F006BBFF35B8F61
:10236000C0F3401008BD8069C0E9021201228280DA
:10237000037470471060002070470B4609895A8922
:102380008A4203D05981DB6803B11847704710B502
:10239000029CA3680A460BB121469847A37DE268D8
:1023A000013BDBB2A37522B11BB92046BDE810404A
:1023B000104710BD1060918000207047F0B507688D
:1023C0003D7889B006461446DDB97B88B3F5245FB5
:1023D00004D010D8A3F52053032B12D8ADF80A105F
:1023E00002220DF10A012046FEF7DBFE68B96FF00C
:1023F0001502A26506E003F55643FF339BB2042B9A
:102400001ED90125284609B0F0BD7B88ADF80A30F9
:1024100002220DF10A012046FEF7C3FE0028E6D095
:102420000020009003AA776813233146B847021EA4
:10243000DFDB03A92046FEF7B4FE0028E1D1D6E792
:10244000ADF80A1002220DF10A012046FEF7A9FE9E
:102450000028CCD07B88ADF80A3002220DF10A01A9
:10246000E8E708B5072201F0AFFCB0FA80F04009B8
:1024700008BD10B50346BFF35B8F53E8000F40EA79
:10248000010243E80024002CF7D1BFF35B8F10BD9D
:102490000B6803608B8883808B798371704700237E
:1024A000036043608360704738B5BDF810409442C4
:1024B00015460AD3A41A8C42A8BF0C46A4B22246E1
:1024C000591901F0BEFD204638BD6FF00604FAE749
:1024D00030B585B0C96814461D46F6F79DFC00B1BD
:1024E0000089ADF80E0002230093BDF820200DF105
:1024F0000E0329462046FFF7D7FF05B030BD1FB5B4
:102500000C461946E3681C781046BDF818203CB10B
:1025100010240133069404B0BDE81040FFF7C4BF97
:102520005B88ADF80E30022300930DF10E03FFF728
:10253000BBFF04B010BD30B585B01D460023144666
:102540008DF80C30F6F73EFC10B1037A8DF80C30A4
:1025500001230093BDF8202003AB29462046FFF756
:10256000A3FF05B030BD2DE9F04114461D46BDF86E
:102570001870F3F70FFD0646EEF79AFC80B206904E
:1025800033463A4629462046BDE8F041FFF78CBF66
:1025900030B585B014461D46FFF707F80223ADF8A5
:1025A0000E000093BDF820200DF10E0329462046B1
:1025B000FFF77AFF05B030BD0023F0F707BC38B550
:1025C00000F1880504462946007AFEF7F0FF207ADC
:1025D0002946F6F70FFC18B1BDE83840FFF75FBF9A
:1025E00038BD022A10B508D1002300F188011A462F
:1025F000007AF6F7B3FC022010BDFFF7E0FFFAE720
:1026000001210C30FFF735BF38B504461546FFF7FA
:102610008BFE40B12046F6F7D5FB20B1037ADB07ED
:1026200001D5FFF7EDFF35B9207A04F18801F6F7FF
:10263000E1FB00B1856038BD13B5044610B9002038
:1026400002B010BD00238DF80430006842F6030389
:1026500001A9ADF80630FEF760FE0028EFD1E3686F
:1026600098880028ECD12046F6F7C0FD013080B2F2
:10267000E6E770B5CC6888B008461E46A3798DF8A9
:102680000C301546FFF7D8FFADF80D00246823780D
:102690006BB96388ADF80F3005230093BDF8302087
:1026A00003AB31462846FFF7FFFE08B070BD631C40
:1026B0000DF10F02113453F8041B42F8041BA3421E
:1026C000F9D11323E9E71FB5CDE9012300230093D6
:1026D0001A46F6F7BBFD05B05DF804FB12F0010FDA
:1026E0004B8A04D013F0950F10D0486870B112F0E7
:1026F000020F04D013F4957F0AD0896841B11A40C3
:1027000012F03C0F14BF05200020704702207047D4
:10271000032070472DE9FF41837A072B05460C46BD
:10272000174610D100238DF80C30206842F60303C1
:1027300003A9ADF80E30FEF7F0FD60B9E3689B79B0
:1027400013F0300F03D1002004B0BDE8F081204623
:10275000F6F762FE0446002320688DF80C3003A9CA
:1027600042F60213ADF80E30FEF7D7FD18B1204641
:10277000F6F752FE0446002642F6021820688DF84D
:1027800000606946ADF80280FEF7C7FDD8B90023A6
:1027900020688DF80C3003A942F60213ADF80E3014
:1027A000FEF7BBFD0028CED1E4682246284612F889
:1027B000011BFFF7C3F80028C5D023891F4214BFAF
:1027C00001200020C0E720688DF8046042F6030372
:1027D00001A9ADF80630FEF7A0FD0028D7D020688B
:1027E0008DF808604FF4205302A9ADF80A30FEF7C7
:1027F00094FD0028CBD020688DF80C6042F60103D0
:1028000003A9ADF80E30FEF788FD0028BFD02046A2
:10281000F6F702FE04460028B0D194E72DE9F04116
:1028200005460F46F6F7CEFA044608B3037ADA07F0
:102830001ED5BFF35B8FC668BFF35B8F16F0010632
:1028400000F10C0814D1A7B1BFF35B8F58E8003F2B
:1028500023F0020248E800210029F7D1BFF35B8F83
:102860009B07284608D5FFF761FD2046FFF7C8FE05
:1028700001263046BDE8F081FFF756FD0028F8D06C
:102880002846FFF763FD0028F3D0BFF35B8F58E8BD
:10289000003F23F0020348E80032002AF7D1BFF3DB
:1028A0005B8F2846DFE7F7B500214FF0FF324FF08E
:1028B000FF3307680846FFF7D8F800F10C06044616
:1028C0000121304600F080F80525057001213046D1
:1028D00000F07AF80023057022460093062138465E
:1028E000FFF7C6F810B12046F7F7DCF9002003B077
:1028F000F0BD6FF0850070470020704770470023DF
:1029000003824369C3607047416A49680968F7F701
:102910004BB9FAF7B7BE4FF04003EFF3118283F3E0
:102920001288BFF36F8F00230B60436833B9C0E98F
:10293000001182F31188BFF36F8F704719604160F7
:10294000F7E710B503464FF04002EFF3118182F331
:102950001288BFF36F8F006828B15C6802681A6044
:10296000A04208BF5A6081F31188BFF36F8F10BD7A
:1029700000F0F0BD027A0132027270470346184639
:102980005B68002BFBD17047426810B52AB10B463B
:102990001C465B68002BFBD16260416010BD10B526
:1029A000044620B90B7A01330B72084610BD03466A
:1029B00018465B68002BFBD1FFF7E6FF2046F5E7E2
:1029C00083680B44036070478388026819448180E0
:1029D000D018704730B484880568A31883802819FC
:1029E00030BC01F02EBB10B5838802685C1C84806B
:1029F000D154D01810BD034600689A88401A11447B
:102A00001860998070478288521A03468280006855
:102A1000084418607047034600689A88521A0144B7
:102A20009A801960704710B503681C880221FFF76F
:102A3000EAFF204610BD02688068101A704783883C
:102A4000C2888168D21A03685B1AD01A704703697A
:102A5000C9B20C2201FB0233186C00F0070070476A
:102A60004FF04003EFF3118283F31288BFF36F8FAF
:102A7000036803F0C00343F00203036082F311888C
:102A8000BFF36F8F704770B5C9B203694FF0400450
:102A9000EFF3118584F31288BFF36F8F0C2606FBCA
:102AA0000134246C14F0C00408D0A24206D085F38F
:102AB0001188BFF36F8F4FF0FF3070BD71430B442F
:102AC00001221A6485F31188BFF36F8F43680B44AA
:102AD0005B6898470020F0E78022FFF7D4BFF8B585
:102AE000069F0469C9B24FF04005EFF3118685F3E4
:102AF0001288BFF36F8F0C2569430C44256C05F0D9
:102B0000070CBCF1010F0BD1276486F31188BFF3CA
:102B10006F8FC4E90E2343685B5898470020F8BDC7
:102B200005F0C005AF4286F31188BFF36F8F0CBF6D
:102B30006FF077004FF0FF30F1E713B58024009479
:102B4000FFF7CDFF02B010BD10B40069CBB21C245A
:102B500003FB0400002110BC1047002000F011BA54
:102B60001046FAF7C3BD0020704738B50C4615462D
:102B7000F3F704FA28B129462046BDE83840F2F7B9
:102B800075BA6FF00A0038BD43685B68D3F810353A
:102B90000B600020704743685B6802EA010021EA8D
:102BA0000201C3F80805C3F80C15002070474368FC
:102BB0005B680020C3F80815704743685B68002015
:102BC000C3F80C15704743685A68D2F8043521EAF7
:102BD00003000B40C2F80805C2F80C35002070470E
:102BE00010B503695868F8B1884219D19C68086823
:102BF0005860A14200D19860002008602AB15A684C
:102C00000A609A68596002B99960002010E0814218
:102C100006D10868206098688142EDD19C60EBE79E
:102C2000044600680028F2D1002AE8D16FF01500B0
:102C300010BD13B5002101AA044600F030F80028A9
:102C400005DB019B226819791868F7F7D9FD02B0F6
:102C500010BD10B50446002201210320F0F740FD0D
:102C600063689869FFF7E5FF002804DB2046BDE8AC
:102C70001040F7F7D5BC10BD10B504460022012165
:102C80000420F0F72DFD63689869FFF7D2FF002854
:102C900004DB2046BDE81040F7F7C2BC10BD30B5DC
:102CA00043681360057A446804EBC504A34202D369
:102CB0006FF0010030BD5C798C4201D00833F0E741
:102CC0000020F7E702690B46D2E9010183E803001F
:102CD0000020704743681B68D3F88004C3F8800461
:102CE0007047436802691B68D3F8100150B15269FC
:102CF000002012780A70C3F81001D3F810210122C5
:102D00001A6070474FF0FF30704702680346D2F8F0
:102D1000580140B95B689B0706D4D2F820010038FF
:102D200018BF012070470120704742681368D3F82C
:102D30000413C90518D5D3F82011A9B14FF04000EC
:102D4000EFF3118180F31288BFF36F8FD3F8200166
:102D500030B10020C3F82001D3F820010120D86051
:102D600081F31188BFF36F8F5268D20615D54FF0EB
:102D70004001EFF3118281F31288BFF36F8FD3F814
:102D8000581111B10021C3F800154FF48001C3F8A8
:102D9000081382F31188BFF36F8F704700F150035F
:102DA0009B009BB203F1804303F5883300221A6035
:102DB0001B68704708B5F7F7D7FF08BD10B5F8F7DF
:102DC000FDFF4FF0FF304FF0FF31F8F76FF9044689
:102DD00020B9DEF707FB0446F8F770F9204610BD6E
:102DE000F8F7ACB938B5038A054673B3037EA3B1CF
:102DF000022B2AD14FF0FF304FF0FF31F8F756F990
:102E0000044640B9E868EAF7CAF90446F8F756F903
:102E1000B4B1F8F7A7F9204638BD4FF0FF304FF0B6
:102E2000FF31F8F743F904460028F4D1E868F8F7D1
:102E300037FB0446F8F742F9002CECD1F8F792F989
:102E40002846F6F72FFF0024E5E76FF01504E2E7C8
:102E5000F8F79EBA10B530220446002101F0FFF8C1
:102E6000202323708023A3706FF03F03637104233A
:102E7000A3722823A3730223E3730423A3756FF0C3
:102E8000080363766FF03C03A3766FF00C03E376E0
:102E90007E232377302384F820306FF03F0384F8BB
:102EA0002130072384F822306FF0070384F82330A1
:102EB000012384F82430802384F82630042384F806
:102EC0002930402384F82D3010BD00230360436077
:102ED000037823F03D0343F03D030370437823F070
:102EE000410343F041034370704701F1200301386F
:102EF00013F8012D00F8012F8B42F9D17047002102
:102F0000F8F77EBF90F84010012901D8F8F778BF94
:102F100012207047684620F007018D4601B5E8F79A
:102F200041FFF0F703FDBDE801408546704708B555
:102F30004FF0FF314FF0FF30F8F7B8F8EDF75BFED8
:102F4000BDE80840F8F7BAB8684620F007018D469A
:102F500001B5E8F7DDFEBDE80140854670476846EB
:102F600020F007018D4601B5E6F706F8F0F7DEFC24
:102F7000BDE801408546704708B5EDF7FDFC00202F
:102F800008BD012801D1E8F767BD70477047E8F731
:102F9000ADBB4FF08053D3F83001421C04BF4FF05B
:102FA000704393F8E00F831F584258417047004721
:102FB00000F079B9C00000F1804000F5F830C0F8A9
:102FC0001015C0F814257047036803F01F025B0951
:102FD00002600CBF4FF0A04000207047F7B5019091
:102FE00001A8DDE9084716461D46FFF7EDFF019BE6
:102FF000B6F1000C18BF4FF0010C00EB83000B1E64
:1030000018BF0123002D43EA4C0314BF4FF00C0CF2
:103010004FF0000C002C43EA0C0314BF4FF4E06C9B
:103020004FF0000C002F43EA0C03D0F8002714BF28
:103030004FF4403C4FF0000C43EA0C0322EA030338
:1030400001B109780EB13678760019430DB12D78AB
:10305000AD0031430CB12478240229430FB13F78ED
:103060003F040C433C43C0F8004703B0F0BD1FB51C
:103070000DF10F03019300238DF80F1000931A46F2
:103080001946FFF7ABFF05B05DF804FB30B5D0F88B
:1030900004312BB10023C0F80431D0F804310123EE
:1030A00091F82F2022B30022C0F82421D0F8244127
:1030B000C0F81C21D0F81C41C0F80821D0F8082124
:1030C000002B79D0002281F82D2091F82F20002AA2
:1030D00037D14D6B8C6AA5421FBF0523C0F8002570
:1030E000C0F80035134683F0010381F82F3028E043
:1030F000D0F8244114B1C0F824210EE0D0F81C21EE
:103100006AB3C0F81C41D0F81C214A6B01324A63F3
:10311000D0F8245145B1C0F82441D0F8242101222F
:10312000426181F82F20CBE78C6AA24204D24C6A1C
:10313000A25CC0F81C25C3E791F82C201AB101232A
:10314000C361002030BD0A6A12F0400F4FF0010247
:1031500003D0C26181F82D20F3E74261B0E7D0F8D7
:103160000841002CACD0C0F80821D0F80841D0F8B4
:103170002441002CBFD14A6B8C6AA242A0D24C6A77
:10318000D0F81855A5544A6B8C6A0132651EAA42C4
:103190004A6308D10A6A540602D40222C0F8002207
:1031A000012202628CE7A242FAD10A6A520687D54E
:1031B000022381F82D30C4E70120C3E72DE9F04157
:1031C00086B080460C46FFF761FF002846D191F893
:1031D0002F50FDB90A7B931E012B1BD8486A8B69BF
:1031E000984217D1CB694B624B698B620B6A81F8AD
:1031F0002D50C3F34013032A81F82C30404604D1EC
:1032000006B0BDE8F041F9F7F3BB06B0BDE8F04108
:10321000F9F770BC04F10C070FCF01AE0FC63B6885
:10322000336065B1D8F8C454C8F8C454A90718D499
:103230006A0718D405F00105C5F10405EDB20023B5
:1032400084F83030236A8DF800505B0702D594F87B
:103250002F301BB1D4E900316846984706B0BDE86D
:10326000F0810125EBE70225E9E7036803F01F027F
:103270005B0902600CBF4FF0A0400020704707B50B
:10328000019001A8FFF7F1FF019A01239340C0F8D4
:10329000083503B05DF804FBF9F716BE08B5FFF773
:1032A000FBFF002008BD08B1F1F734B87047704744
:1032B00040B1C368587810F001001EBF1878B0FA0A
:1032C00080F04009704700F0CABE00F0BABE10B4EA
:1032D00000F10C04C0E9034410BCFDF7A9B92DE9C5
:1032E000F04F87B0DDE9106705463B46914604A8DC
:1032F0003246884600F09CFBDDE9043405F1140AEF
:10330000CDE902344FF04003EFF3118483F31288C8
:10331000BFF36F8F05F10C0B4A4641462846FDF777
:103320001FF930B184F31188BFF36F8F07B0BDE888
:10333000F08F3E43F6D0DDE9022304A800F09CFBA9
:10334000DDE904675A46CDE9006721465046FAF7A1
:103350002DFD4FF04003EFF3118483F31288BFF388
:103360006F8FD9E738B504464FF04003EFF311856E
:1033700083F31288BFF36F8FFDF7BAF804F10C00E6
:1033800000F007FB30B1294604F11400BDE83840D5
:10339000FAF770BD85F31188BFF36F8F38BDD0E9A0
:1033A0000332134313F003030CD143618168994244
:1033B00001D80020704741691160C1684261013342
:1033C0000A44F3E76FF015007047F8B504460D4660
:1033D0004FF04003EFF3118683F31288BFF36F8F32
:1033E00047696FB900F08BFA50B1C767456100F0CB
:1033F00027FA314604F10800BDE8F840FAF73ABD73
:1034000063692B60A3696561013BA36186F3118841
:10341000BFF36F8FF8BDEFF30580003818BF0120B0
:1034200070476FF05700704700207047FAF734BDBF
:1034300008B54FF04002EFF3118382F31288BFF317
:103440006F8FF0F79DF8F4E790F90E308B4201D0C2
:10345000FAF7CABC002070472DE9F84399460446A4
:103460009DF820300D46904600F108064FF04002CE
:10347000EFF3118782F31288BFF36F8F03B14568B2
:10348000304600F03CFA58B10023C367C0F81480FE
:1034900000F0D6F930463946FAF7ECFC00200CE093
:1034A000B9F1000F1BD00821FBF712F938B987F3E7
:1034B0001188BFF36F8F6FF00B00BDE8F883012216
:1034C000C0F804800260016801F003015DB9226860
:1034D0000A430260626820606AB960600BE0C8F865
:1034E00000904046EFE72A68032A10D8016061681F
:1034F00039B9C4E90000042104F1100000F046FCD1
:10350000C8E70A6802F0030202430A60E5E722F016
:1035100003020A4302602A6802F0030240EA02033F
:103520002B60E8E710B5044630B10268930703D07A
:10353000446809B100F040FC204610BD0023C0E9FA
:10354000003300F10803C0E9023300F11003C0E9C1
:103550000433704707B50123009300230A46194638
:10356000FFF77AFF03B05DF804FB07B500230A46B6
:1035700000931946FFF770FF03B05DF804FB006885
:103580000021FFF7CFBF5AB18A4209D300F11003DF
:10359000C0E90212C0E90000C0E90433002070470E
:1035A0006FF015007047026801238B4022EA030385
:1035B000036022FA01F000F00100704710B503210A
:1035C00004460C30FFF7EFFF30B104F1100000F0BB
:1035D00013FAB0FA80F0400910BD20B10022114664
:1035E000883000F0E6B9704770B5C368C3F3400691
:1035F0009B07044616D4856802210C30FFF7D3FFE1
:1036000080B1D5F880206AB194421DD122689EB95C
:10361000D5F88430C5F880209C4201D1C5F88420BB
:1036200000232360E36813F00F001EBF43F0020382
:10363000E36040F0020070BD3260D5F8842094420F
:1036400008BFC5F88460EBE716461268DBE773B580
:1036500004464FF04003EFF3118583F31288BFF364
:103660006F8F0023A0F11006032104380193FFF7A8
:103670009AFF28B1A369019301A93046FAF758F9D6
:1036800085F31188BFF36F8F02B070BD38B5044663
:103690000D461022002100F0E2FC656038BD4FF0BD
:1036A0004002EFF3118382F31288BFF36F8FC0687B
:1036B00000F00F0083F31188BFF36F8F704713B5CD
:1036C000019008464FF04003EFF3118483F3128812
:1036D000BFF36F8F01A9FAF72BF984F31188BFF3B9
:1036E0006F8F02B010BD10B5FFF7E9FF041E09DDB2
:1036F0004FF04003EFF3118083F31288BFF36F8F15
:1037000000F031F9204610BD08B5A022002100F0DC
:10371000A6FC08BD38B5302204460D46002100F055
:103720009EFC4FF480736560E36038BDFFF7B7BF60
:1037300038B504464FF04003EFF3118583F3128848
:10374000BFF36F8FFFF73AFF2046FFF74DFF85F37A
:103750001188BFF36F8F38BDF8B504460D464FF0A2
:103760004003EFF3118683F31288BFF36F8FC368B2
:1037700003F00F03002B14BF0127002705D186F3A8
:103780001188BFF36F8F3846F8BDFFF717FF20464B
:10379000FFF72AFF29462046FAF7ACF886F311888E
:1037A000BFF36F8F0028EED04FF0FF324FF0FF33A2
:1037B00005F10800F9F7C0FFE5E7D0E90032136032
:1037C0005A600023C0E90033704708B5FFF7F5FFE2
:1037D000437B23F0020343730023836008BD90F909
:1037E0000E3091F90E00834214BFC01A00207047BA
:1037F00038B504460D46FAF779FA637B43F00203C5
:103800006373E5B1A5602B689D4209D16B68C4E97B
:1038100000531C606C6012E06A689342F6D01B682B
:10382000002BF3D094F90E2093F90E108A42F3D0B6
:103830009142F1DD5A68C4E9003214605C6038BD21
:1038400010B54FF04003EFF3118483F31288BFF3F8
:103850006F8FFAF717FA84F31188BFF36F8F10BDDB
:1038600008B54FF04002EFF3118182F31288BFF3E5
:103870006F8F83680BB1FFF7A8FF81F31188BFF347
:103880006F8F08BD38B504464FF04003EFF3118544
:1038900083F31288BFF36F8F437B13F0280F0BD194
:1038A00083680BB1FFF791FF637B51B903F0FB0312
:1038B00063732046FAF7E6F985F31188BFF36F8F3B
:1038C00038BD03F0EB03F3E701211838FFF7DABF47
:1038D00008B503464FF04002EFF3118182F31288DE
:1038E000BFF36F8F0068834207D008B1FFF76DFF09
:1038F00081F31188BFF36F8F08BD0020F8E738B55A
:103900004FF04003EFF3118583F31288BFF36F8FFD
:103910000468A0420DD034B12046FFF756FF04F1F1
:10392000180000F069F885F31188BFF36F8F204607
:1039300038BD0024F7E710B501464FF04003EFF320
:10394000118483F31288BFF36F8F83680BB1FFF785
:103950003CFF84F31188BFF36F8FBDE8104001F185
:10396000180000F049B8034620B9EFF305820AB900
:10397000EFF7F0BE83F31188BFF36F8F70474FF0FE
:103980004003EFF3118083F31288BFF36F8FFFF7CB
:10399000EABF38B5054600202C68A54200D004B91E
:1039A00038BD2046FFF7C7FF2046FFF749FF01203B
:1039B000F2E738B54FF04003EFF3118583F3128837
:1039C000BFF36F8F0468A04212D09CB1E1676261BF
:1039D0002046FFF7FAFE04F1180000F00DF820462B
:1039E000FAF750F9012085F31188BFF36F8F38BDC6
:1039F0000020F8E72046F6E710B54FF04002EFF35D
:103A0000118482F31288BFF36F8F03683BB1FAF71A
:103A100023FC002084F31188BFF36F8F10BD6FF07B
:103A20001500F7E708B5FAF713FD08BDFAF710BD62
:103A3000B3F1FF3F08BFB2F1FF3F70B504461D462A
:103A4000164613D01A4315D06FF00102921B4FF0A7
:103A5000FF3363EB0501002904DAFAF7F9FC821958
:103A600041EB0501C4E90021204670BD4FF0FF3253
:103A70001146F7E70022FBE7B3F1FF3F08BFB2F1C1
:103A8000FF3FF8B5074616461C4610D054EA02031D
:103A900011D0FAF7DDFCB0420A46A14103460AD232
:103AA000F31A64EB0204C7E900343846F8BD4FF05E
:103AB000FF331C46F7E70023FBE70023C0E90812A9
:103AC00000F11802C0E90622C0E900330363436332
:103AD000704710B50446FFF78FFFB0B9636A0BB1AA
:103AE0002046984704F11800FFF7F2FE68B1FFF78F
:103AF000A7FE4FF04003EFF3118083F31288BFF36A
:103B00006F8FBDE81040FFF72EBF10BDF8B50D4612
:103B1000D0E900138842044605D16368C5E9004333
:103B20001D6065601DE0002BF7D0986800B160381B
:103B3000A2F160073946FFF752FE0028EDDC266847
:103B4000B442EAD0002EE8D0B16801B160393846FD
:103B5000FFF745FE002805DD7368C5E900631D60B9
:103B60007560F8BD63689E42D7D03668EAE72DE9F4
:103B7000F84F00258B4614461F4682462E46A8461F
:103B80005D4502DB3046BDE8F88F4FF04003EFF3B0
:103B9000118983F31288BFF36F8F9AF80D3003F009
:103BA0003F03013B072B0FD8DFE803F01E040E0A8A
:103BB0000E0E0E25DAF810309B682BB1022320E0A0
:103BC000DAF810301B688BBB47BB237833B39AF805
:103BD0000D3003F03F03013B072B30D8DFE803F043
:103BE00033282F282F2F2F38DAF810309B68002B1E
:103BF000EAD0012305E0DAF810301B6A002BE3D08D
:103C00001023DAF80C20CAF80880C2F386310B437F
:103C100063F39432CAF80C2084F8008089F3118889
:103C2000BFF36F8F01350AF1140AA9E70423E8E70F
:103C3000DAF81000224651461030FFF767FFCAF845
:103C400008400136EAE7DAF8100022465146F4E768
:103C5000DAF81000224651462430EEE72DE9F84309
:103C6000846805460E4644B16378012B2ED114F8C2
:103C7000533C13F002030AD12370EB68C3F386327E
:103C80001643002066F39433A860EB603EE054E9ED
:103C90000E23B3F1FF3F08BF12F1020F32D0A4F19F
:103CA00060084046FFF747FE082E0CBF6FF0030385
:103CB0000023E36114F8533CDB0609D154F8487C37
:103CC00037B94046FFF7BCFD2770D6E7022B01D07D
:103CD0000023D1E72378002BCFD054F8047C002FA9
:103CE000F2D04FF00008A4F1140904F11400FFF71A
:103CF00083FEC4F82C8049463846FFF7E0FC84F880
:103D00000080BAE7002323706FF00A00BDE8F88353
:103D10001423F0B503FB010000244FF48B7601B9A6
:103D2000F0BD10F8073C40F80C4C03F03F03082BA3
:103D3000A0F114070CD826FA03F3DB0708D550F8D6
:103D4000143C2BB150F8105C2B605D6040E90544D9
:103D500082F31188BFF36F8F4FF04003EFF31182AE
:103D600083F31288BFF36F8F01393846D7E710B558
:103D70005205090201F47C5102F400120A43017B4E
:103D800000240A43C0E90323846010BD0346006891
:103D9000834208D0D0E9003213605A600023C0E9A2
:103DA0000033FFF75BBF70470023C0E9000083606A
:103DB000704700238360704720B1011F50F8040C46
:103DC000FFF7D0BA7047704710B5013902449042EE
:103DD00001D1002005E0037811F8014FA34201D082
:103DE000181B10BD0130F2E710B5024601448A42AB
:103DF000134603D01C780132002CF8D1181A10BDDC
:103E00002DE9F0471D46AB0548BF25F40075074670
:103E1000884616464CBF4FF0070A4FF0270A4FEA74
:103E2000E579384641462A464B46DCF711FFD4B2C5
:103E3000092C88BF54443A46434688BFE4B2AA429C
:103E400004F1300473EB090306F8014B074688467A
:103E5000E7D23046BDE8F0872DE9F04F87B006186D
:103E6000994602AB41EB0104009315463046D2E976
:103E700000232146DDF844B000F0A9F804AB00931C
:103E8000D5E90223074688463046214600F09FF8D0
:103E9000DDE90263841951EB0306049BD5E90001B7
:103EA0004FF0000228BF0122D218059B43F1000306
:103EB000381848EB0101B84271EB0801D5E902C19D
:103EC00034BF0120002014EB0C0C46EB010110EB79
:103ED0000C0041F10001A04271EB060C34BF4FF021
:103EE000010C4FF0000CCDE90423A9F1410A1CEBB1
:103EF000020243F10003CDF800A000F083F8109B0C
:103F0000C3E90001129B012BDDE9042329D1D5E986
:103F10000201D5E900C5201A66EB0101674578EB7F
:103F2000050534BF01250025401B61F100018442D5
:103F300076EB010534BF01250025521BCDF800A00A
:103F400063F1000300F05EF8DDE90423CBE9000132
:103F5000CDF800A02046314600F054F807B0BDE887
:103F6000F08F17EB070E48EB080C201946EB060103
:103F7000BE457CEB080834BF01270027C71941F173
:103F80000008D5E9000186457CEB010CD5E9021556
:103F900034BF01200020381A68F1000C401A6CEB85
:103FA000050192185B41A74278EB060534BF012555
:103FB0000025521943F10003874278EB010834BF12
:103FC00001250025521BA9F140050095B8E7F0B581
:103FD0000F460446A0FB0201A7FB02524919A3FBAE
:103FE000044542F10002A7FB0373611845F1000488
:103FF000D219059E43F10003121943F10003C6E9EB
:104000000023F0BDF0B5059CC4F14007C4F12006C3
:1040100002FA06F6A4F12005BB4022FA05F5334367
:10402000C4F120062B4301FA06F6A4F12005E04076
:1040300021FA05F53043BA402843E14010431943C3
:10404000F0BD0A44914200F1FF3300D1704710B532
:1040500011F8014B03F8014F9142F9D110BD024410
:104060000346934200D1704703F8011BF9E7D1E9F9
:10407000043293421EBF5A1C0A6118707047000038
:0C40800001480068704700006029002023
:08408C009C89FE7F0100000089
:10409400FD42010000000000B19D01004441020006
:1040A4009D32020000000000E5D201000000000083
:1040B40009D3010000000000F1A3010058410200EF
:1040C4006DBE010000000000792F02000000000016
:1040D400672B02008041020035A201006C410200FE
:1040E400ADAA01009441020019A0010000000000E3
:1040F400DDAE0100000000002943010000000000C3
:10410400FD28010000000000D94201000000000069
:1041140005BF01000000000089D701000000000075
:10412400532C0200BC410200792C0200A841020079
:1041340001440100000000008DB1010000000000F6
:104144002C750200944C0200AC4C02001C080020A8
:10415400BC2A002074750200D84C0200E84C02000E
:1041640022080020642B0020557502000000000086
:10417400C84C02001E080020102B002065750200A8
:1041840000000000D04C02002008002000000000C5
:104194004D760200944D0200C84D0200280800200C
:1041A40094060020077602000C4D02007C4D0200AC
:1041B400240800202406002014760200444D020046
:0C41C4007C4D0200260800205C06002054
:1041D0008F2F0200AF2F020000000000E912020042
:1041E000944102002B2D0200CDCD0100AF2F020023
:1041F000DDCD0100AF2F020000000000E912020037
:104200004DC80100AF2F020000000000E9120200BB
:1042100000000000E912020000000000E9120200A4
:1042200000000000E912020000000000E912020094
:1042300000000000E9120200102B0020A5A20100DE
:1042400000000000E912020000000000E912020074
:1042500000000000E9120200000000006DAF010044
:1042600000000000E912020000000000E912020054
:1042700000000000E912020000000000E912020044
:1042800000000000E912020000000000E912020034
:1042900000000000E9120200000000005DBE010005
:1042A00000000000E912020000000000E912020014
:1042B00000000000E912020000000000E912020004
:1042C00000000000E912020000000000E9120200F4
:1042D00000000000E912020000000000E9120200E4
:1042E00000000000E912020000000000E9120200D4
:1042F00000000000E912020000000000E9120200C4
:0843000000000000E9120200B8
:104308009815002040330020000400001914010013
:104318000000000000000000000000000000000095
:0C4328000000000000000000CC54020067
:1043340005000000A978010000000000060000004C
:104344002D9B01000000000004000000E980010032
:044354000000000065
:10435800284B020008000000C84B020007000000BC
:08436800C0470200090000003B
:104370009678020000000000A27802000000000011
:10438000AB780200000000004C5702000300000060
:10439000E86C0200030000007A73020003000000D2
:1043A000856F020003000000C963020003000000E3
:1043B000E174020003000000186B0200030000001B
:1043C000596C020003000000D070020003000000DE
:1043D000E2770200030000004E78020003000000B4
:1043E000D0770200030000000E75020003000000F9
:1043F000E35C0200030000004775020003000000B8
:104400006B760200030000009076020003000000BB
:104410008275020003000000217602000300000004
:10442000FC5C020003000000005D020003000000CD
:10443000FD5D020003000000787802000300000028
:10444000DF62020003000000157502000300000097
:104450001D750200030000008C79020003000000BB
:104460003B630200030000005B76020003000000D3
:10447000C048020030290020DC5D0200010000007D
:10448000EC48020048290020EC5D02000100000019
:104490000000000000000001000000020000000415
:1044A0000000000800000010000000200000004094
:1044B000000000800000001B00000036316A02008E
:1044C000366A02003A6A02003E6A0200426A02004C
:1044D000466A02004A6A02004E6A0200526A0200FC
:1044E000566A02005A6A02005E6A0200626A0200AC
:1044F000666A02003DB10100E12D020075B10100C4
:10450000000000000000FE00540000000000000059
:104510000338FDD8704700000100000000000000D3
:10452000050000000000000019000000000000006D
:104530007D0000000000000071020000000000008B
:10454000350C000000000000093D000000000000E4
:104550002D31010000000000E1F505000000000021
:1045600065CD1D0000000000F9029500000000006C
:10457000DD0EE90200000000514A8D0E000000002F
:104580009573C24800000000E941CC6B01000000B7
:104590008D49FD1A07000000C16FF286230000005C
:1045A000C52EBCA2B1000000D9E9AC2D78030000F3
:1045B0003D9160E45811000031D6E275BC56000010
:1045C000F52E6E4DAEB10100C9EA2683677808006A
:1045D000ED95C28F055A2A00A1EDCCCE1BC2D300A7
:1045E00025A4000A8BCA220400000000000000007D
:1045F00000000000000000100000000000000000AB
:10460000B9340332B7F4AD1410DB1AB30892540E68
:104610000D307D951447BA1A66088F4D26ADC66DCC
:10462000F598BF85E2B74511CA96853D92BD1DEB51
:10463000FCA11860DCEF52163C92AE220BB8C1B45C
:10464000839D2D5B0562DA1C304C7E8F4E8BB25BF6
:1046500016F4529F8B56A512FBD4827643ED8AF056
:104660008FE7F9311565191850F19BD94A13EEB44B
:10467000284CF0A686C1251F035FC270CB9E491649
:10468000E642889C44EB2014B0650836AD6EA585E3
:1046900085F0CA14E2FD031A0B899979D5B13D0959
:1046A000D8DA973A35EBCF10AC363F5E73BB38CFD4
:1046B0003E6752FA44AFBA15010000000000000046
:1046C0000000000000000020345065C05FC9A65201
:1046D000BB13CBAEC440C21806C8DF7100D5A87C9E
:1046E000F56F0FDA58FC27136E4756357D24206589
:1046F00002C7E768E48CA41DE9E60268D7CD3961FA
:104700007977FCC2405BEF16798CDE43FFA751F945
:1047100091F3B278F5BDBE11E857E9D6E8BEE87B63
:10472000B054AC8F848D751BEA23A499E9F9D38B1F
:10473000B7A3714061DA3E15CEE33ECB73F948086A
:104740008C97B427D51B7010A2BFEFB9EB8532153B
:104750004DB44DB49BBB6F1996B6076CF8E7EEAD40
:1047600036D9B4F59135AE13222218AF4E6A684D92
:1047700091DAAA3D4F40741E9FBD9EE006A1C098ED
:1047800057C2A7FDA40E90170E7D497173E3208FC9
:10479000B220D87605143B12853D7434811343B0A2
:1047A000AD297A5F27F4351C07100000940700201C
:1047B00001010000A4070020090E0000E0540200DF
:1047C00034070020FF240200000000000B08002036
:1047D00000000100300700207326020000000000E6
:1047E0003805002000000100E9070020000000005B
:1047F0000000000000000000000001002C07002065
:10480000D1240200698E0100FC2800200000030072
:104810002807002073260200000000003005002059
:1048200000000100C7070020000000000000000099
:104830000000000000000200240700207326020090
:10484000000000002805002000000100A50700204E
:104850000000000000000000000000000000000058
:1048600020070020D1240200698E010010050020DD
:104870000000030098160020000100009D0D0200BA
:104880003F0D02000200000049320100000000005C
:10489000000000000000000000000000BC5D0200FD
:1048A000C45D0200000000000000000000000000E5
:1048B000CC5D0200D05D0200D45D0200D85D020034
:1048C0007533010069330100553301003D330100A8
:1048D000000000004933010000000000C133010066
:1048E000382900204F2D00201000000071340100F5
:1048F00065340100513401008B0E020000000000FD
:1049000045340100000000009534010050290020CA
:104910005F2D0020010000000000002000000000CA
:1049200000000B06020000002C49020000000000FD
:104930002C63020024000207000000203463020000
:104940001E000B117C4C02004C4902004600000086
:10495000F46D00207C4C02005C4902002D00000038
:10496000F07100207C4C02006C490200070000003E
:10497000D87200206A6A0200886A0200A36A0200F4
:10498000B36A0200C06A0200C96A0200D06A02006B
:10499000D76A0200C06A0200DE6A0200F06A020002
:1049A000056B02000E0300001D4C01000F04000007
:1049B000F14B01001A0100001D4601000504000032
:1049C000B1450100130100004D4C0100FF01000042
:1049D000151402003E010000394A010005040000E0
:1049E000C547010010010000094701000112000045
:1049F000A15301000A1E00002D150200030900004A
:104A0000A14D0100040B0000594A0100060A0000F4
:104A100081540100070A00003D4701000C05000019
:104A2000814701007C4C02002C4A02004600000035
:104A300000730020146F0200216F0200356F020026
:104A4000456F0200556F0200646F02007A6F02002A
:104A500045710200776F02007C4C0200604A020040
:104A60001F000000CC7300207C4C0200704A020042
:104A70001F0000004C740020D11902000F1A020020
:104A8000000000000000000000000000617901004B
:104A90000000000000000000000000000000000016
:104AA00071210200B1210200F521020071210200F2
:104AB000D7210200B12102000202010043220200BC
:104AC00004040100858A010006060100B98901007D
:104AD00008040100F18801000A0201002B220200F3
:104AE0000C040100132202000E040100AD87010036
:104AF000200401000587010010040100098601005F
:104B0000120201000321020016040100FD1A020036
:104B1000180101005B1E02001E0004009522020025
:104B2000520200002921020064070020FF24020035
:104B30000000000060070020000001005C0700206A
:104B40007326020000000000EC05002000000100B8
:104B500054070020000000000000000000000000DA
:104B60000000000050070020D1240200698E0100DF
:104B7000F4050020000003004C070020732602000B
:104B800000000000E40500200000010044070020B0
:104B900037250200699001000000000000000300BA
:104BA000400700207326020000000000DC05002002
:104BB0000000010038070020899301000000000078
:104BC000000000000000010090070020FF24020008
:104BD000000000008C070020000001008807002072
:104BE00073260200000000001C06002000000100E7
:104BF0008007002067250200000000000000000080
:104C0000000001007C070020732602000000000065
:104C10001406002000000100740700209125020006
:104C200000000000000000000000010070070020EC
:104C300073260200000000000C06002000000100A6
:104C400068070020418E0100000000000000000005
:104C50000000010000000000000000000000000053
:104C60000000000000000000A72802000000000073
:104C7000000000000000000000000000799B01001F
:104C800000000000FD280200399D0100099D01007F
:104C900000000000599E01007D9D01003B7502004F
:104CA000F99E01005B2B020041750200BD9E0100D0
:104CB000D92A02003B2B0200000000004F2A02000C
:104CC0000000000000000000DDA1010031A1010092
:104CD0006B2B020000000000FFFFFFFF00000050F0
:104CE000000000000000000065A40100892B020004
:104CF000972B0200AF2B0200BB2B0200C72B020038
:104D000019A30100E12B0200000000000040004058
:104D100001000000000000000000000000009801F9
:104D200000000101284D020000400040344D020007
:104D3000010000003C4D0200020000001E000C00BB
:104D40001F000B00003000400000000000000000C9
:104D5000000000000000980100000101604D020009
:104D6000003000406C4D020001000000744D020054
:104D7000020000001A000C001B000B0051A60100ED
:104D800000000000A9A601000000000000000000D3
:104D90008DA501000020004002000000000000007E
:104DA000A44D020000200040B04D020001000000B0
:104DB000B84D0200040000000600000008000100D9
:104DC0000500020007000300E32C0200B1AB010064
:104DD000D52C020051A90100C52C0200BA770200AF
:104DE00000000000000000007DB20100BD2D0200A7
:104DF000E52D0200F5FFFFFF3D7902004B7902002F
:104E00005F7902006E7902007A7902009440020014
:104E100094400200F44002000441020044410200B8
:104E200044410200512563FCC2CAB9F3849E17A70E
:104E3000ADFAE6BCFFFFFFFFFFFFFFFF0000000031
:104E4000FFFFFFFFAAAAAAAAAAAAAAAAAAAAAAAA6E
:104E50005555555555555555555555550000000056
:104E600055555555522563FCC2CAB9F3849E17A700
:104E7000ADFAE6BCFFFFFFFFFFFFFFFF00000000F1
:104E8000FFFFFFFF512563FCC2CAB9F3849E17A739
:104E9000ADFAE6BCFFFFFFFFFFFFFFFF00000000D1
:104EA000FFFFFFFF96C298D84539A1F4A033EB2D40
:104EB000817D0377F240A463E5E6BCF847422CE12C
:104EC000F2D1176BF551BF376840B6CBCE5E316B70
:104ED0005733CE2B169E0F7C4AEBE78E9B7F1AFE34
:104EE000E242E34F4B60D2273E3CCE3BF6B053CC80
:104EF000B0061D65BC86987655BDEBB3E7933AAA1C
:104F0000D835C65AFCFFFFFFFFFFFFFFFFFFFFFF83
:104F10000000000000000000000000000100000090
:104F2000FFFFFFFF00000000000000000000000085
:104F3000000000000000004095596959555554552E
:104F400015555556040515411054554045515544C5
:104F5000404550445055554500400040400444965B
:104F60006555565545404554514115405591555547
:104F7000555540510501000054455454455505040C
:104F80000010041014044000000001405555154164
:104F900054040000440001000000004041000044AF
:104FA00050444550540055555455655100400040FB
:104FB00001000001000501001154515154555505DF
:104FC0000000000000000000000000004932432003
:104FD000627573202573206973206E6F742072656B
:104FE0006164792028424D5035383120736F7572D5
:104FF000636529210A0D004932432062757320251B
:105000007320666F722050726573737572652069C4
:1050100073207265616479210A0D004661696C65CF
:105020006420746F20777269746520746F20493230
:105030004320646576696365206164647265737397
:10504000202578206174205265672E20257820283D
:10505000424D503538312043484950204944292099
:105060000A0D0050726573737572652073656E73F7
:105070006F7220636869702049442069733A202563
:1050800078200A0D004661696C656420746F207792
:105090007269746520746F204932432064657669B3
:1050A0006365206164647265737320257820617480
:1050B000205265672E2025782028424D5035383102
:1050C000204F535220505245535355524520454E80
:1050D00041424C4529200A0D00424D5035383120BF
:1050E0004F535220505245535355524520454E413F
:1050F000424C452066756C6C7920736574210A0DED
:10510000004661696C656420746F2077726974650C
:1051100020746F204932432064657669636520619D
:10512000646472657373202578206174205265670A
:105130002E2025782028424D5035383120534C45BB
:105140004550204F445229200A0D00424D50353819
:1051500031204F445220536C6565702066756C6C2D
:105160007920736574210A0D004661696C656420BD
:10517000746F20777269746520746F204932432000
:105180006465766963652061646472657373202564
:1051900078206174205265672E2025782028424DA2
:1051A0005035383120436F6E74696E756F7573209A
:1051B0004F445229200A0D00424D503538312043CA
:1051C0006F6E74696E756F7573204F4452206675EB
:1051D0006C6C7920736574210A0D004661696C65F9
:1051E0006420746F20777269746520746F2049326F
:1051F00043206465766963652061646472657373D6
:105200002025782028424D503538312920617420DE
:105210005265672E202578200A0D00446973636F5C
:105220006E6E65637465642028726561736F6E20AD
:105230002575290A00436F6E6E656374696F6E2071
:105240006661696C65642028657272202575290A7B
:1052500000436F6E6E65637465640A00436F756C1E
:10526000646E277420676574205050472076616C07
:105270007565210A0D005050472076616C75657385
:10528000207265747269657665642C204F46463AD3
:1052900020256420616E64204F4E3A202564200A48
:1052A0000D0058206178697320646174613A20258B
:1052B000642C2059206178697320646174613A20FC
:1052C000256420616E64205A2061786973206461CE
:1052D00074613A2025640A0D00436F756C646E2773
:1052E00074206765742070726573737572652076BB
:1052F000616C7565210A0D0074656D70657261746D
:105300007572652076616C75653A20256420616E42
:10531000642070726573737572652076616C756553
:10532000202564200A0D00436F756C646E2774207D
:10533000676574205643454C4C2064617461210AB2
:105340000D007663656C6C2076616C75653A20257E
:1053500066200A0D00436F756C646E2774206765C4
:105360007420534F432064617461210A0D00534F30
:10537000432076616C75653A202566200A0D00434E
:105380006F756C646E2774206C6F61642050504799
:105390002073656E736F72210A0D005050472073A1
:1053A000656E736F72206C6F61646564210A0D0015
:1053B000436F756C646E2774206C6F616420414389
:1053C000432073656E736F72210A0D0041434320C1
:1053D00073656E736F72206C6F61646564210A0D72
:1053E00000436F756C646E2774206C6F616420706D
:1053F000726573737572652073656E736F72210ABF
:105400000D0070726573737572652073656E736FCE
:1054100072206C6F61646564210A0D00436F756CC6
:10542000646E2774206C6F6164206675656C2067FC
:1054300061756765210A0D004675656C20676175A9
:105440006765206C6F61646564210A0D00426C75AC
:1054500065746F6F746820696E6974206661696C29
:1054600065642028657272202564290A00426C75E3
:1054700065746F6F746820696E697469616C697AAC
:1054800065640A004164766572746973696E6720A9
:105490006661696C656420746F2073746172742036
:1054A00028657272202564290A0041647665727449
:1054B0006973696E67207375636365737366756C72
:1054C0006C7920737461727465640A0073656E642C
:1054D0005F646174615F7468726561645F696400D0
:1054E00044524956455F475541524449414E00494F
:1054F000324320627573202573206973206E6F74A8
:1055000020726561647920284C4953324457313206
:10551000545220736F7572636529210A0D00493258
:10552000432062757320257320666F7220494D55A4
:10553000206973207265616479210A0D00466169F2
:105540006C656420746F20777269746520746F20B5
:1055500049324320646576696365206164647265DD
:10556000737320257820284C4953324457313254E4
:10557000522057484F20414D204929206174205224
:1055800065672E202578200A0D00494D5520446579
:10559000766963652049442069733A202578200A9A
:1055A0000D004661696C656420746F2077726974C0
:1055B0006520746F204932432064657669636520F5
:1055C0006164647265737320257820284C495332D6
:1055D000445731325452204354524C2032292061D6
:1055E00074205265672E202578200A004C495332DA
:1055F00044573132545220436F6E74726F6C2032B4
:10560000207375636365737366756C6C792077724C
:10561000697474656E210A0D004661696C656420C9
:10562000746F20777269746520746F20493243204B
:1056300064657669636520616464726573732025AF
:105640007820284C49533244573132545220435425
:10565000524C203129206174205265672E20257814
:10566000200A004C49533244573132545220436F80
:105670006E74726F6C20312073756363657373662B
:10568000756C6C79207772697474656E210A0D00EF
:105690004661696C656420746F2077726974652057
:1056A000746F2049324320646576696365206164C4
:1056B000647265737320257820284C49533244570F
:1056C00031325452204354524C20362920617420E8
:1056D0005265672E202578200A004C4953324457E2
:1056E0003132545220436F6E74726F6C20362073C7
:1056F00075636365737366756C6C79207772697412
:1057000074656E210A0D004661696C656420746FD2
:105710002077726974652F72656164204932432075
:1057200064657669636520616464726573732025BE
:105730007820284C49533244573132545229206141
:1057400074205265672E202578200D0A00493243C7
:1057500020627573202573206973206E6F74207228
:1057600065616479202842483137393020736F757C
:1057700072636529210A0D00493243206275732046
:10578000257320666F72205050472073656E736FCB
:1057900072206973207265616479210A0D00466187
:1057A000696C656420746F20777269746520746F0A
:1057B00020493243206465766963652061646472C0
:1057C000657373202578206174205265672E20252B
:1057D000782028505047204D616E7566616374755E
:1057E00072657220494429200A0D00505047204D0F
:1057F000616E7566616374757265722049442069D3
:10580000733A202578200A0D004661696C65642092
:10581000746F20777269746520746F204932432059
:1058200064657669636520616464726573732025BD
:1058300078206174205265672E20257820285050EA
:1058400047205061727420494429200A0D005050AD
:105850004720506172742049442069733A202578AA
:10586000200A0D004661696C656420746F207772B0
:1058700069746520746F20493243206465766963DA
:1058800065206164647265737320257820617420DB
:105890005265672E2025782028505047204D65619D
:1058A000737572656D656E7420636F6E74726F6C64
:1058B000203129200A0D00505047204D6561737535
:1058C00072656D656E7420636F6E74726F6C2031DB
:1058D0002066756C6C7920736574210A0D00466131
:1058E000696C656420746F20777269746520746FC9
:1058F000204932432064657669636520616464727F
:10590000657373202578206174205265672E2025E9
:10591000782028505047204D6561737572656D651C
:105920006E7420636F6E74726F6C203229200A0DC2
:1059300000505047204D6561737572656D656E74DA
:1059400020636F6E74726F6C20322066756C6C7998
:1059500020736574210A0D004661696C65642074CA
:105960006F20777269746520746F20493243206418
:105970006576696365206164647265737320257858
:10598000206174205265672E2025782028505047CA
:1059900020537461727429200A0D0050504720531F
:1059A000746172742066756C6C7920736574210A59
:1059B0000D004661696C656420746F2077726974AC
:1059C0006520746F204932432064657669636520E1
:1059D00061646472657373202578202850504720D5
:1059E00044617461204F4E20616E64204F46462012
:1059F0004D6561737572656D656E742920617420E3
:105A00005265672E202578200A0D00493243206216
:105A10007573202573206973206E6F742072656121
:105A2000647920284D4158313730343320736F75F5
:105A300072636529210A0D00493243206275732083
:105A4000257320666F72204675656C204761756707
:105A500065206973207265616479210A0D004661D1
:105A6000696C656420746F20777269746520746F47
:105A700020493243206465766963652061646472FD
:105A800065737320257820284D41583137303433E1
:105A90002056455253494F4E292061742052656764
:105AA0002E202578200A0D004D41583137303433EF
:105AB0002056455253494F4E2069733A202578208D
:105AC0000A0D004661696C656420746F2077726905
:105AD000746520746F20493243206465766963657C
:105AE000206164647265737320257820617420528C
:105AF00065672E20257820284D41583137303433C2
:105B000020524553455429200A0D004D4158313744
:105B10003034332052455345542066756C6C7920DF
:105B2000736574210A0D004661696C656420746FA9
:105B300020777269746520746F2049324320646550
:105B400076696365206164647265737320257820CB
:105B50006174205265672E20257820284D415831E8
:105B60003730343320515549434B2053544152541C
:105B700029200A0D004D415831373034332051551A
:105B800049434B2053544152542066756C6C792024
:105B9000736574210A0D000640004661696C6564F6
:105BA00020746F20777269746520746F20493243C6
:105BB000206465766963652061646472657373202F
:105BC000257820284D41583137303433205643450D
:105BD0004C4C204D4541535552454D454E5429207E
:105BE0006174205265672E202578200A0D004661D9
:105BF000696C656420746F20777269746520746FB6
:105C0000204932432064657669636520616464726B
:105C100065737320257820284D415831373034334F
:105C200020534F43204D4541535552454D454E5409
:105C300029206174205265672E202578200A0D00E6
:105C400028756E7369676E656429206368617220C8
:105C50002A207573656420666F7220252570206187
:105C60007267756D656E742E204974277320726596
:105C7000636F6D6D656E64656420746F206361731E
:105C80007420697420746F20766F6964202A206202
:105C9000656361757365206974206D617920636146
:105CA000757365206D69736265686176696F7220CE
:105CB000696E206365727461696E20636F6E6669D8
:105CC0006775726174696F6E732E20537472696E9A
:105CD000673A2225732220617267756D656E743A8A
:105CE00025640063627072696E74665F7061636BD5
:105CF000616765006C6F6767696E67006C6F67004E
:105D00006C6F675F6D676D74004D65737361676578
:105D1000202822257322292064726F707065642008
:105D20006265636175736520697420657863656574
:105D300064732073697A65206C696D697461746934
:105D40006F6E2028257529001B5B306D00257320A0
:105D5000005B2530386C755D20005B253032753A6C
:105D6000253032753A253032752E253033752C2585
:105D70003033755D20003C25733E200025732F00D5
:105D800025733A2000253032782000202020007C26
:105D900000256300206D657373616765732064720D
:105DA0006F70706564202D2D2D0D0A1B5B306D000A
:105DB0001B5B313B33316D2D2D2D20001B5B313BA7
:105DC00033316D001B5B313B33336D006572720004
:105DD00077726E00696E6600646267006C6F675F61
:105DE0006261636B656E645F727474006C6F675F91
:105DF0006261636B656E645F75617274006C6F677E
:105E00005F7561727400637C777BF26B6FC53001E4
:105E1000672BFED7AB76CA82C97DFA5947F0ADD45D
:105E2000A2AF9CA472C0B7FD9326363FF7CC34A531
:105E3000E5F171D8311504C723C31896059A0712E6
:105E400080E2EB27B27509832C1A1B6E5AA0523BD5
:105E5000D6B329E32F8453D100ED20FCB15B6ACB8C
:105E6000BE394A4C58CFD0EFAAFB434D338545F994
:105E7000027F503C9FA851A3408F929D38F5BCB63D
:105E8000DA2110FFF3D2CD0C13EC5F974417C4A7AF
:105E90007E3D645D197360814FDC222A908846EE56
:105EA000B814DE5E0BDBE0323A0A4906245CC2D34A
:105EB000AC629195E479E7C8376D8DD54EA96C56E3
:105EC000F4EA657AAE08BA78252E1CA6B4C6E8DDD9
:105ED000741F4BBD8B8A703EB5664803F60E613564
:105EE00057B986C11D9EE1F8981169D98E949B1E01
:105EF00087E9CE5528DF8CA1890DBFE6426841991C
:105F00002D0FB054BB1672302F61313A20203078FB
:105F100025303878202072312F61323A20203078B5
:105F200025303878202072322F61333A20203078A3
:105F3000253038780072332F61343A2020307825AC
:105F4000303878207231322F69703A20203078252D
:105F5000303878207231342F6C723A202030782516
:105F60003038780020787073723A202030782530ED
:105F70003878004661756C74696E6720696E737459
:105F800072756374696F6E206164647265737320E7
:105F9000287231352F7063293A20307825303878CF
:105FA000002A2A2A2A2A20425553204641554C5479
:105FB000202A2A2A2A2A002020537461636B696EE2
:105FC00067206572726F72002020556E7374616372
:105FD0006B696E67206572726F7200202050726567
:105FE00063697365206461746120627573206572F2
:105FF000726F7200202042464152204164647265F3
:1060000073733A2030782578002020496D707265CE
:1060100063697365206461746120627573206572C1
:10602000726F72002020496E737472756374696FA9
:106030006E20627573206572726F72002020466C4C
:106040006F6174696E672D706F696E74206C617A10
:1060500079207374617465207072657365727661FE
:1060600074696F6E206572726F72002A2A2A2A2A5A
:10607000205553414745204641554C54202A2A2A51
:106080002A2A0020204469766973696F6E2062793C
:10609000207A65726F002020556E616C69676E65AD
:1060A00064206D656D6F7279206163636573730041
:1060B00020204E6F20636F70726F636573736F7211
:1060C00020696E737472756374696F6E730020203B
:1060D000496C6C6567616C206C6F6164206F662031
:1060E0004558435F52455455524E20696E746F2097
:1060F0005043002020496C6C6567616C20757365A6
:10610000206F66207468652045505352002020415E
:106110007474656D707420746F2065786563757430
:106120006520756E646566696E656420696E73745A
:1061300072756374696F6E002A2A2A2A2A204D50CC
:1061400055204641554C54202A2A2A2A2A0020202C
:10615000537461636B696E67206572726F72202879
:10616000636F6E746578742061726561206D696714
:106170006874206265206E6F742076616C69642992
:10618000002020446174612041636365737320566D
:10619000696F6C6174696F6E0020204D4D464152ED
:1061A00020416464726573733A203078257800204A
:1061B00020496E737472756374696F6E20416363F6
:1061C0006573732056696F6C6174696F6E005265F8
:1061D00073657276656420457863657074696F6E67
:1061E00020280053707572696F757320696E74652D
:1061F00072727570742028495251200053505345D3
:106200004C20696E20746872656164206D6F6465EE
:1062100020646F6573206E6F7420696E64696361BA
:10622000746520505350002A2A2A2A2A20484152B5
:1062300044204641554C54202A2A2A2A2A0020204C
:10624000427573206661756C74206F6E207665638D
:10625000746F72207461626C6520726561640020E5
:10626000204465627567206576656E74002020465F
:1062700061756C7420657363616C6174696F6E2005
:10628000287365652062656C6F7729004152434829
:106290005F455843455054207769746820726561A2
:1062A000736F6E2025780A002A2A2A2A2A2044653C
:1062B000627567206D6F6E69746F722065786365B3
:1062C0007074696F6E202A2A2A2A2A002A2A2A2A0A
:1062D0002A20257320256429202A2A2A2A2A006DAB
:1062E000707500506172746974696F6E2025753A1B
:1062F0002073616E69747920636865636B206661E1
:10630000696C65642E004661696C656420746F2059
:10631000616C6C6F63617465206E6577204D5055BC
:1063200020726567696F6E2025750A00464C4153DF
:10633000485F30005352414D5F3000736F6300007F
:10634000FFFFFFFFFFFF00000000000000FFFFFF56
:10635000FFFFFF0000000000007075626C696300C1
:1063600072616E646F6D007075626C69632D696433
:106370000072616E646F6D2D696400253032583A89
:10638000253032583A253032583A253032583A259D
:106390003032583A253032582028257329003031C0
:1063A00032333435363738396162636465660042AA
:1063B000545F4C575F57510002FB349B5F800000D5
:1063C00080001000000000000062745F646174616E
:1063D00000756E6B6E6F776E00446174612062753C
:1063E00066666572206F766572666C6F7720286CC2
:1063F000696E6B2074797065203078253032782989
:1064000000556E61626C6520746F20616C6C6F6307
:106410006174652062756666657200436F756C64B1
:10642000206E6F74207375626D69742072785F7767
:106430006F726B3A20256400556E68616E646C65FE
:1064400064206576656E7420307825303278206C53
:10645000656E2025753A2025730048617264776166
:106460007265206572726F722C2068617264776148
:10647000726520636F64653A20256400556E616221
:106480006C6520746F206C6F6F6B757020636F6E1E
:106490006E20666F722068616E646C6520257500E1
:1064A000556E61626C6520746F206C6F6F6B207528
:1064B0007020636F6E6E20776974682068616E6407
:1064C0006C6520257500546F6F20736D616C6C20B6
:1064D00028257520627974657329206576656E7448
:1064E0002030782530327800574553545F544F5050
:1064F0004449522F7A65706879722F737562737987
:10650000732F626C7565746F6F74682F686F737426
:106510002F6863695F636F72652E63006275662D15
:106520003E6C656E203E3D2073697A656F66282A51
:106530006864722900415353455254494F4E2046D6
:1065400041494C205B25735D20402025733A25642A
:106550000A0041434C2064617461206C656E67746D
:1065600068206D69736D617463682028257520212A
:106570003D2025752900556E61626C6520746F2081
:1065800066696E6420636F6E6E20666F722068614C
:106590006E646C652025750062745F6863695F6571
:1065A00076745F6765745F666C6167732868647290
:1065B0002D3E657674292026202831554C203C3C00
:1065C000202831292900556E6B6E6F776E20627519
:1065D000662074797065202575006F70636F64653F
:1065E0002030782530347820706F6F6C20696420FB
:1065F000257520706F6F6C20257020213D20266846
:1066000063695F636D645F706F6F6C202570004F0E
:1066100070436F64652030782530347820636F6D67
:10662000706C6574656420696E7374656164206F55
:106630006620657870656374656420307825303431
:106640007800657674206E756D5F68616E646C6548
:106650007320283D25752920746F6F206C61726747
:106660006520282575203E20257529004E6F206362
:106670006F6E6E656374696F6E20666F72206861FD
:106680006E646C65202575007061636B65747320A2
:10669000636F756E74206D69736D617463680065F6
:1066A0007272203D3D20300009636F6D6D616E6434
:1066B000206F70636F6465203078253034782074E3
:1066C000696D656F757420776974682065727220D2
:1066D00025640A006F70636F64652030782530345C
:1066E00078207374617475732030782530327800A7
:1066F0004661696C656420746F2072656164204432
:106700004C45206D61782064617461206C656E0079
:106710004E6F2070656E64696E6720706572697077
:10672000686572616C20636F6E6E656374696F6E0D
:1067300000556E6578706563746564207374617468
:10674000757320307825303278004E6F2070656E7A
:1067500064696E6720636F6E6E20666F722070656D
:106760006572202573004661696C656420726561FD
:10677000642072656D6F74652066656174757265FD
:10678000732028256429004661696C6564204C45A6
:1067900020536574205048592028256429004661FB
:1067A000696C656420746F20736574206461746122
:1067B000206C656E202825642900556E61626C6529
:1067C00020746F2073656E6420746F206472697624
:1067D000657220286572722025642900556E636CED
:1067E00065617265642070656E64696E67207365AB
:1067F0006E745F636D6400556E6578706563746573
:1068000064206B5F706F6C6C206576656E742073AE
:1068100074617465202575006576745F666C6167C8
:10682000732026202831554C203C3C202830292933
:1068300000496E76616C69642062756620747970B7
:1068400065202575005B305D004964656E74697470
:106850007925733A202573004964656E74697479EB
:106860005B25645D3A202573004843493A207665EC
:106870007273696F6E202573202830782530327846
:1068800029207265766973696F6E203078253034FF
:10689000782C206D616E7566616374757265722007
:1068A000307825303478004C4D503A20766572733C
:1068B000696F6E20257320283078253032782920A2
:1068C00073756276657220307825303478004E6FAB
:1068D0006E2D4C452063617061626C6520636F6E44
:1068E00074726F6C6C657220646574656374656442
:1068F000210041434C2042522F454452206275668C
:1069000066657273206E6F7420696E697469616C5C
:10691000697A65640056656E646F72204843492049
:10692000657874656E73696F6E73206E6F74206125
:106930007661696C61626C6500485720506C6174C7
:10694000666F726D3A2025732028307825303478B0
:10695000290048572056617269616E743A20257388
:10696000202830782530347829004669726D7761A7
:1069700072653A2025732028307825303278292016
:1069800056657273696F6E2025752E2575204275C8
:10699000696C64202575004661696C656420746FBC
:1069A000207265616420737570706F727465642005
:1069B00076656E646F7220636F6D6D616E647300D7
:1069C0004661696C656420746F2072656164207330
:1069D0007570706F727465642076656E646F722076
:1069E0006665617475726573004E6F204843492077
:1069F0006472697665722072656769737465726521
:106A000064004254205458004254205258004843D5
:106A10004920647269766572206F70656E206661C8
:106A2000696C65642028256429005A65706879724C
:106A300000312E306200312E3100312E3200322EE4
:106A40003000322E3100332E3000342E3000342E00
:106A50003100342E3200352E3000352E3100352EE7
:106A60003200352E3300352E34005374616E64616C
:106A7000726420426C7565746F6F746820636F6E0A
:106A800074726F6C6C65720056656E646F72207301
:106A90007065636966696320636F6E74726F6C6C96
:106AA0006572004669726D77617265206C6F616412
:106AB00065720052657363756520696D6167650075
:106AC0007265736572766564006E52463531780082
:106AD0006E5246353278006E524635337800496E34
:106AE00074656C20436F72706F726174696F6E00B1
:106AF0004E6F726469632053656D69636F6E647570
:106B000063746F72004E58502053656D69636F6EE9
:106B1000647563746F72730062745F6863695F6346
:106B20006F7265004F6E6C792073746174696320B5
:106B300072616E646F6D206964656E74697479202A
:106B40006164647265737320737570706F727465BD
:106B50006400496E76616C696420696E707574209A
:106B6000706172616D6574657273004661696C6510
:106B70006420746F2072656164207075626C696353
:106B8000206164647265737300526561642053749C
:106B90006174696320416464726573736573206313
:106BA0006F6D6D616E64206E6F7420617661696CCB
:106BB00061626C65004661696C656420746F207267
:106BC00065616420737461746963206164647265D3
:106BD00073736573004E6F20737461746963206111
:106BE00064647265737365732073746F7265642077
:106BF000696E20636F6E74726F6C6C6572004361B6
:106C00006E27742073657420626F74682049444550
:106C10004E544954592026204E52504100556E6121
:106C2000626C6520746F20736574206964656E748E
:106C3000697479206164647265737300556E616272
:106C40006C6520746F207365742072616E646F6D63
:106C500020616464726573730062745F69640054D8
:106C60006F6F206269672061647665727469736909
:106C70006E672064617461004661696C65642074AC
:106C80006F207374617274206164766572746973C5
:106C90006572004661696C656420746F2073746F5F
:106CA00070206164766572746973696E673A202535
:106CB0006400436F6E74726F6C6C65722063616EFA
:106CC0006E6F7420726573756D6520636F6E6E658F
:106CD000637461626C65206164766572746973695E
:106CE0006E6720282564290062745F616476005510
:106CF0006E61626C6520746F20616C6C6F6361748F
:106D000065206275666665722077697468696E20B1
:106D100074696D656F757400556E65787065637420
:106D20006564206669727374204C3243415020665A
:106D300072616D6500556E65787065637465642079
:106D40004C3243415020636F6E74696E7561746993
:106D50006F6E004E6F7420656E6F75676820627588
:106D60006666657220737061636520666F72204C81
:106D700032434150206461746100556E65787065DE
:106D8000637465642041434C20666C6167732028FE
:106D9000307825303278290041434C206C656E20D4
:106DA0006D69736D6174636820282575203E202508
:106DB0007529006E6F7420656E6F75676820726F3D
:106DC0006F6D20696E20757365725F6461746120F8
:106DD0002564203C202564006E6F7420636F6E6E06
:106DE00065637465642100446973636F6E6E6563E7
:106DF000746564207768696C6520616C6C6F636191
:106E000074696E6720636F6E746578740028756EA0
:106E10006B6E6F776E29006E6F207472616E73698E
:106E200074696F6E20257300496E76616C69642009
:106E300028257529206F6C64207374617465006E59
:106E40006F2076616C696420282575292073746130
:106E50007465207761732073657400696E636F6D6C
:106E600070617469626C652068616E646C65202570
:106E70007500466F756E642076616C696420636F7F
:106E80006E6E656374696F6E20696E202573207362
:106E9000746174650053656E64204C4520706172A6
:106EA000616D20757064617465206661696C6564EC
:106EB0002028657272202564290053656E64206164
:106EC00075746F204C4520706172616D207570641F
:106ED000617465206661696C656420286572722042
:106EE00025642900574553545F544F504449522F4D
:106EF0007A65706879722F7375627379732F626C1B
:106F00007565746F6F74682F686F73742F636F6E1D
:106F10006E2E6300646973636F6E6E65637465647F
:106F200000646973636F6E6E6563742D636F6D705B
:106F30006C65746500636F6E6E656374696E672D52
:106F40007363616E00636F6E6E656374696E672D47
:106F50006175746F00636F6E6E656374696E672D23
:106F600061647600636F6E6E656374696E672D642D
:106F700069722D61647600646973636F6E6E656318
:106F800074696E670062745F636F6E6E00556E6148
:106F9000626C6520746F20616C6C6F636174652036
:106FA00062756666657220666F72206F7020307839
:106FB00025303278004E6F20617661696C61626CB9
:106FC00065204C3243415020636F6E7465787420A5
:106FD000666F7220636F6E6E20257000546F6F2095
:106FE000736D616C6C204C32434150207369676E45
:106FF000616C696E6720504455004C32434150200B
:107000006C656E677468206D69736D617463682068
:1070100028257520213D2025752900496E76616C53
:107020006964206964656E742076616C7565206999
:107030006E204C324341502050445500546F6F2015
:10704000736D616C6C204C4520636F6E6E207061B7
:1070500072616D207273700052656A656374696E47
:107060006720756E6B6E6F776E204C3243415020F7
:1070700050445520636F64652030782530327800A5
:10708000546F6F20736D616C6C204C324341502003
:107090005044552072656365697665640049676E82
:1070A0006F72696E67206461746120666F7220750B
:1070B0006E6B6E6F776E206368616E6E656C2049D3
:1070C000442030782530347800636F6E666967003D
:1070D00062745F6C3263617000556E61626C652032
:1070E000746F2063726561746520555549443A2078
:1070F00073697A6520257500556E61626C65207430
:107100006F2063726561746520555549443A207358
:10711000697A6520256400756E61626C6520746F04
:1071200020616C6C6F636174652062756620666FA8
:1071300072206572726F7220726573706F6E736504
:10714000004E6F7420636F6E6E65637465640055E6
:107150006E61626C6520746F2066696E64204154B4
:1071600054206368616E6E656C00415454206368FE
:10717000616E6E656C206E6F7420636F6E6E6563FA
:1071800074656400415454204D54552065786365FE
:10719000656465642C206D61782025752C207761ED
:1071A0006E74656420257A7500616C72656164791E
:1071B0002070726F63657373696E6720612052453A
:1071C000512F525350206F6E206368616E202570DE
:1071D00000556E61626C6520746F20616C6C6F632A
:1071E00061746520415454205458206D65746100C9
:1071F0004E6F20617661696C61626C652041545408
:1072000020636F6E7465787420666F7220636F6E92
:107210006E202570004E6F20617661696C61626C32
:107220006520415454206368616E6E656C20666F02
:107230007220636F6E6E202570004572726F72202F
:107240007369676E696E6720646174610052616E74
:10725000206F7574206F66205458206275666665CD
:107260007273206F7220636F6E74657874732E0072
:10727000546F6F20736D616C6C20415454205044E6
:107280005520726563656976656400556E68616E48
:10729000646C65642041545420636F6465203078C9
:1072A000253032780049676E6F72696E6720756E9F
:1072B0006578706563746564207265717565737453
:1072C0000049676E6F72696E6720756E65787065CC
:1072D0006374656420696E6469636174696F6E00CC
:1072E000496E76616C6964206C656E202575206638
:1072F0006F7220636F646520307825303278004EDD
:107300006F20415454206368616E6E656C20666F17
:1073100072204D545520257A7500415454206368DD
:10732000616E6E656C202570204D545520746F6F12
:1073300020736D616C6C20666F7220525350202850
:107340002575203C20257529004E6F2070656E64E0
:10735000696E6720415454207265717565737400BD
:107360004154542054696D656F757420666F7220A6
:107370006465766963652025730062745F61747467
:10738000004E6F20737061636520746F2073746F9B
:107390007265204343432063666700756E61626CCB
:1073A0006520746F20736176652053433A206E6FB9
:1073B00020636667206C656674004E6F2073706191
:1073C000636520746F2073746F726520436C696508
:1073D0006E7420537570706F7274656420466561B9
:1073E000747572657300556E61626C6520746F20F0
:1073F00073657475702041455320434D41430055DA
:107400006E61626C6520746F2063616C63756C6182
:1074100074652068617368004C696E6B2069732025
:107420006E6F7420656E6372797074656400446574
:1074300076696365206973206E6F7420737562735B
:1074400063726962656420746F206368617261634E
:107450007465726973746963004E6F206275666645
:10746000657220617661696C61626C6520746F2061
:1074700073656E6420696E6469636174696F6E0020
:10748000434343202570206E6F74207772697461C6
:10749000626C6500534320726573746F7265206976
:1074A0006E6469636174696F6E206661696C65649E
:1074B000004E6F2062756666657220617661696C48
:1074C00061626C6520746F2073656E64206E6F74EA
:1074D000696669636174696F6E0062742F636363C8
:1074E0000062745F67617474004E6F206176616939
:1074F0006C61626C6520534D5020636F6E746578CB
:107500007420666F7220636F6E6E20257000627447
:107510005F736D70006E65745F627566006E657492
:107520005F6275665F73696D706C6500636C6F6335
:107530006B403430303030303030006866636C6B14
:10754000006C66636C6B00636C6F636B5F636F6E84
:1075500074726F6C0072616E646F6D4034303030E5
:107560006430303000656E74726F70795F62745F82
:10757000686369006770696F403530303030303093
:107580003000693263004661696C656420746F2065
:10759000696E697469616C697A652064657669638E
:1075A000653A20257300756E737570706F7274651F
:1075B00064207370656564004572726F72206F6E2F
:1075C00020493243206C696E65206F636375727267
:1075D000656420666F72206D657373616765202531
:1075E00064004572726F7220307825303858206FF1
:1075F0006363757272656420666F72206D65737364
:10760000616765202564006932634034303030346E
:107610003030300069326340343030303330303015
:10762000006932635F6E7266785F747769004661E5
:10763000696C656420746F20616C6C6F6361746544
:1076400020505049204368616E6E656C0075617210
:107650007440343030303230303000756172745FD5
:107660006E7266785F756172746500646B5F6275D7
:1076700074746F6E735F616E645F6C6564730052E7
:107680006573657474696E672073797374656D00D2
:10769000666174616C5F6572726F7200536F6674BD
:1076A00044657669636520436F6E74726F6C6C65B8
:1076B00072204153534552543A2025732C2025649F
:1076C00000416C6C6F6361746564206D656D6F72F1
:1076D0007920746F6F206C6F773A202575203C20DD
:1076E000257500536F667444657669636520436F42
:1076F0006E74726F6C6C6572206275696C64207256
:1077000065766973696F6E3A2000456E74726F70AA
:107710007920736F7572636520646576696365208F
:107720006E6F74207265616479004661696C65648E
:1077300020746F2072656769737465722072616E60
:107740006420736F757263652028256429004E6F6D
:10775000206576656E742062756666657220617656
:1077600061696C61626C65004E6F206461746120B8
:1077700062756666657220617661696C61626C65CE
:1077800000556E6578706563746564206D73675F1E
:10779000747970653A2025752E20546869732069C4
:1077A000662D656C7365206E656564732061206E5F
:1077B0006577206272616E636800536F667444651A
:1077C0007669636520436F6E74726F6C6C657200CE
:1077D00062745F7364635F6863695F64726976652E
:1077E000720062745F7364635F63727970746F00B8
:1077F0007075626C6963206B6579206973206E6FA8
:10780000742076616C696420286572722025642971
:1078100000556E6B6E6F776E20636F6D6D616E6479
:107820000042542043544C522045434448003F49B1
:10783000F6D4A3C55F3874C9B3E3D2103F504AFFF2
:10784000607BEB40B7995899B8A6CD3C1ABD6274DD
:107850005F7364635F65636468004D50534C2041FF
:1078600053534552543A2025732C202564004D5023
:10787000534C20576F726B006D70736C5F696E694B
:10788000740000000000010000000101000001017F
:107890000101000000004E5246585F4750494F54C6
:1078A00045004E5246585F505049004E5246585F70
:1078B000545749005465726D696E616C0000000098
:1078C0000000005454522052454747455300556E1E
:1078D0006B6E6F776E206572726F72003E3E3E2057
:1078E0005A455048595220464154414C2045525225
:1078F0004F522025643A202573206F6E2043505547
:10790000202564004661756C7420647572696E6729
:1079100020696E746572727570742068616E646C33
:10792000696E670A0043757272656E7420746872BE
:107930006561643A2025702028257329004350553D
:1079400020657863657074696F6E00556E68616E4E
:10795000646C656420696E7465727275707400532E
:107960007461636B206F766572666C6F77004B6530
:10797000726E656C206F6F7073004B65726E656C14
:107980002070616E6963006D61696E006F730073D2
:107990007973776F726B71002A2A2A20426F6F7495
:1079A000696E67206E524620436F6E6E6563742069
:1079B00053444B2076322E352E30202A2A2A0A00B4
:1079C00000202020202020202020282828282820AF
:1079D00020202020202020202020202020202020A7
:1079E000208810101010101010101010101010100F
:1079F00010040404040404040404041010101010FF
:107A000010104141414141410101010101010101C8
:107A1000010101010101010101010101101010101A
:107A2000101042424242424202020202020202029A
:107A300002020202020202020202020210101010EE
:107A40002000000000000000000000000000000016
:107A50000000000000000000000000000000000026
:107A60000000000000000000000000000000000016
:107A70000000000000000000000000000000000006
:107A800000000000000000000000000000000000F6
:107A900000000000000000000000000000000000E6
:107AA00000000000000000000000000000000000D6
:107AB00000000000000000000000000000000000C6
:0C7AC000006E616E00286E756C6C290071
:107ACC005D4000000000000000000000000000000D
:107ADC00000000000000000000000000000000009A
:107AEC000000000000000000FFFFFFFFFF1F000070
:107AFC0000000000000000001F000000000000005B
:107B0C000000000000000000000000000000000069
:107B1C000000000000000000000000000000000059
:107B2C000000000000000000000000000000000049
:107B3C000000000000000000000000000000000039
:107B4C000000000000000000000000000000000029
:107B5C000000000000000000000000000000000019
:107B6C000000000000000000000000000000000009
:107B7C0000000000000000000000000000000000F9
:107B8C0000000000000000000000000000000000E9
:107B9C0000000000000000000000000000000000D9
:107BAC0000000000000000000000000000000000C9
:107BBC0000000000000000000000000000000000B9
:107BCC0000000000000000000000000000000000A9
:107BDC000000000000000000000000000000000099
:107BEC000000000000000000000000000000000089
:107BFC000000000000000000000000000000000079
:107C0C000000000000000000000000000000000068
:107C1C000000000000000000000000000000000058
:107C2C000000000000000000000000000000000048
:107C3C000000000000000000000000000000000038
:107C4C000000000000000000000000000000000028
:107C5C000000000000000000000000000000000018
:107C6C000000000000000000000000000000000008
:107C7C0000000000000000000000000000000000F8
:107C8C0000000000000000000000000000000000E8
:107C9C0000000000000000000000000000000000D8
:107CAC0000000000000000000000000000000000C8
:107CBC0000000000000000000000000000000000B8
:107CCC0000000000000000000000000000000000A8
:107CDC000000000000000000000000000000000098
:107CEC000000000000000000000000000000000088
:107CFC000000000000000000000000000000000078
:107D0C000000000000000000000000000000000067
:107D1C000000000000000000000000000000000057
:107D2C000000000000000000000000000000000047
:107D3C000000000000000000000000000000000037
:107D4C000000000000000000000000000000000027
:107D5C00000000000000000071770000000000002F
:107D6C006705010000000000BB05010000000000D9
:107D7C008977000000000000DD0501000000000014
:107D8C000000000000000000008000400000000027
:107D9C00000000000C00000000000000C08D00007E
:107DAC0000000000000000000000000000000000C7
:107DBC0000000000000000000000000000000000B7
:107DCC0000000000000000000000000000000000A7
:107DDC000000000000000000000000000000000097
:107DEC000000000000000000000000000000000087
:107DFC000000000000000000000000000000000077
:107E0C000000000000000000000000000000000066
:107E1C000000000000000000000000000000000056
:107E2C0000000000000000FFFFFFFF1F000000002B
:107E3C0000000000000000FF7F00000000000000B8
:107E4C000000000000000000000000000000000026
:107E5C000000000000000000000000000000000016
:107E6C000000000000000000000000000000000006
:107E7C0000000000000000000000000000000000F6
:107E8C0000000000000000000000000000000000E6
:107E9C0000000000000000000000000000000000D6
:107EAC0000000000000000000000000000000000C6
:107EBC0000000000000000000000000000000000B6
:107ECC0000000000000000000000000000000000A6
:107EDC000000000000000000000000000000000096
:107EEC000000000000000000000000000000000086
:107EFC000000000000000000000000000000000076
:107F0C000000000000000000000000000000000065
:107F1C00415E0100000000000000000000000000B5
:107F2C000000000000000000000000000000000045
:107F3C000000000000000000000000000000000035
:107F4C000000000000000000000000000000000025
:107F5C000000000000000000000000000000000015
:107F6C000000000000000000000000000000000005
:107F7C0000000000000000000000000000000000F5
:107F8C0000000000000000000000000000000000E5
:107F9C0000000000000000000000000000000000D5
:107FAC00000000000000000001140100F5130100A6
:107FBC0000000000000000000000000000000000B5
:107FCC000500000020030000210300000000000059
:107FDC00000000000000000000000000F91B010080
:107FEC000000000000000000B60700200000100098
:107FFC00D807002000000800FA070020000022002B
:10800C00F30202005F0D02000000000011130200D9
:10801C000000000000000000000000000000000054
:10802C000000000000040000CC0400200000000050
:10803C000000000000000000000000000000000034
:10804C000000000000000000000000000000000024
:10805C00000000000000000081480100000000004A
:10806C0000000000A4050020A40500200000000072
:10807C0000000000097E0100358C010000000000AA
:10808C000000000000000000098301004D200200E8
:10809C00791F0200A17B0100000000003C070020BA
:1080AC00000002004807002000000A0058070020CA
:1080BC000000200000000000000000000000000094
:1080CC0000000000E3250200000000006C07002007
:1080DC000000020078070020000002008407002046
:1080EC0000000200240600202406002001000000ED
:1080FC000100000034060020340600203C0600205D
:10810C003C06002000000000010000004C0600208E
:10811C004C06002000000000000000005C0600205F
:10812C005C06002001000000010000006C0600202D
:10813C006C0600207406002074060020000000006D
:10814C0001000000840600208406002000000000CE
:10815C00000000000000000000C20100000103004C
:10816C0000000000042E0020032E00200000000060
:10817C0000000000000000000000000000000000F3
:10818C0000000000000000000000000000000000E3
:10819C0000000000000000000000000000000000D3
:1081AC0000000000000000000000000000000000C3
:1081BC0000000000000000000000000000000000B3
:1081CC00FF0000000000000000000000FFFF0100A5
:1081DC0010070020100700201807002018070020A7
:1081EC0000000229000003280000032800000229D7
:1081FC00000003280000002800002A2B00002A2B76
:10820C00000003280000292B0000292B0000032864
:10821C00000002290000052A0000052A000003289E
:10822C0000000118000000280000042A0000042AA5
:10823C00000003280000012A0000012A0000032886
:10824C000000002A0000002A00000328000000188B
:10825C000000002878A57C210178ECA6AB080AFB6D
:10826C00BAE5B76A060278A57C210178ECA6AB08C2
:10827C000AFBBBE5B76A0278A57C210178ECA6ABBA
:10828C00080AFBBBE5B76A0223D1BCEA5F78231569
:10829C00DEEF1212251500000223D1BCEA5F782311
:1082AC0015DEEF1212251500000223D1BCEA5F780F
:1082BC002315DEEF1212241500000223D1BCEA5F55
:1082CC00782315DEEF1212241500000278A57C210C
:0C82DC000178ECA6AB080AFBBAE5B76A13
:0E82E800000000000000000000000000000088
:0282F600FFFF88
:1082F8000000000000000000000000000000000076
:108308000000000000000000000000000000000065
:108318000000000000000000000000000000000055
:108328000000000000000000000000000000000045
:048338000000000041
:10833C007008002070080020010000002C000000D4
:10834C000C75002000000000000000008C080020CC
:10835C008C08002001000000A8000000406D0020E7
:10836C000000000000000000A8080020A808002061
:10837C000300000010000000387500200000000011
:04838C0000000000ED
:10839000C4080020C4080020000000000000000005
:1083A0000E000000D8080020D808002000000000BF
:0883B000000000000E000000B7
:1083B800EC080020EC08002000000000010000008C
:0883C800FC080020FC08002065
:1083D00000000000000000000C0900200C09002033
:1083E0001409002014090020000000000000000013
:1083F00024090020240900202C0900202C09002039
:1084000000000000000000003C0900203C090020A2
:108410004409002044090020030003000800000074
:1084200000000000684A0200AC7400200000000058
:108430000000000068090020680900207009002081
:108440007009002003000300080000000000000085
:108450005449020078720020000000000000000073
:1084600094090020940900209C0900209C09002008
:10847000020002000800000000000000584A02004C
:108480000C7400200000000000000000C009002063
:10849000C0090020C8090020C8090020020002000D
:1084A0000800000000000000244A02008C73002035
:1084B0000000000000000000EC090020EC09002092
:1084C000F4090020F40900200A000A000800000056
:1084D0000000000044490200B070002000000000CD
:1084E00000000000180A0020180A0020200A0020BE
:1084F000200A002001000100080000000000000028
:0885000064490200E072002052
:0485080015E015E085
:0400000310003F7931
:00000001FF
